Date,Open,High,Low,Close,Change,Traded Volume,Turnover,Last Price of the Day,Daily Traded Units,Daily Turnover
2009-03-09,23.84067549855117,24.9588062666831,23.84067549855117,24.33847427368164,,2628300,63968811.933517456,,,
2009-03-10,25.39533760921165,26.268397606426237,25.357046067860672,25.870159149169922,,2930900,75822849.45030212,,,
2009-03-11,25.97737696141574,26.299032340029957,25.62509010220852,25.847185134887695,,3813300,98563071.07486725,,,
2009-03-12,25.602115375200537,25.900793487042826,25.24216846018171,25.80889320373535,,4564000,117791788.58184814,,,
2009-03-13,25.494898060530318,25.83186771586868,25.28812023062132,25.67104148864746,,1427600,36647978.829193115,,,
2009-03-16,26.383278593180638,26.513470435046713,25.709336275961377,25.770605087280273,,2848200,73399837.40959167,,,
2009-03-17,26.00800459498773,26.590046396641377,25.755278147486596,26.559412002563477,,2542100,67516681.25171661,,,
2009-03-18,26.582392054670382,28.137054291745745,26.452200234022886,27.769447326660156,,2892600,80325903.33709717,,,
2009-03-19,28.94884675419878,29.132650244963774,28.711437442054994,28.88758087158203,,4777800,138019083.88824463,,,
2009-03-20,28.604221695458577,28.73441646460025,27.455457725015133,27.63926124572754,,3645000,100745107.24067688,,,
2009-03-23,28.006862974568918,28.7420711517334,27.60862448157376,28.7420711517334,,2975800,85530655.33332825,,,
2009-03-24,28.527634036946882,28.765046271260896,27.98388654571458,28.12173843383789,,1780600,50073567.45529175,,,
2009-03-25,28.550606738289844,29.0177711188299,27.838372997705367,28.359146118164062,,2214700,62807000.90789795,,,
2009-03-26,28.20598187391814,29.19391652052302,28.0221783806792,28.925872802734375,,1724800,49891345.41015625,,,
2009-03-27,27.172091414711943,27.50140392179587,26.980630790661163,27.049556732177734,,3533400,95576903.7574768,,,
2009-03-30,26.406250626948168,26.613028464876056,26.06928095854205,26.490493774414062,,1869000,49510732.86437988,,,
2009-03-31,26.896386074653634,27.539693850675807,26.743217000085096,27.026580810546875,,1718500,46445179.122924805,,,
2009-04-01,26.689613598235145,27.54735941872446,26.582396101038402,27.363555908203125,,1997500,54658702.92663574,,,
2009-04-02,27.953253151598734,28.772704448627632,27.71584090872347,28.244274139404297,,2462500,69551525.06828308,,,
2009-04-03,27.876668849102266,28.665485708492362,27.86135164815347,28.64251136779785,,2227200,63792601.318359375,,,
2009-04-06,28.236611208490007,28.504657827360372,28.03749345061982,28.435731887817383,,2273600,64651480.0201416,,,
2009-04-07,28.190664855323096,28.389782629619276,27.960909756921627,28.09110450744629,,2485600,69823249.3637085,,,
2009-04-08,28.74972778074087,29.354744049095643,28.565924297667767,29.03308868408203,,1781200,51713737.564086914,,,
2009-04-09,29.62278651440438,29.737664051707583,29.12498774803334,29.5615177154541,,1779700,52610633.078193665,,,
2009-04-13,29.155627654007716,30.074639361631775,28.864606646944264,29.8831787109375,,1189800,35555006.03027344,,,
2009-04-14,29.339428463993045,29.829567217229442,29.301134000212304,29.62278938293457,,1161200,34397983.03146362,,,
2009-04-15,29.370055000887103,30.021022796630863,29.255180393254854,30.02102279663086,,1848400,55490858.53729248,,,
2009-04-16,29.416007830946242,30.633697420259853,29.408350692032275,30.066972732543945,,2217700,66679525.42896271,,,
2009-04-17,29.446644610490264,29.7989314581585,29.20923238456222,29.52322769165039,,1620300,47836485.82878113,,,
2009-04-20,28.97948286265468,29.025434468416073,28.63485312308811,28.71143913269043,,1897000,54465600.034713745,,,
2009-04-21,28.642510673445386,29.41601031313549,28.611876272290434,29.32411003112793,,1626200,47686867.73262024,,,
2009-04-22,29.285818303966966,29.998049136812806,29.201575162055825,29.592153549194336,,1800300,53274754.03461456,,,
2009-04-23,30.63370343388185,30.809846878051754,30.151221786790078,30.809846878051758,,3247700,100061139.7058487,,,
2009-04-24,31.33061988524363,31.859050214634767,31.08555049293549,31.828418731689453,,2481300,78975855.39894104,,,
2009-04-27,30.871112926497766,31.42251755240581,30.42692286412956,30.549457550048828,,2485900,75942896.52366638,,,
2009-04-28,29.837219676293536,31.085543626109295,29.798928139977324,30.89408302307129,,5605300,173170603.5692215,,,
2009-04-29,29.523231599554265,30.250782652708406,29.339431011857897,29.45430564880371,,7504800,221048673.0331421,,,
2009-04-30,29.43132696118405,29.661079122618343,29.063722918597733,29.170940399169922,,3614300,105432529.88471985,,,
2009-05-01,29.170945832518466,29.170945832518466,28.512320704663384,28.749732971191406,,2689700,77328156.77261353,,,
2009-05-04,29.354749067996234,30.12824882983772,29.33943186499986,29.898496627807617,,2832300,84681511.99893951,,,
2009-05-05,29.285819034496402,29.53088840537442,28.864603314433552,29.477279663085938,,3051000,89935180.2520752,,,
2009-05-06,29.270502955219087,29.38537758390016,28.772704133228746,29.278160095214844,,1655400,48467066.22161865,,,
2009-05-07,29.32410374731252,29.4313212069221,28.41274949771779,28.719087600708008,,2703700,77647797.14603424,,,
2009-05-08,29.82190338689843,30.189507405366705,29.42366496986021,30.066972732543945,,3012700,90582768.75133514,,,
2009-05-11,30.41160590225817,30.955353392707988,30.066976182445828,30.595409393310547,,3619900,110752322.46284485,,,
2009-05-12,30.940036377799736,30.940036377799736,30.350337336356144,30.649015426635742,,1532200,46960421.436691284,,,
2009-05-13,31.16212765129634,31.185104910953992,30.694966219627393,30.832815170288086,,3159200,97407029.68597412,,,
2009-05-14,30.978329486272926,31.261690391224917,30.909403544910845,31.054912567138672,,2613200,81152697.52044678,,,
2009-05-15,30.529219367507817,31.058808094105768,30.427973677475777,30.568159103393555,,2245200,68631630.81893921,,,
2009-05-18,31.6429129133663,31.81424834473238,31.549453982535997,31.77530860900879,,3711600,117937235.43319702,,,
2009-05-19,31.93885929687367,32.28153612305086,31.759734124513585,32.02452850341797,,2401500,76906905.20095825,,,
2009-05-20,32.25816951222891,32.608633093427635,31.97780161818148,32.079044342041016,,1936900,62133900.98609924,,,
2009-05-21,31.81425148758892,32.14135183598566,31.705219028427237,32.11798858642578,,1704500,54745111.545562744,,,
2009-05-22,32.39835103797923,32.77218079345428,32.11798317773974,32.4840202331543,,2167600,70412362.25738525,,,
2009-05-26,32.180288810407525,33.371861970160275,32.172502051527225,33.3017692565918,,2050400,68281947.68371582,,,
2009-05-27,32.8266986872787,32.93573113363747,32.22701726139416,32.2581672668457,,2322500,74919593.47724915,,,
2009-05-28,32.88900247804878,33.15379684182367,32.43729619332188,33.060340881347656,,1541900,50975739.60494995,,,
2009-05-29,33.44975150368195,33.76127243041992,33.15380409800562,33.76127243041992,,1912000,64551552.88696289,,,
2009-06-01,33.98711896366274,34.477767945072806,33.93260274027399,34.220760345458984,,2764500,94603291.97502136,,,
2009-06-02,34.477770305008846,35.061875284935994,34.39988785847163,34.94505310058594,,2795000,97671423.4161377,,,
2009-06-03,34.04941897863174,34.322000048039115,33.94817330817578,34.25190734863281,,1569400,53754943.392944336,,,
2009-06-04,33.58213407775018,33.79241218067863,33.169367600285575,33.73789596557617,,3110500,104941725.40092468,,,
2009-06-05,33.30956172228111,33.40301769107799,32.72545671820515,32.92015838623047,,2835200,93335233.05664062,,,
2009-06-08,32.65536621776283,33.387443469753386,32.51518076958627,33.13822555541992,,1887200,62538459.26818848,,,
2009-06-09,33.14600330061801,33.55098300769514,33.075910601875606,33.34849166870117,,1030500,34365620.66459656,,,
2009-06-10,33.07591776579587,33.10706777238643,32.33605089013609,32.748817443847656,,2481200,81256365.8416748,,,
2009-06-11,32.593058426584115,33.138223697719006,32.56190841722259,32.86564254760742,,1929700,63420830.42411804,,,
2009-06-12,31.985582829448408,32.359409594249485,31.946643098494114,32.31268310546875,,1929300,62340859.51538086,,,
2009-06-15,31.73637211713235,31.767525097260002,31.019871399666613,31.331392288208008,,1988900,62315006.12201691,,,
2009-06-16,31.63512459205073,31.681854059546247,30.926410675048825,30.926410675048828,,1505000,46544248.06594849,,,
2009-06-17,31.362536344404198,31.47156877291506,30.98091987370532,31.24571418762207,,3109900,97171046.55208588,,,
2009-06-18,31.199003743728596,31.510524703809224,31.09775802051901,31.13669776916504,,1754700,54635563.575553894,,,
2009-06-19,31.370322397026726,31.51829752174793,31.175620787371077,31.20677375793457,,1231200,38421779.85076904,,,
2009-06-22,30.684978013931484,30.755070719425316,30.342301244445604,30.357877731323242,,1721300,52255014.9389267,,,
2009-06-23,30.64603950951205,30.980926595980065,30.45133785323583,30.83295440673828,,1289100,39746761.52572632,,,
2009-06-24,31.16005651942443,31.736374817170628,30.91862833017439,31.097753524780273,,2306700,71733188.05561066,,,
2009-06-25,30.677190898122372,31.339178277710257,30.669404139475827,31.18341636657715,,2206200,68796853.1879425,,,
2009-06-26,31.01987905464474,31.16006155798951,30.70835511831485,30.9342098236084,,1251700,38720350.43621063,,,
2009-06-29,31.13668187893144,31.68184699449452,31.012072964309386,31.627330780029297,,1795200,56777384.216308594,,,
2009-06-30,31.57282176099844,31.728583682501814,31.12111248572981,31.30023765563965,,1319600,41303793.61038208,,,
2009-07-01,31.401480416746605,31.74415423531241,31.33917743651249,31.440420150756836,,1259900,39611785.34793854,,,
2009-07-02,30.918627537523665,30.926414297562573,30.52922417551685,30.684986114501953,,1194600,36656284.41238403,,,
2009-07-06,30.100878933538784,30.373460079218383,29.968480254986073,30.33452033996582,,1007500,30562029.242515564,,,
2009-07-07,30.108666194665975,30.139819174951732,29.423315482937902,29.493408203125,,1382400,40771687.5,,,
2009-07-08,30.318939076696783,30.505850984046507,29.921746074484012,30.342302322387695,,1757600,53329630.56182861,,,
2009-07-09,31.533882023350483,31.650701236294353,31.09774923732335,31.30023765563965,,1910600,59802234.06486511,,,
2009-07-10,31.012082955147758,31.471579032893427,30.90305049109147,31.16005516052246,,1348400,42016218.37844849,,,
2009-07-13,31.46379106770537,32.01674309761557,31.292452647373647,31.96222686767578,,1050100,33563534.43374634,,,
2009-07-14,31.526093101877755,31.76752423494596,31.30023845845056,31.57282257080078,,1001500,31620181.804656982,,,
2009-07-15,32.468448408774485,32.94352094412909,32.32826297306619,32.88121795654297,,1301900,42808057.65762329,,,
2009-07-16,32.92015254887746,33.270616083361695,32.670934695668926,33.200523376464844,,989300,32845277.77633667,,,
2009-07-17,33.15379454264298,33.47310510879431,32.99024588042403,33.38743591308594,,892300,29791609.065246582,,,
2009-07-20,33.62108629041658,33.79242472773385,33.32514186166566,33.72233200073242,,911500,30737905.618667603,,,
2009-07-21,33.87809136408785,34.21297848191155,33.09928466606284,34.2051887512207,,2292900,78429077.28767395,,,
2009-07-22,34.25191091691436,34.711406889578,34.14287847779268,34.55564498901367,,1938900,66999940.06919861,,,
2009-07-23,34.30643809278677,35.35003929767408,34.30643809278677,35.116397857666016,,2685000,94287528.24783325,,,
2009-07-24,34.93726778388967,35.17869595084433,34.61795716718216,35.1319694519043,,993700,34910638.0443573,,,
2009-07-27,35.0385075275652,35.373391606390854,34.71919696513138,35.163116455078125,,824900,29006054.763793945,,,
2009-07-28,34.64131723363375,34.968417550716765,34.259703663100204,34.66468048095703,,2809000,97373087.4710083,,,
2009-07-29,34.999565389458056,35.11638756066295,34.672468063542304,34.95283889770508,,1840300,64323709.423446655,,,
2009-07-30,35.67713409103905,36.48709075788691,35.52915892455875,35.99644470214844,,1918100,69044780.58319092,,,
2009-07-31,36.32354196637041,36.962163186720794,36.27681546838629,36.798614501953125,,1638300,60287170.138549805,,,
2009-08-03,36.89986753856739,37.40609018319108,36.6895893430792,37.3515739440918,,1476600,55153334.08584595,,,
2009-08-04,37.56184228822101,37.7487571810479,37.35935387766069,37.63972473144531,,1104500,41573075.96588135,,,
2009-08-05,37.49953969993387,37.522902947691776,36.899858249885376,37.32820129394531,,646100,24117750.856018066,,,
2009-08-06,37.54626092702812,37.54626092702812,36.751877934699515,36.993309020996094,,837900,30996693.628692627,,,
2009-08-07,37.21138413942006,37.32820633581153,36.907649993896484,36.907649993896484,,591600,21834565.73638916,,,
2009-08-10,36.78304086296684,36.86871007712583,36.518246460526264,36.80640411376953,,450400,16577604.412841797,,,
2009-08-11,36.40921128582238,36.52603347296507,36.16778015215291,36.39363479614258,,583400,21232046.54006958,,,
2009-08-12,36.28460502057642,36.876496817589036,36.27681826061693,36.666221618652344,,724400,26561010.940551758,,,
2009-08-13,36.93102035349616,36.98553956764171,36.6895921251531,36.96996307373047,,523600,19357472.665405273,,,
2009-08-14,36.72073504850347,36.751885056875864,36.27681549189688,36.54160690307617,,648300,23689923.755264282,,,
2009-08-17,35.74722397989976,35.91077265220177,35.56030908947503,35.73164749145508,,941300,33634199.783706665,,,
2009-08-18,35.49800545961772,35.95749849125965,35.47463924192088,35.832889556884766,,457600,16397130.261230469,,,
2009-08-19,35.645977452588745,36.40920754296944,35.58367150027457,36.24565887451172,,451800,16375788.679504395,,,
2009-08-20,36.253447780412976,36.55718188865666,36.21450804336585,36.47151565551758,,356300,12994801.028060913,,,
2009-08-21,36.86870003973486,37.172434101126534,36.70515138681797,37.14128112792969,,1037700,38541507.42645264,,,
2009-08-24,37.02446797437955,37.39829480098866,36.845342805644655,36.962162017822266,,644100,23807328.55567932,,,
2009-08-25,37.156864350597914,37.554057403586214,37.07898487439827,37.25811004638672,,486800,18137247.970581055,,,
2009-08-26,37.234744835962395,37.33598755550555,36.92322100575357,37.13349914550781,,350400,13011578.100585938,,,
2009-08-27,37.452810851858466,38.278346946901344,37.06340753793643,38.1693115234375,,1003000,38283819.45800781,,,
2009-08-28,38.2160428544294,38.254982593538394,37.803276272233134,38.04470443725586,,1236800,47053690.44799805,,,
2009-08-31,37.9668226160234,38.12258453375861,37.79548420942352,37.974609375,,792600,30098675.390625,,,
2009-09-01,37.80327626893733,38.26277232057132,37.203594779793875,37.25032424926758,,838000,31215771.72088623,,,
2009-09-02,37.58520710244648,38.02133988994817,37.460598159004796,37.818851470947266,,905200,34233624.351501465,,,
2009-09-03,37.6163695480884,37.73319176173988,37.31263535768933,37.694252014160156,,851700,32104194.440460205,,,
2009-09-04,37.398297102052815,38.013555091810055,37.343780872166654,37.94346237182617,,611200,23191044.201660156,,,
2009-09-08,38.14594561734681,38.26276779174805,37.88894099293991,38.26276779174805,,799500,30591082.849502563,,,
2009-09-09,38.43411077496578,39.532228140795894,38.262775315308815,39.31416320800781,,2524200,99236810.76965332,,,
2009-09-10,39.58674328809702,40.248727749599595,39.36867540674441,40.12411880493164,,1725600,69238179.40979004,,,
2009-09-11,40.0462310797665,40.28766217801486,39.77364997764029,39.937198638916016,,1796800,71759158.5144043,,,
2009-09-14,39.835962043816046,40.31103161319308,39.78144581502013,40.264305114746094,,874800,35223214.11437988,,,
2009-09-15,39.96056631914781,40.085175251957025,39.625679255177175,39.86710739135742,,1484200,59170760.790252686,,,
2009-09-16,39.66462238345254,39.75029158913485,39.34531178012585,39.524436950683594,,2949200,116565469.45495605,,,
2009-09-17,38.979276914640955,39.28301106923393,38.87803120613931,38.948123931884766,,2743800,106865862.44430542,,,
2009-09-18,39.12724608196318,39.384250722910686,38.89360171812354,39.23627853393555,,994000,39000860.86273193,,,
2009-09-21,39.06493487636551,39.493277867657,38.940325952155064,39.306365966796875,,915300,35977116.76940918,,,
2009-09-22,39.85932375473731,39.91383998142927,39.56337640204417,39.82817077636719,,528100,21033256.98699951,,,
2009-09-23,39.63347678076168,39.64905327295835,38.84688323575887,38.92476272583008,,1271200,49481158.377075195,,,
2009-09-24,39.03378715097221,39.04936363995678,38.16152456421676,38.3250732421875,,1347000,51623873.65722656,,,
2009-09-25,38.239401838927144,38.45746970125768,37.95903396606445,37.95903396606445,,1401500,53199586.10343933,,,
2009-09-28,37.84999935904999,38.184886432842,37.80327286469573,37.99018478393555,,2100800,79809780.1940918,,,
2009-09-29,37.686446942655024,37.8032691087566,37.421652607614405,37.585201263427734,,1995000,74982476.52053833,,,
2009-09-30,37.99018332174913,38.42631606804157,37.569630034190325,38.06027603149414,,2391400,91017344.10171509,,,
2009-10-01,38.138171672576085,38.18489818130683,37.631946041302754,37.694252014160156,,1861200,70156541.84875488,,,
2009-10-02,37.41386807451348,37.787694868993256,37.398291586712915,37.6630859375,,1108700,41757063.37890625,,,
2009-10-05,37.52289899980989,38.00575821844304,37.48395926733984,37.88114929199219,,917000,34737013.900756836,,,
2009-10-06,37.990188208320944,38.2160428544294,37.842216011342124,38.04470443725586,,878800,33433686.25946045,,,
2009-10-07,38.23940736992747,38.35622956203441,38.01355568725208,38.130374908447266,,486000,18531362.20550537,,,
2009-10-08,39.36868370746965,39.71914736665197,39.24407473652841,39.50886917114258,,1744000,68903467.83447266,,,
2009-10-09,39.617886171165054,39.76586130884799,39.43876103110087,39.664615631103516,,874400,34682739.907836914,,,
2009-10-12,39.999514278223195,40.21757921274956,39.82038908616055,39.91384506225586,,734200,29304745.044708252,,,
2009-10-13,40.030666470388084,40.20200192802882,39.773658827559196,40.02287673950195,,1264100,50592918.48640442,,,
2009-10-14,40.73937687791975,40.84061960323142,40.59140171322923,40.77052688598633,,1049300,42780513.861465454,,,
2009-10-15,40.38891376557094,40.61476840944521,40.30324455783162,40.56803894042969,,1085600,44040663.07373047,,,
2009-10-16,39.82038101891975,40.31102702220373,39.680195597721095,40.11632537841797,,980000,39313998.87084961,,,
2009-10-19,40.54466655728293,40.949646284780194,40.427844396518175,40.786094665527344,,1831600,74703810.98937988,,,
2009-10-20,40.6459238310786,40.6459238310786,40.147487978844744,40.349979400634766,,886500,35770256.73866272,,,
2009-10-21,40.669287772379036,41.06647789143329,40.45900960196966,40.52910232543945,,1291000,52323071.102142334,,,
2009-10-22,40.054031999278905,40.46679863236406,39.8359670566546,40.349979400634766,,1635300,65984321.31385803,,,
2009-10-23,40.692648883027154,40.747165112757315,40.01508790572964,40.303245544433594,,1445600,58262371.7590332,,,
2009-10-26,40.13190785768093,40.435641991985065,39.36089089689532,39.68798828125,,1620200,64302478.61328125,,,
2009-10-27,39.71135333004191,39.976147716141874,39.384252984430574,39.85153579711914,,1661800,66225282.18765259,,,
2009-10-28,36.775253973245746,37.00110566233582,35.76280286866112,35.9107780456543,,6579800,236285737.38479614,,,
2009-10-29,36.39363324622766,36.71294384378585,36.089899137685904,36.611698150634766,,2196700,80424917.32749939,,,
2009-10-30,36.3079643014582,36.39363350620483,35.155330844211605,35.25657653808594,,2402300,84696873.81744385,,,
2009-11-02,35.73943836361286,36.58055101096397,35.35003502041218,35.82510757446289,,1822600,65294841.065216064,,,
2009-11-03,35.8562515531116,36.31574750156695,35.80173533642291,36.292381286621094,,2113200,76693060.1348877,,,
2009-11-04,36.510460342840354,36.89986370793192,36.15220698906307,36.198936462402344,,2362900,85534466.9670105,,,
2009-11-05,36.76745956297285,37.0634069083819,36.479301947420375,36.67400360107422,,1267800,46495301.765441895,,,
2009-11-06,36.339123457920444,36.86092553422262,36.24566747817678,36.3780632019043,,890700,32401940.893936157,,,
2009-11-09,36.50266752784271,36.84534436155532,36.43257480921165,36.74409866333008,,1199000,44056174.29733276,,,
2009-11-10,36.56497204205825,36.697367743734006,36.3936336319729,36.55718231201172,,1627500,59496814.21279907,,,
2009-11-11,37.219174909447304,37.50733257210292,37.008896732619064,37.14908218383789,,1600700,59464535.85166931,,,
2009-11-12,37.359351863817096,37.58520350971453,36.77524694022227,36.86091613769531,,1025700,37808241.68243408,,,
2009-11-13,37.226956595396096,37.56963341651619,36.954375461242876,37.46059799194336,,834500,31260869.024276733,,,
2009-11-16,37.99018389801388,38.29391798787913,37.943457404749275,38.10700607299805,,1187300,45244448.31047058,,,
2009-11-17,38.25498022171148,38.37958916168143,37.85779015396711,38.23161697387695,,1347600,51520927.03399658,,,
2009-11-18,38.44189768366191,38.465260933056264,37.92009567019846,38.14595031738281,,1231600,46980552.41088867,,,
2009-11-19,37.61636596846121,37.61636596846121,37.141293368825174,37.53848648071289,,1226300,46033445.97129822,,,
2009-11-20,37.23474923279632,37.37493467585282,36.97774159688879,37.180233001708984,,944900,35131602.16331482,,,
2009-11-23,37.90451969267538,38.02134188304966,37.50732959304391,37.68645477294922,,1942200,73194632.46002197,,,
2009-11-24,37.61635230679915,37.68644500868089,37.11791663604494,37.312618255615234,,2655000,99065001.46865845,,,
2009-11-25,37.86557731025005,37.93567002540057,37.53069022352108,37.92009353637695,,2004700,76018411.51237488,,,
2009-11-27,36.9621556117792,37.608566429927365,36.90763939469574,37.195796966552734,,1300500,48373133.95500183,,,
2009-11-30,37.25811181735059,37.39829725790255,36.97774093624666,37.28147506713867,,1347800,50247972.0954895,,,
2009-12-01,37.64751907180298,37.74097505158096,37.28147894221386,37.530696868896484,,1963500,73691523.30207825,,,
2009-12-02,36.71294860918433,36.79083106437578,35.661560716850836,36.09769058227539,,3257100,117573787.99552917,,,
2009-12-03,36.52603416789384,36.61949013683907,36.03538513183594,36.03538513183594,,2028500,73097778.7399292,,,
2009-12-04,36.05096113889219,36.284602543581364,35.67713429720718,35.84068298339844,,2303300,82551845.11566162,,,
2009-12-07,35.70049350595214,35.83288919762435,35.27215048401499,35.34224319458008,,1645300,58148592.7280426,,,
2009-12-08,35.03851330166583,35.046300061144954,34.60238049804338,34.6335334777832,,1420400,49193470.95184326,,,
2009-12-09,34.52450063098069,34.74256554488144,34.11173108135361,34.68804931640625,,1542700,53513253.68041992,,,
2009-12-10,34.758145511403534,34.96842368694675,34.384318634075115,34.48556137084961,,1037300,35771872.8099823,,,
2009-12-11,35.03072761348547,35.09303358015462,34.75814643658798,34.87496566772461,,1473500,51388261.91139221,,,
2009-12-14,35.451284100456064,35.490223844305234,35.26436917070321,35.3734016418457,,1453700,51422313.9667511,,,
2009-12-15,34.86717810135838,35.054090055221145,34.75035590201019,34.843814849853516,,807400,28132896.10977173,,,
2009-12-16,35.49801118668338,35.87962481000033,35.47464496521676,35.5603141784668,,1741900,61942511.26747131,,,
2009-12-17,35.474644109657355,35.474644109657355,34.99178479406192,35.0229377746582,,1294200,45326686.06796265,,,
2009-12-18,35.8017433363,36.089900970458984,35.66934465839236,36.089900970458984,,2257100,81458515.48042297,,,
2009-12-21,36.55718788263902,36.69737333572293,36.37806268612335,36.44036865234375,,1163200,42387436.81640625,,,
2009-12-22,36.36248220683403,36.526033864770504,36.19893351980922,36.33911895751953,,924500,33595515.47622681,,,
2009-12-23,36.49487616601094,36.728517541679295,36.30796128292949,36.455936431884766,,737000,26868025.150299072,,,
2009-12-24,36.588336643904476,36.588336643904476,36.269026031149416,36.49488067626953,,297100,10842629.048919678,,,
2009-12-28,36.931013069570284,36.93880280044575,36.65064514720248,36.80640411376953,,649600,23909440.112304688,,,
2009-12-29,37.12570514364797,37.12570514364797,36.60390620464041,36.79082107543945,,516800,19013496.33178711,,,
2009-12-30,36.68179142313036,36.915435791015625,36.51824274233992,36.915435791015625,,316800,11694810.05859375,,,
2009-12-31,36.85312647342984,36.954372158886926,36.432570214680034,36.455936431884766,,588100,21439736.21559143,,,
2010-01-04,36.783042617985934,37.09456650780739,36.58055416924038,36.6895866394043,,1456800,53449389.81628418,,,
2010-01-05,36.58833881293598,36.79083022087937,36.31575765329505,36.46372985839844,,1565600,57087615.466308594,,,
2010-01-06,36.86091204308584,37.39049771507898,36.77524285512916,37.312618255615234,,1753300,65420213.58757019,,,
2010-01-07,37.88115584113204,38.4263211026979,37.80327636272764,38.293922424316406,,3681800,140990563.58184814,,,
2010-01-08,38.169307536505364,38.74562568811239,38.130367803362866,38.58207702636719,,1794900,69250970.05462646,,,
2010-01-11,39.251862148975505,39.52444332839271,39.002644221819196,39.43877410888672,,2293400,90448884.5413208,,,
2010-01-12,38.61323667353296,38.89360458315264,38.44189825300561,38.58987045288086,,1596500,61608728.17802429,,,
2010-01-13,39.40760917440955,39.446551877583886,39.01820590995526,39.24406051635742,,1973800,77459926.64718628,,,
2010-01-14,39.90605401344972,39.913840772740855,38.77678377789229,39.06494140625,,8310000,324629663.0859375,,,
2010-01-15,38.68332405242251,38.69890054159888,37.95124688660232,38.12258529663086,,2778900,105938852.2808075,,,
2010-01-19,37.83442614248645,38.36401189848602,37.83442614248645,38.34064865112305,,1505400,57718012.479400635,,,
2010-01-20,37.82663991261997,37.873369382580904,37.094562708702114,37.59299850463867,,2978000,111951949.54681396,,,
2010-01-21,37.32041556452742,37.398298016921245,36.1444187570426,36.26902770996094,,4818800,174773190.72875977,,,
2010-01-22,36.28460611048736,36.52603726924965,35.71607754718771,35.747230529785156,,2607100,93196604.71420288,,,
2010-01-25,36.40920754099871,36.47151349330951,35.8874085594967,35.988651275634766,,2458000,88460104.83551025,,,
2010-01-26,35.61483009738324,36.23008810448856,35.54473737542299,35.86404800415039,,3033400,108790003.2157898,,,
2010-01-27,35.81731584860271,36.01980425179016,35.45906256463824,35.988651275634766,,2968100,106817915.85121155,,,
2010-01-28,35.82511260709294,35.84068909951853,34.93727333521962,35.155338287353516,,1757900,61799569.175338745,,,
2010-01-29,35.67714124349274,36.20673011505124,35.16312886473446,35.29552459716797,,2484000,87674083.09936523,,,
2010-02-01,36.331335151407664,36.52603683395345,35.965295037529785,36.198936462402344,,2665000,96470165.67230225,,,
2010-02-02,36.77524870947649,36.892067917268854,36.50266461613814,36.884281158447266,,2052700,75712363.9339447,,,
2010-02-03,36.829766316505335,37.09456069005073,36.69736764427687,36.962162017822266,,1824800,67448553.25012207,,,
2010-02-04,36.59612798566798,36.65843097653077,35.99644647269082,36.01980972290039,,2574100,92718592.2077179,,,
2010-02-05,35.684916683099416,35.86404183710464,35.022932289127475,35.793949127197266,,1893200,67765104.48760986,,,
2010-02-08,34.7659302341032,34.92947892630356,33.57435694676949,33.714542388916016,,10072200,339579613.8496399,,,
2010-02-09,34.01047760781379,34.337577874790014,33.69895679788176,34.189605712890625,,7411400,253392843.78051758,,,
2010-02-10,34.13508892807799,34.22075514401693,33.66780326460002,33.73789596557617,,3780600,127549489.48745728,,,
2010-02-11,33.12264941017176,33.44196005192673,32.70988279229415,33.34071731567383,,4881000,162736041.21780396,,,
2010-02-12,32.9045815719161,33.527626309273,32.787759383887824,33.480899810791016,,3746800,125446235.41107178,,,
2010-02-16,33.92481022314818,34.55564154982842,33.776835095429426,34.50112533569336,,2492400,85990604.78668213,,,
2010-02-17,34.7114139560606,34.73477720608259,34.16624867855733,34.36874008178711,,2362700,81203022.1912384,,,
2010-02-18,34.27528239322054,34.46998407295482,34.119523426162615,34.454410552978516,,1656900,57087512.8452301,,,
2010-02-19,34.46218923504433,34.78928655428875,34.25191111371099,34.656890869140625,,1988600,68918693.18237305,,,
2010-02-22,34.664680445610756,34.68804666382162,34.236337409956,34.26749038696289,,1762500,60396451.807022095,,,
2010-02-23,34.20518598273954,34.32200816635272,33.807995906095535,34.0494270324707,,1688000,57475432.83081055,,,
2010-02-24,34.54007531984762,34.81265944236928,34.32980012912667,34.52450180053711,,1667000,57552344.50149536,,,
2010-02-25,33.917033198634584,34.48556176678086,33.80800072952598,34.43104553222656,,2090400,71974657.5805664,,,
2010-02-26,34.43104333227151,34.882752642187654,34.15846217691643,34.71920394897461,,1177000,40864503.047943115,,,
2010-03-01,35.00735865386567,35.25657653808594,34.867173222627834,35.25657653808594,,1546900,54538398.24676514,,,
2010-03-02,35.645973205566406,35.825098340760896,35.3967553678253,35.645973205566406,,2474100,88191702.30789185,,,
2010-03-03,35.817314716612394,35.96528689230697,35.521367394312016,35.60703659057617,,1832600,65253455.25588989,,,
2010-03-04,35.84846758257053,35.94192651554361,35.5057937410703,35.87183380126953,,1422100,51013334.8487854,,,
2010-03-05,35.88741371425807,36.152205136878855,35.75501503203592,35.926353454589844,,2530300,90904452.14614868,,,
2010-03-08,36.230087887521876,36.2378746472878,35.941930241593965,36.01980972290039,,1198200,43158936.00997925,,,
2010-03-09,35.74722097840325,35.980862343633035,35.64597529746958,35.762794494628906,,2630100,94059725.80032349,,,
2010-03-10,35.84847283963756,36.25345269584221,35.840686079536965,36.198936462402344,,1591400,57606987.48626709,,,
2010-03-11,35.81731630663191,35.926348753658786,35.521368971193695,35.786163330078125,,2349500,84079590.74401855,,,
2010-03-12,35.92635396629808,36.019809938607814,35.700499309880406,35.86404800415039,,1113200,39923858.238220215,,,
2010-03-15,35.80952168193473,35.91855411405706,35.43569492712493,35.801734924316406,,1609800,57633632.88116455,,,
2010-03-16,35.669348037832314,36.23008984038113,35.513586095911876,36.1444206237793,,2337500,84487583.2080841,,,
2010-03-17,36.596129088372344,37.226960630333046,36.354697935588845,36.907649993896484,,3270200,120695397.01004028,,,
2010-03-18,36.95437290816061,37.11013481873478,36.53381664088376,36.892066955566406,,1266500,46723802.79922485,,,
2010-03-19,36.55718231201172,36.61948826873786,35.973077336806035,36.55718231201172,,2710000,99069964.06555176,,,
2010-03-22,36.19114685068382,36.84534457132776,36.1833571202851,36.58833694458008,,2728200,99820300.85220337,,,
2010-03-23,36.93101366352696,37.43723922574699,36.83755768790132,37.35935974121094,,2375200,88735951.25732422,,,
2010-03-24,36.40920892829182,36.876491704782325,36.33132945584721,36.58054733276367,,2908500,106394521.91734314,,,
2010-03-25,37.1490747041113,37.25810715068142,36.580546253487576,36.59612274169922,,3076100,112573333.16574097,,,
2010-03-26,36.82977031600837,37.04004848585692,36.401427216351784,36.666221618652344,,2217400,81303679.8171997,,,
2010-03-29,37.12570573777339,37.50732224342755,37.11791897969973,37.382713317871094,,1879000,70242118.32427979,,,
2010-03-30,37.437235218375164,37.5462676734193,36.98552890877638,37.25811004638672,,1623100,60473638.41629028,,,
2010-03-31,37.4995441255281,37.75654879393046,37.39829842177598,37.51511764526367,,1505900,56494015.66200256,,,
2010-04-01,38.16930687736394,38.32506877815529,37.67866090060124,37.88114929199219,,1912600,72451486.13586426,,,
2010-04-05,37.89672579598979,38.16152013617931,37.84220957632528,38.13815689086914,,780800,29778272.900390625,,,
2010-04-06,37.445019715558246,37.7409640604876,37.367137279331175,37.72538757324219,,1241200,46824751.0559082,,,
2010-04-07,37.335988358560215,37.561842991773915,37.25810888478862,37.42165756225586,,2054900,76897764.12467957,,,
2010-04-08,37.11792143298965,37.80327205430363,37.0088889872852,37.7020263671875,,1926900,72648034.6069336,,,
2010-04-09,37.47618119145062,38.10701574890245,37.47618119145062,38.08365249633789,,1928400,73440515.47393799,,,
2010-04-12,38.20825423155891,38.33286317317751,38.06806880087406,38.1693115234375,,1337000,51032369.50683594,,,
2010-04-13,38.270557112129545,38.28613360115316,37.74096836897263,37.92009353637695,,1571800,59602803.020477295,,,
2010-04-14,38.56651027686548,38.846881179742255,38.426324825427095,38.80794143676758,,1514200,58762984.92355347,,,
2010-04-15,38.42632018153118,38.800147016551854,38.34844070499372,38.66775131225586,,1991900,77022293.83888245,,,
2010-04-16,38.10701266274321,38.33286732228301,37.76433877892933,37.86558151245117,,2726800,103251867.66815186,,,
2010-04-19,37.47617786398071,37.81885471603276,37.34378214998737,37.772125244140625,,2284400,86286642.90771484,,,
2010-04-20,38.029132177593794,38.20825736015581,37.85000402412002,38.130374908447266,,2429900,92652997.99003601,,,
2010-04-21,37.896737563085175,38.11480250945328,37.77212859788739,38.08365249633789,,1477700,56276213.2938385,,,
2010-04-22,37.55405199082558,38.200459868666655,37.35935035747773,38.13815689086914,,1572100,59956996.448135376,,,
2010-04-23,38.16152064597988,38.93254043153836,38.11479118382412,38.878021240234375,,2043700,79455012.00866699,,,
2010-04-26,38.58987110577601,39.01821419342972,38.55871812498729,38.88581848144531,,1227100,47716787.85858154,,,
2010-04-27,38.36401773218492,38.730057841392984,37.733186190168134,37.811065673828125,,2190100,82810014.93225098,,,
2010-04-28,37.21916933862978,37.250322316662654,36.323540531109444,36.611698150634766,,3347000,122539353.71017456,,,
2010-04-29,36.74409477452218,37.16465104179903,36.74409477452218,36.892066955566406,,1894700,69899399.26071167,,,
2010-04-30,37.67087691429462,37.72539314224564,36.87649377297909,36.954376220703125,,2573900,95116868.95446777,,,
2010-05-03,37.13349205836166,37.335980429713295,36.899850715752585,36.923213958740234,,1550000,57230981.63604736,,,
2010-05-04,36.68957806694179,36.68957806694179,35.770586074692716,35.89519500732422,,3019500,108385541.32461548,,,
2010-05-05,35.45906144397036,35.8640412084574,35.31108926827579,35.60703659057617,,2267300,80731834.06181335,,,
2010-05-06,35.16311986575974,35.50579370693048,33.06034141047076,34.563438415527344,,2789300,96407798.77243042,,,
2010-05-07,34.86717702997481,35.06966546892283,33.67560370524998,34.09615707397461,,3802800,129660866.12091064,,,
2010-05-10,35.357818338995344,35.65376268710315,35.13196372787792,35.404544830322266,,2398800,84928422.13897705,,,
2010-05-11,35.030727056753285,35.73165431608153,34.99178731365993,35.3344612121582,,1499400,52980491.14151001,,,
2010-05-12,35.638193200892346,35.87962434685217,34.688051049349376,34.968421936035156,,6142200,214783041.21551514,,,
2010-05-13,34.4621946722024,34.991783438171325,34.322009235862886,34.68804931640625,,3027100,105004194.08569336,,,
2010-05-14,34.74256679010882,34.74256679010882,33.652236239702695,34.0104866027832,,2592600,88175587.56637573,,,
2010-05-17,33.87808551876614,34.2285490665908,33.31734384224668,34.08836364746094,,2636100,89860335.41107178,,,
2010-05-18,34.40768067196318,34.43104392256222,33.504265007554366,33.60551071166992,,3623000,121752765.30838013,,,
2010-05-19,33.722325561045444,34.142881842743705,33.37965172276063,33.95596694946289,,2288800,77718417.15393066,,,
2010-05-20,33.566564307176435,34.04163682317842,33.247253710162035,33.59771728515625,,3644300,122440161.10229492,,,
2010-05-21,33.42637527897228,33.92481396026009,33.27061634766297,33.69895935058594,,3356500,113110557.0602417,,,
2010-05-24,33.16158952411007,33.371864711175135,32.84227593647333,32.92015838623047,,2209900,72750258.01773071,,,
2010-05-25,32.14913082274987,32.8889975793538,31.892126226992865,32.818904876708984,,3727500,122332467.92793274,,,
2010-05-26,33.029192866780036,33.21610778672702,32.203656674291295,32.39057159423828,,2082100,67440409.11636353,,,
2010-05-27,32.9590999307688,33.44974899291992,32.73324527047094,33.44974899291992,,2098900,70207678.16123962,,,
2010-05-28,33.37965256021319,33.48868501281605,32.8967932825813,33.04476547241211,,1981600,65481507.260131836,,,
2010-06-01,33.62887026313607,34.5011328501905,33.59771728515625,33.59771728515625,,3677000,123538806.45751953,,,
2010-06-02,34.41546325725132,34.563438415527344,33.97933345410882,34.563438415527344,,2768000,95671597.53417969,,,
2010-06-03,34.87495375515566,34.898319970131176,34.25190915584349,34.53227996826172,,3966100,136958475.5821228,,,
2010-06-04,34.006380604031,34.15664026947539,33.38952164218335,33.468605041503906,,2092500,70033056.04934692,,,
2010-06-07,33.71375769091875,33.98264538672031,33.29460736059325,33.44486999511719,,4362500,145903245.35369873,,,
2010-06-08,33.42906346491717,34.00638072923002,33.17599296595369,33.85612106323242,,2461000,83319913.93661499,,,
2010-06-09,34.34643925092005,34.65486868334765,33.76121193071647,33.92729187011719,,2451300,83165970.56121826,,,
2010-06-10,34.741852610482425,34.85257052823647,34.37015415787643,34.7181282043457,,1921500,66710883.34465027,,,
2010-06-11,34.52832819542208,34.96329279072278,34.441334672994465,34.89211654663086,,1142300,39857264.73121643,,,
2010-06-14,35.37453117331091,35.55642533964113,35.026560118179695,35.09773635864258,,1366200,47950527.41317749,,,
2010-06-15,35.68296913541796,36.023033142089844,35.580161331977955,36.023033142089844,,1751000,63076331.03179932,,,
2010-06-16,35.91230928313108,36.07047905365913,35.817408627549234,35.89649200439453,,1596900,57323108.08181763,,,
2010-06-17,36.6082578583014,36.74270021477371,36.228652183932965,36.72688293457031,,2908300,106812793.63861084,,,
2010-06-18,36.71898144638856,36.85342382352392,36.44218654238155,36.54499435424805,,1586100,57964015.54527283,,,
2010-06-21,36.821788789564074,36.86923761613769,36.17329534712949,36.32355499267578,,1702800,61851749.44152832,,,
2010-06-22,36.489625144279756,36.687336596528205,36.11792664866472,36.24446487426758,,1498500,54312330.614089966,,,
2010-06-23,36.29192034177148,36.616167062196915,35.9518563402475,36.37891387939453,,1248800,45429987.65258789,,,
2010-06-24,36.410544873641804,36.4738109749985,35.999304655891656,36.212833404541016,,1530200,55412877.67562866,,,
2010-06-25,36.102114658929494,36.41054406115018,35.801592387887844,36.23655700683594,,1736400,62921157.58666992,,,
2010-06-28,36.39472621533753,36.46590246219092,36.030937850014645,36.09420394897461,,1122100,40501306.25114441,,,
2010-06-29,35.54852035764646,35.54852035764646,34.99492767801657,35.20054626464844,,2089600,73555061.47460938,,,
2010-06-30,35.540614321922874,35.6987841082365,34.9079381935061,35.03447341918945,,1936300,67837250.88157654,,,
2010-07-01,35.690876138952106,36.110023498535156,35.35871929380432,36.110023498535156,,3533800,127605601.03912354,,,
2010-07-02,35.89649086320377,35.98348438507045,35.501067957873325,35.611785888671875,,1601700,57039397.45788574,,,
2010-07-06,36.26027576328713,36.695243331249955,36.14165071307305,36.47380447387695,,1949400,71102034.44137573,,,
2010-07-07,36.56080126671181,37.46236500328574,36.52125957976052,37.43864059448242,,1423800,53305136.47842407,,,
2010-07-08,36.88504840303041,37.082759857177734,36.68733694888309,37.082759857177734,,1628400,60385566.15142822,,,
2010-07-09,37.03530926137449,37.34373863234665,36.916681187844944,37.28837966918945,,842700,31422917.547225952,,,
2010-07-12,37.06694467350253,37.28047341806877,36.956226735617264,37.23302459716797,,849700,31636901.000213623,,,
2010-07-13,37.50982349263024,37.73916954121007,37.43074010469686,37.573089599609375,,1217800,45756508.5144043,,,
2010-07-14,37.849879252951794,38.205760454869505,37.754978604719476,38.00804901123047,,1302400,49501683.03222656,,,
2010-07-15,38.48256002321123,38.514194582142416,38.08713708708417,38.43510818481445,,1827700,70247847.22938538,,,
2010-07-16,38.49046734539604,38.49046734539604,37.76289058739632,37.794525146484375,,1214400,45897671.337890625,,,
2010-07-19,38.33230847457829,38.44302643734088,38.00806171927146,38.158321380615234,,1258600,48026063.289642334,,,
2010-07-20,37.19348720769598,37.87361526489258,37.16976279257828,37.87361526489258,,2183200,82685676.84631348,,,
2010-07-21,37.32001829360707,37.60472331066604,36.92459532921134,37.146034240722656,,1529200,56803715.560913086,,,
2010-07-22,37.5177232626426,38.102950475760125,37.5177232626426,37.96059799194336,,1634200,62035209.23843384,,,
2010-07-23,37.75498262619342,38.4034759890568,37.628447409460016,38.37184143066406,,1601300,61444829.68292236,,,
2010-07-26,38.09504573849041,38.498378838863104,37.9368789711984,38.44301986694336,,1864300,71669321.9379425,,,
2010-07-27,37.49400492775428,37.58099846160477,37.098581967952256,37.422828674316406,,4001700,149754933.50601196,,,
2010-07-28,36.97204680687657,37.0827647531229,36.73479363394331,36.86923599243164,,1466000,54050299.964904785,,,
2010-07-29,37.07485459786814,37.264655914001345,36.50544461579347,36.84550857543945,,1828600,67375696.98104858,,,
2010-07-30,35.959763612540186,36.35518655785745,35.841135522209946,36.276100158691406,,3074700,111538125.15792847,,,
2010-08-02,36.5845303328568,36.96413902305937,36.521264229048185,36.80596923828125,,2151800,79199084.6069336,,,
2010-08-03,36.70315868237614,36.7268830943656,36.42636381970664,36.639892578125,,2280600,83560939.01367188,,,
2010-08-04,37.01158409095436,37.098577614596536,36.69524757033611,36.750606536865234,,1401300,51498624.94010925,,,
2010-08-05,36.92459243326952,37.09067235808705,36.75851552528955,37.04322052001953,,1701000,63010518.10455322,,,
2010-08-06,36.88505090830224,37.21720774258562,36.68733944072615,36.93250274658203,,2122400,78385543.8293457,,,
2010-08-09,37.32793209007764,37.367473787013736,37.07486160948089,37.25675582885742,,849300,31642162.72544861,,,
2010-08-10,36.798060101278224,37.32001829360707,36.608258767797444,37.146034240722656,,1050500,39021908.96987915,,,
2010-08-11,35.91230488298427,35.936029289763546,35.56433384392759,35.75413513183594,,1616100,57782257.78656006,,,
2010-08-12,35.27963305490197,35.603879725409946,35.224274087998474,35.47734451293945,,1255900,44555996.97380066,,,
2010-08-13,35.216366707890465,35.51688899243987,35.113558913754304,35.13728332519531,,769900,27052194.43206787,,,
2010-08-16,35.192647388851626,35.51689413176078,35.09774671251771,35.28754806518555,,915100,32291635.234451294,,,
2010-08-17,36.05466413915165,36.08629869869913,35.738324577352074,35.85695266723633,,1295600,46456267.87567139,,,
2010-08-18,36.11002122792397,36.27609813163605,35.762050141550446,36.09420394897461,,1120900,40457993.20640564,,,
2010-08-19,36.22074380199041,36.31564447100163,35.44571513525002,35.57225036621094,,1237300,44013545.37811279,,,
2010-08-20,35.12937509494925,35.38244857043488,35.01865714639557,35.37453842163086,,878700,31083606.911087036,,,
2010-08-23,35.52480446399592,35.762060701456456,35.192650558492566,35.22428512573242,,1074100,37834404.653549194,,,
2010-08-24,34.971198592594085,35.08191651034812,34.59950013998809,34.7181282043457,,1974500,68550944.13948059,,,
2010-08-25,34.56787446449834,35.018656397881756,34.44924938651404,34.8683967590332,,1409700,49153978.91120911,,,
2010-08-26,34.90003523071783,35.21637182429503,34.726048143305604,34.81304168701172,,1377500,47954964.92385864,,,
2010-08-27,35.01074729709224,35.208458766117936,34.298984801864655,35.161006927490234,,1453400,51103007.46841431,,,
2010-08-30,34.85257444507052,34.91584355766148,34.59159689772615,34.63904571533203,,795000,27538041.343688965,,,
2010-08-31,34.465068094889766,34.70232127752591,34.3227155819405,34.433433532714844,,775500,26703127.70462036,,,
2010-09-01,35.2559088051929,35.64342157527457,35.184732559303164,35.36662673950195,,1565300,55359380.83534241,,,
2010-09-02,35.975579289829575,35.999303700103745,35.643422461803524,35.81740951538086,,1325900,47490303.27644348,,,
2010-09-03,36.40263919481251,36.497542883755834,36.102119897005885,36.29983139038086,,1392300,50540255.24482727,,,
2010-09-07,35.667148189523786,35.77786914751388,35.33499436606641,35.43780517578125,,1633100,57873479.63256836,,,
2010-09-08,35.56434168906158,35.849046700564216,35.54852440877391,35.58806610107422,,1129400,40193161.85455322,,,
2010-09-09,36.56871383626882,36.703156184175256,36.16538075887443,36.23655700683594,,1940900,70331533.49456787,,,
2010-09-10,35.98349153674846,36.17329589643891,35.90440814669958,35.967674255371094,,1326200,47700329.597473145,,,
2010-09-13,36.521265862952056,36.7585190423147,36.426365194574565,36.71106719970703,,1120600,41138421.9039917,,,
2010-09-14,37.42282686772832,37.905243338092156,37.233025545615156,37.628448486328125,,2671700,100531925.82092285,,,
2010-09-15,37.486097452191316,37.74707503451165,37.3358347980684,37.644264221191406,,1004100,37798605.70449829,,,
2010-09-16,37.87360227872967,38.00013747736769,37.70752539617423,37.88941955566406,,1521600,57652540.79589844,,,
2010-09-17,38.37974898571983,38.44301810320406,37.984326051956096,38.071319580078125,,1200500,45704619.15588379,,,
2010-09-20,38.01596308232298,38.530014136372124,37.88942785596535,38.450927734375,,1044400,40158148.92578125,,,
2010-09-21,38.75935761390603,38.94916196408381,38.27694413184489,38.672367095947266,,1788300,69157794.0776825,,,
2010-09-22,38.78308228866774,38.893800228058716,38.28484854457078,38.45883560180664,,3210100,123456708.1653595,,,
2010-09-23,38.27694304773746,38.664455852153196,38.158314955131495,38.36393356323242,,1770200,67911835.19363403,,,
2010-09-24,39.03616057721758,39.3604073292903,38.96498431374609,39.320865631103516,,2109200,82935569.78912354,,,
2010-09-27,39.42366979679639,39.447397226984506,39.11524035589212,39.21014404296875,,2092400,82043305.39550781,,,
2010-09-28,39.34458378813367,39.494843424077025,38.79099105106375,39.4157600402832,,1778600,70104870.8076477,,,
2010-09-29,39.273410074993095,39.36831074504851,38.98079791583343,39.24177551269531,,1477300,57971874.964904785,,,
2010-09-30,39.44739061323407,39.589743103144286,38.66445191872789,38.99660873413086,,2059000,80294017.38357544,,,
2010-10-01,40.14333089722478,40.18287560011996,39.5818311114255,39.76372528076172,,4919600,195621622.89123535,,,
2010-10-04,39.43158140988456,39.54229936541363,38.925440460701346,39.24968719482422,,1538500,60385643.74923706,,,
2010-10-05,39.993079872105284,40.30150931316535,39.83491007706891,40.159156799316406,,2049600,82310207.7758789,,,
2010-10-06,40.15916474461793,40.459687112960175,39.86655252685335,40.412235260009766,,2364800,95566853.9428711,,,
2010-10-07,40.69692897817542,40.712746258074766,40.00098676363025,40.325233459472656,,2045000,82465102.42462158,,,
2010-10-08,40.35686304748927,40.69692700675783,40.230327831261725,40.61784362792969,,1677400,68132370.90148926,,,
2010-10-11,40.58621314334016,40.76020021443035,40.33314268548415,40.4517707824707,,734800,29723961.170959473,,,
2010-10-12,40.791830102001974,41.10816662965768,40.420131589748095,41.029083251953125,,1362500,55902125.93078613,,,
2010-10-13,41.66966166360424,41.99390830184825,41.590578294993364,41.71711349487305,,1245700,51967008.280563354,,,
2010-10-14,42.571234619659826,42.61868344107205,41.93855551034614,42.231170654296875,,2515500,106232509.78088379,,,
2010-10-15,42.58704783806665,42.58704783806665,41.72502574044174,41.86737823486328,,3048300,127624329.07333374,,,
2010-10-18,41.55103661068792,41.740837902088884,41.456132948150305,41.71711349487305,,1730600,72195636.6142273,,,
2010-10-19,40.791837803682405,40.973732020215316,40.301511115458354,40.47549819946289,,3384000,136969085.90698242,,,
2010-10-20,40.744385319399605,41.321702523739425,40.720660905348296,40.86301040649414,,1841800,75261492.56668091,,,
2010-10-21,41.606403447537,41.867381026821654,41.23470490766734,41.52731704711914,,1551700,64437937.86201477,,,
2010-10-22,41.9069234926579,42.12044922026429,41.677577468976914,42.0334587097168,,1075300,45198578.15055847,,,
2010-10-25,42.326072692871094,42.523784166763335,42.02555040784034,42.326072692871094,,1467700,62121976.891326904,,,
2010-10-26,41.938553254521985,43.22763279767985,41.81201804283294,42.768943786621094,,2178200,93159313.35601807,,,
2010-10-27,40.59412084565008,41.084444451091244,40.12752165144131,40.546669006347656,,4629300,187702694.8310852,,,
2010-10-28,40.93418138033634,40.98163321915029,40.58621027954688,40.823463439941406,,1855700,75756101.10549927,,,
2010-10-29,41.15562092354536,41.4324157788746,40.80764680045984,40.910457611083984,,2074800,84881017.45147705,,,
2010-11-01,40.98163485653369,41.100262949889434,40.55457734065829,40.752288818359375,,859500,35026592.23937988,,,
2010-11-02,41.503589874544005,41.56685899066955,41.21097775455711,41.3375129699707,,1172500,48468233.95729065,,,
2010-11-03,41.218883425759394,41.36123591516251,40.74437713897393,41.297969818115234,,1805400,74559354.70962524,,,
2010-11-04,42.04928080416453,42.136274347752874,41.50359814461687,41.89902114868164,,1718100,71986708.23554993,,,
2010-11-05,41.51150441642572,41.69339861928371,41.25052381003959,41.45614242553711,,1517400,62905550.51651001,,,
2010-11-08,40.894633129491716,41.18724822998047,40.78391520685797,41.18724822998047,,748700,30836892.749786377,,,
2010-11-09,41.329602011319714,41.44823009330936,40.63365984861526,40.83137130737305,,1460000,59613802.10876465,,,
2010-11-10,40.301502060732744,40.51503079308072,39.74790938614585,40.43594741821289,,1744400,70536466.67633057,,,
2010-11-11,39.96935101188513,40.14333505191412,39.74791211673561,40.09588623046875,,1109000,44466337.829589844,,,
2010-11-12,39.94562482301201,40.174970856568436,39.58183643540796,39.77164077758789,,1211200,48171411.30981445,,,
2010-11-15,39.629287495436564,39.7004637452489,39.265499114990234,39.265499114990234,,1126000,44212952.003479004,,,
2010-11-16,38.98869500337934,39.13895762716285,38.53000603558469,38.806800842285156,,1597500,61993864.34555054,,,
2010-11-17,38.75935979686406,38.95707129005052,38.5853757343098,38.74354553222656,,1125600,43609734.85107422,,,
2010-11-18,39.3366713955647,39.573924532053425,39.29712669211882,39.35248565673828,,754300,29683579.930877686,,,
2010-11-19,39.455304635824916,39.542298174502896,39.297134839759316,39.51857376098633,,817800,32318289.62173462,,,
2010-11-22,39.09151158111343,39.2813129004148,38.68817849813228,39.067787170410156,,1283700,50151318.39065552,,,
2010-11-23,38.854256906256076,38.980792119794806,38.269029658116054,38.506282806396484,,978600,37682248.3543396,,,
2010-11-24,37.921061478962145,38.16622177699591,37.84197507892085,38.07923126220703,,1824400,69471749.51477051,,,
2010-11-26,38.118777234580534,38.44302396906878,38.07132538922688,38.25321960449219,,965100,36918182.24029541,,,
2010-11-29,37.30419870673281,37.74707348553754,37.04322113512185,37.66007995605469,,1312900,49443918.9743042,,,
2010-11-30,36.9325123502454,37.430746222808814,36.9325123502454,37.11440658569336,,1347300,50004239.99290466,,,
2010-12-01,37.45446595575621,37.88152350740404,37.2725717430554,37.63636016845703,,1605200,60413885.34240723,,,
2010-12-02,37.296294191975456,38.015963872500215,37.288387060030274,37.92897033691406,,1576200,59783643.045043945,,,
2010-12-03,38.62491509324015,38.95706893361989,38.56164597116527,38.75935745239258,,1614200,62565354.7996521,,,
2010-12-06,38.4351109905148,38.73563328862352,38.356027604251466,38.617008209228516,,945200,36500796.15936279,,,
2010-12-07,39.31295184847926,39.336679278669244,38.711910247802734,38.711910247802734,,850900,32939964.429855347,,,
2010-12-08,38.32439539725296,38.60910043223068,38.20577031057089,38.553741455078125,,769900,29682525.54626465,,,
2010-12-09,38.490468182943395,38.77517318725586,38.11877266450228,38.77517318725586,,1561100,60531922.86262512,,,
2010-12-10,38.55373883932481,38.790992013430014,38.41929648017238,38.75935745239258,,620100,24034677.556228638,,,
2010-12-13,39.16268783006084,39.39994098760633,39.01242820087746,39.067787170410156,,882600,34481228.956604004,,,
2010-12-14,39.55019710661844,39.700459739303234,39.24967787492346,39.35248565673828,,1432200,56360629.95758057,,,
2010-12-15,39.067786536381476,39.35248851071311,38.89379948248087,38.95706558227539,,794500,30951388.605117798,,,
2010-12-16,39.08361123582797,39.17060478600956,39.012437985866676,39.138973236083984,,1030400,40328798.02246094,,,
2010-12-17,39.874439672828885,39.89816709582956,39.463202554085875,39.54228591918945,,1462000,57810822.01385498,,,
2010-12-20,39.352487441839074,39.36039758962199,39.01242650810974,39.17059326171875,,1232100,48262087.95776367,,,
2010-12-21,40.05634669632328,40.05634669632328,39.60556476730376,39.66883087158203,,856300,33968419.87533569,,,
2010-12-22,39.542294106315566,39.68464660644531,39.45530057658765,39.68464660644531,,387700,15385737.489318848,,,
2010-12-23,39.542297818767494,39.85072725905981,39.542297818767494,39.74000930786133,,641000,25473345.96633911,,,
2010-12-27,39.732100285562325,40.02471243078639,39.57393049844416,39.97726058959961,,523100,20912105.014419556,,,
2010-12-28,40.17497141563595,40.18288156412393,39.76373118255476,39.91399383544922,,415400,16580273.039245605,,,
2010-12-29,39.92980391907288,40.19078145222385,39.78745144032247,40.14332962036133,,594200,23853166.4604187,,,
2010-12-30,39.993071283469796,40.23823456396849,39.637190075274034,39.76372528076172,,301600,11992739.544677734,,,
2010-12-31,39.80326813438603,40.15914630921032,39.7637234333281,40.02470397949219,,410900,16446150.86517334,,,
2011-01-03,40.064257830272076,40.57039878241031,40.02471613404341,40.53085708618164,,1049900,42553346.854782104,,,
2011-01-04,40.30150059975156,40.39640426635742,39.97725394760804,40.39640426635742,,1094000,44193666.26739502,,,
2011-01-05,39.178504039622176,39.82699739372888,39.178504039622176,39.811180114746094,,1696600,67543648.18267822,,,
2011-01-06,39.589748005371554,39.79536661801528,39.210142324218516,39.33667755126953,,2072300,81517396.88949585,,,
2011-01-07,39.2655040402785,39.43158097172669,38.75936007988146,39.02824783325195,,1286300,50202035.18791199,,,
2011-01-10,38.34020961688676,38.632821760872595,38.24530895175255,38.5616455078125,,1272400,49065837.744140625,,,
2011-01-11,39.42366135035658,39.86653607798211,39.29712614486889,39.76372528076172,,2477100,98498723.89297485,,,
2011-01-12,40.0958924845023,40.515039895780816,39.96144709681569,40.47549819946289,,1653900,66942426.472091675,,,
2011-01-13,41.42451353497773,43.25136582937337,40.74438550524993,43.16437530517578,,7972700,344136614.99557495,,,
2011-01-14,42.46842584789605,42.56332651210781,42.20744525026656,42.389339447021484,,2681000,113645819.0574646,,,
2011-01-18,42.9587538551057,43.267183307934744,42.776859639766464,43.029930114746094,,1544700,66468333.04824829,,,
2011-01-19,43.62306772890455,43.646792144870325,42.919215231429625,43.02202606201172,,1414300,60846051.459503174,,,
2011-01-20,42.808494203348424,43.14855821975944,42.44470275583193,43.029930114746094,,1674900,72070829.94918823,,,
2011-01-21,43.40162018514602,43.40952731607217,42.927110874965955,43.053646087646484,,1049500,45184801.568984985,,,
2011-01-24,43.338355151474026,43.915672302246094,43.3225378712948,43.915672302246094,,1341200,58899699.69177246,,,
2011-01-25,43.678413469424534,43.963118442057315,43.56769553936453,43.62305450439453,,1338800,58402545.3704834,,,
2011-01-26,44.58789508719719,44.68279575559181,44.224103660815075,44.651161193847656,,2566300,114588274.97177124,,,
2011-01-27,45.25220091644071,45.57644759723403,45.070306731296895,45.362918853759766,,1852200,84021198.30093384,,,
2011-01-28,46.00349910492588,46.21702783464985,45.022851994531344,45.26010513305664,,3575200,161813927.8717041,,,
2011-01-31,45.84534081735152,46.09841128072466,45.655536461402725,45.789981842041016,,1846500,84551201.47132874,,,
2011-02-01,46.122131394632646,46.65199970200457,45.963961615558745,46.620365142822266,,2374100,110681408.88557434,,,
2011-02-02,46.99996671895315,47.055325684293564,46.6678099100733,46.78643798828125,,3215000,150418398.13232422,,,
2011-02-03,46.383111757363,46.45428800675869,45.96396139232719,46.25657653808594,,2227000,103013395.95031738,,,
2011-02-04,46.20121783950905,46.65990992755701,46.10631717250657,46.5887336730957,,1389500,64735045.43876648,,,
2011-02-07,46.3910166940885,46.81016402245816,46.3435648577903,46.71526336669922,,1092100,51017739.12277222,,,
2011-02-08,46.746889999285436,47.07113661692701,46.47009219306067,46.960418701171875,,735200,34525299.82910156,,,
2011-02-09,46.746906728541035,47.079060594673905,46.73899657924948,46.944618225097656,,643900,30227639.67514038,,,
2011-02-10,46.45429149896341,47.118602204316964,46.29612170876726,46.97624969482422,,896300,42104812.60147095,,,
2011-02-11,47.33213079067002,47.8303646037784,47.229322985188325,47.585201263427734,,1073100,51063679.4757843,,,
2011-02-14,47.42703293944743,47.73546237954615,47.26095299591605,47.601016998291016,,1186300,56469086.46507263,,,
2011-02-15,46.93669744870971,47.253036978312004,46.738985996917606,46.89715576171875,,1264200,59287384.313964844,,,
2011-02-16,47.00787698498272,47.87780924391009,46.99996985376556,47.80663299560547,,910700,43537500.6690979,,,
2011-02-17,47.64055672867267,47.98852782681692,47.56147033125062,47.89362716674805,,595800,28535023.065948486,,,
2011-02-18,47.49820755472793,47.92526206334778,47.395396739301944,47.695919036865234,,847400,40417521.7918396,,,
2011-02-22,47.308397572324104,47.54565071927593,46.80225672100356,46.849708557128906,,1230400,57643881.408691406,,,
2011-02-23,47.17395613393501,47.38748185850349,46.620363435864405,46.74689865112305,,1527200,71391863.61999512,,,
2011-02-24,46.85762097486182,47.10278429724759,46.462198013048635,46.86552810668945,,1062800,49808683.27178955,,,
2011-02-25,46.65991049616949,47.32422120695796,46.65200336417201,47.20559310913086,,717000,33846410.259246826,,,
2011-02-28,48.42348645371665,48.463028139109404,47.545647160546324,47.767086029052734,,1474400,70427791.64123535,,,
2011-03-01,48.36022721239838,48.43931059438886,47.25304176350586,47.31631088256836,,2204500,104308807.34062195,,,
2011-03-02,47.53774754982987,47.9806193232227,47.53774754982987,47.79872512817383,,1602700,76607016.7629242,,,
2011-03-03,48.67656463804027,48.90591067353555,48.43140433933083,48.77146530151367,,1378400,67226587.77160645,,,
2011-03-04,49.15106964476204,49.21433574253983,48.257413010265246,48.597476959228516,,897500,43616235.57090759,,,
2011-03-07,48.826830371962934,48.99290729773325,48.0755261146866,48.26532745361328,,770500,37188434.80300903,,,
2011-03-08,47.11068812820291,47.80663333694637,46.91297666114923,47.56147003173828,,1091500,51913344.539642334,,,
2011-03-09,47.34793641983774,47.52983058881521,46.88133728486517,47.22140121459961,,1339500,63253066.92695618,,,
2011-03-10,47.26886175797777,47.57729118902678,46.93670489749879,47.03160858154297,,2033400,95634072.88970947,,,
2011-03-11,46.3435648577903,46.85761585875636,46.12212898874028,46.71526336669922,,1556000,72688949.79858398,,,
2011-03-14,46.3198445694514,46.58873229872439,46.10631581236658,46.493831634521484,,1257700,58475292.04673767,,,
2011-03-15,44.058025127262106,45.062399799660575,43.899855341157874,44.72233581542969,,3901600,174488665.41748047,,,
2011-03-16,44.0659336027424,45.00703911823239,42.855937349297974,43.2909049987793,,5516800,238827264.69726562,,,
2011-03-17,44.817238740846534,44.817238740846534,44.168745300264476,44.263648986816406,,2011300,89027477.20718384,,,
2011-03-18,46.03513407164152,46.066768628216884,45.31546450215746,45.536903381347656,,2515600,114552634.14611816,,,
2011-03-21,45.99559595135585,46.39101888870136,45.8690607320788,46.25657653808594,,2488400,115104865.05737305,,,
2011-03-22,45.94814389671956,46.07467911540152,45.71880088693433,45.86906051635742,,1066200,48905592.32254028,,,
2011-03-23,45.4657349596049,46.01932471072909,45.37874142247456,45.87697219848633,,909500,41725106.214523315,,,
2011-03-24,46.636179823687485,47.52983344450803,46.509644610846856,47.379573822021484,,1620500,76778599.37858582,,,
2011-03-25,47.96480302010933,48.47885102334056,47.6010116286458,47.64055633544922,,2205600,105076011.0534668,,,
2011-03-28,47.81454967885809,48.09134759615606,47.55357206082999,47.56938934326172,,844700,40181863.178253174,,,
2011-03-29,47.59310553831591,47.996435611729126,47.46657031755514,47.95689392089844,,856900,41094262.40081787,,,
2011-03-30,48.14669893964682,48.68447438967573,48.14669893964682,48.54212188720703,,829300,40255981.68106079,,,
2011-03-31,48.40767805756354,48.660748510712736,48.33650180406297,48.52630615234375,,1192200,57853062.19482422,,,
2011-04-01,48.56585012568466,49.19852628826866,48.42349761199852,49.016632080078125,,793300,38884894.22912598,,,
2011-04-04,49.277613047086504,49.36460356888411,49.02454258024019,49.29343032836914,,723200,35649008.81347656,,,
2011-04-05,49.25388087060463,50.00518506652503,49.11152836961602,49.92610168457031,,1448100,72297987.84942627,,,
2011-04-06,49.7283936552436,50.076364783505014,49.54649945068619,49.64930725097656,,1258200,62468758.38317871,,,
2011-04-07,49.522774179486554,50.013100856800015,49.4199663747152,49.74421310424805,,1010200,50251604.07791138,,,
2011-04-08,50.558771075525875,50.558771075525875,50.092171943556195,50.32151794433594,,943800,47493448.63586426,,,
2011-04-11,50.47969810588292,50.693223856166746,50.34525272650799,50.511329650878906,,814900,41161682.53250122,,,
2011-04-12,50.06054732589199,50.31361778497723,49.665124356466556,49.76002502441406,,747700,37205570.710754395,,,
2011-04-13,50.345251531802234,50.74067751166607,50.10799835735417,50.30570983886719,,744200,37437509.26208496,,,
2011-04-14,49.83910411070509,50.79602984900942,49.775834996804434,50.64576721191406,,879200,44527758.532714844,,,
2011-04-15,50.47969944557172,50.80394315404131,50.345254062628726,50.6536865234375,,1282900,64983614.44091797,,,
2011-04-18,49.64140237121072,51.02537981503997,48.80310454897345,50.163360595703125,,2385200,119649647.6928711,,,
2011-04-19,49.94192584838597,50.408525106645776,49.93401569899757,50.39270782470703,,1195700,60254560.7460022,,,
2011-04-20,51.61060763240724,51.85576794254925,51.52361409648414,51.7608642578125,,1296600,67113136.59667969,,,
2011-04-21,52.709877822298175,52.93922384594179,52.18791665807304,52.686153411865234,,1121300,59076983.82072449,,,
2011-04-25,52.78896079206716,53.042031224180256,52.44889683325815,52.962947845458984,,628900,33308397.900009155,,,
2011-04-26,52.95503857005136,53.429544883872715,52.81268607253744,53.41373062133789,,1000000,53413730.62133789,,,
2011-04-27,53.10530782162486,54.08595512999849,52.87596176745244,54.02268600463867,,1216400,65713195.25604248,,,
2011-04-28,50.44015529978258,50.669501356481256,49.9814662032232,50.274078369140625,,3467000,174300229.70581055,,,
2011-04-29,51.033287048339844,51.16772940875504,50.70904335359286,51.033287048339844,,1480600,75559884.80377197,,,
2011-05-02,51.832042689005355,51.87949151376621,51.175639122660776,51.310081481933594,,1408400,72265118.75915527,,,
2011-05-03,51.65804809724447,51.79249043693903,50.96210595617139,51.19935607910156,,1377600,70532232.93457031,,,
2011-05-04,51.365434510441126,51.38125480598079,50.55877441448995,50.67740249633789,,1245000,63093366.107940674,,,
2011-05-05,49.767929493744994,50.0051826449575,49.238061206427496,49.4674072265625,,1622600,80265814.96582031,,,
2011-05-06,49.76001375903297,50.06844613950128,48.7319148746501,49.04034423828125,,2018800,99002646.94824219,,,
2011-05-09,49.325057121098936,50.04472675750239,49.19061476840838,49.92610168457031,,1515800,75677984.93347168,,,
2011-05-10,50.210803016615195,50.962107157622405,50.12380949272082,50.89883804321289,,2170200,110460658.32138062,,,
2011-05-11,50.89092996758868,50.977923495025124,49.62557779625194,49.973548889160156,,1952700,97583348.91586304,,,
2011-05-12,49.760018432633736,50.693216758202674,49.45158904003403,50.67740249633789,,1432900,72615650.03700256,,,
2011-05-13,50.12381121586815,50.45596502742458,49.31714808044,49.66511917114258,,1823400,90559378.29666138,,,
2011-05-16,49.48323367062796,50.021009188627445,49.38833299593336,49.47532653808594,,1006700,49806811.22589111,,,
2011-05-17,48.80310402802479,49.34087952834776,48.69238607504735,49.04826736450195,,1776300,87124437.31956482,,,
2011-05-18,48.937540910269945,49.76001828244082,48.8030955501256,49.68093490600586,,1220000,60610740.58532715,,,
2011-05-19,49.8865620883871,50.100087831998565,49.51486354054906,50.05263900756836,,1052300,52670392.027664185,,,
2011-05-20,49.372516018692345,49.475326843401476,48.64493612997567,48.81101608276367,,1641900,80142807.30628967,,,
2011-05-23,47.49244509718724,47.97338002698626,47.29205503348603,47.67680358886719,,1918600,91472715.36560059,,,
2011-05-24,48.07758252139212,48.29400415173584,47.73291137577541,47.829097747802734,,2254400,107825917.96264648,,,
2011-05-25,47.56458086566334,48.33407789914744,47.56458086566334,48.109642028808594,,1733300,83388442.52853394,,,
2011-05-26,48.09361789141925,48.34210268463381,47.71688357280264,48.14972686767578,,1480100,71266410.73684692,,,
2011-05-27,48.053534473892135,48.48637771459261,47.957348106306306,48.32606506347656,,728900,35224868.82476807,,,
2011-05-31,49.86505569323683,49.90513308878957,49.3600750053957,49.83299255371094,,3271100,163008701.94244385,,,
2011-06-01,49.760865960042324,49.84102076867926,48.694789270453434,48.72685241699219,,2514900,122543161.14349365,,,
2011-06-02,48.90318797718144,49.06350063370803,48.486379351005745,48.91120529174805,,996300,48730233.83216858,,,
2011-06-03,48.71080729359917,49.48832156347424,48.65469833161943,49.15166473388672,,1605100,78893337.06436157,,,
2011-06-06,49.303967091867236,49.36007911956915,48.798986361935846,48.86310958862305,,1173600,57345745.41320801,,,
2011-06-07,49.84902646792214,49.93719857691054,49.31198261529741,49.36809158325195,,1443300,71252966.58210754,,,
2011-06-08,48.975331573169946,49.12762998233479,48.36614710963995,48.502410888671875,,1247400,60501907.3425293,,,
2011-06-09,48.73486746698854,49.27191447825786,48.59058636292872,49.063507080078125,,1696900,83255865.16418457,,,
2011-06-10,48.77493638219911,48.84707692167224,47.789017714539234,47.83711242675781,,1184200,56648708.5357666,,,
2011-06-13,48.26193274077481,48.590572258469706,48.02146532304596,48.18177795410156,,885500,42664964.37835693,,,
2011-06-14,49.464277766191536,49.92918413633937,49.39213722798616,49.5684814453125,,1369100,67864207.94677734,,,
2011-06-15,48.10964239489048,48.62264042111678,47.524503830119265,47.7088623046875,,2001900,95508371.4477539,,,
2011-06-16,47.51648849045098,47.83711379902008,47.0515851565063,47.48442840576172,,1534900,72883849.16000366,,,
2011-06-17,49.031432154257615,49.031432154257615,47.965358761150455,48.28598403930664,,2401100,115939476.27677917,,,
2011-06-20,47.95734380060098,48.77493243824004,47.86917169751795,48.76691818237305,,1761600,85907803.07006836,,,
2011-06-21,49.10357171540639,49.73680494546996,49.04746275149789,49.57649230957031,,2466600,122285375.93078613,,,
2011-06-22,49.10358168165714,49.24786277747975,48.3100387123426,48.382179260253906,,2298300,111196762.59384155,,,
2011-06-23,47.35617790928857,47.88520751703178,46.779053588947065,47.7569580078125,,3512600,167751090.6982422,,,
2011-06-24,47.003486798397375,47.067613078222855,46.442394080761694,46.642784118652344,,2013200,93901252.9876709,,,
2011-06-27,46.57866153957009,47.3802217021985,46.47445786226978,47.25197219848633,,982700,46434513.079452515,,,
2011-06-28,47.276026235233154,47.564588433126914,47.12373087866029,47.54054260253906,,1628500,77419773.62823486,,,
2011-06-29,47.81306782245137,47.933300019508884,47.47641094372934,47.772987365722656,,1298800,62047555.990600586,,,
2011-06-30,48.10163051098337,48.72684960152369,47.98941256229171,48.61463165283203,,1032800,50209191.57104492,,,
2011-07-01,48.22988281877137,48.823038798898494,48.11766486359569,48.72685241699219,,741700,36140706.437683105,,,
2011-07-05,48.911202651855355,49.00738901749599,48.598594670241226,48.758907318115234,,895300,43653849.72190857,,,
2011-07-06,48.310030721719734,48.598592865635915,48.09360911378259,48.46232604980469,,1045900,50686746.81549072,,,
2011-07-07,49.35206225502303,50.49027935176399,49.2959532845192,50.40210723876953,,3422200,172486091.3925171,,,
2011-07-08,49.63260688700659,49.8570458257342,48.951281929510614,49.39213943481445,,2115700,104498949.40223694,,,
2011-07-11,48.06957046667477,48.18178841546604,47.452368690613035,47.5645866394043,,1576200,74971301.46102905,,,
2011-07-12,46.971432332944744,47.348166652219646,46.658824305337866,46.690887451171875,,1392800,65031068.04199219,,,
2011-07-13,46.97142392581262,47.85314193217519,46.90730070333152,47.17181396484375,,1812000,85475326.90429688,,,
2011-07-14,46.7549998955343,46.97141842154304,45.881299305433394,45.97748565673828,,2769300,127325451.02920532,,,
2011-07-15,46.67484738556324,46.6828646994179,45.90535037181965,46.354225158691406,,1888600,87544589.63470459,,,
2011-07-18,45.688930936575204,45.89733524106917,45.0877607926729,45.85725784301758,,2296200,105297435.45913696,,,
2011-07-19,46.3301827233469,47.07563401470151,46.3301827233469,46.915321350097656,,2331500,109383071.72775269,,,
2011-07-20,47.01150431057572,47.05158170678107,46.498503242935435,46.76301956176758,,1354200,63326481.090545654,,,
2011-07-21,47.516486334457575,48.18979700573451,47.2359414954711,47.90925216674805,,3361500,161046951.15852356,,,
2011-07-22,48.54249233427747,48.630661397830345,47.96536794616498,48.550506591796875,,1361300,66091804.623413086,,,
2011-07-25,48.15773257277493,48.51041791817529,48.045511589607,48.35010528564453,,1133200,54790339.30969238,,,
2011-07-26,48.39819962234943,51.965142673598926,48.029479653037576,51.700626373291016,,7480900,386767215.83595276,,,
2011-07-27,51.22771246826553,51.243744039255944,50.09751270397229,50.153621673583984,,3559300,178511785.62278748,,,
2011-07-28,50.11353904612432,50.61050546413567,49.86505430826405,50.09750747680664,,2265000,113470854.43496704,,,
2011-07-29,49.2558744996426,50.562418471140624,49.063498707820095,50.02537155151367,,1244400,62251572.35870361,,,
2011-08-01,50.634556719726234,50.6746371761736,48.52645558056263,49.223812103271484,,1643400,80894412.81051636,,,
2011-08-02,48.14171387929097,48.69478939884797,47.468403088751586,47.51649475097656,,1749200,83115852.6184082,,,
2011-08-03,47.99743012270791,48.101630756905884,46.71493184809408,47.93330383300781,,1631000,78179218.55163574,,,
2011-08-04,46.3622390231511,46.54659749002948,44.66293236772972,44.775150299072266,,2952200,132185198.71292114,,,
2011-08-05,45.45648134005068,45.84924721050399,43.660988080660516,45.16791915893555,,3957800,178765590.4472351,,,
2011-08-08,42.62696503355504,43.19607195296072,41.05590802038905,41.095985412597656,,2485300,102135852.54592896,,,
2011-08-09,42.54681822323025,43.49265647591596,41.095993114777535,43.44456481933594,,2161100,93888049.0310669,,,
2011-08-10,42.065879958977085,42.105957358416404,39.901666754448584,40.08602523803711,,3587300,143800598.33641052,,,
2011-08-11,40.462754499420264,42.17809266735753,40.20625550558156,41.64906311035156,,2299200,95759525.90332031,,,
2011-08-12,42.33039836764525,42.69109803793442,41.336462301349385,42.37047576904297,,2407900,102023868.60427856,,,
2011-08-15,43.06782352986918,43.38844879089657,42.60292026485947,43.09186935424805,,1312900,56575315.27519226,,,
2011-08-16,42.47468286804215,43.2922717068498,42.21016649370852,42.61094665527344,,1365800,58198030.94177246,,,
2011-08-17,42.35443956582746,42.947595437869936,41.55287939467835,41.961673736572266,,1205100,50568013.01994324,,,
2011-08-18,40.005871183383654,40.01388544033678,38.7233760312099,39.19629669189453,,2961600,116083752.28271484,,,
2011-08-19,38.787497067073986,40.02991474882155,38.70734227123587,39.0520133972168,,2415100,94314517.55561829,,,
2011-08-22,40.703229208216364,40.703229208216364,39.420734009506376,39.66120147705078,,1702300,67515263.27438354,,,
2011-08-23,40.695211763994145,41.408599853515625,40.422681173397336,41.408599853515625,,1765200,73094460.46142578,,,
2011-08-24,42.12198277910727,42.52276283039794,41.54486158449092,42.242218017578125,,2024400,85515146.15478516,,,
2011-08-25,42.06587646527647,42.24222067741503,40.81544152573902,41.055912017822266,,1743500,71580982.60307312,,,
2011-08-26,41.57693113216295,42.69109943922332,41.144090902066495,42.58689880371094,,2833900,120687012.51983643,,,
2011-08-29,43.01171621574227,43.60487205405563,42.97163882100564,43.58884048461914,,1231000,53657862.63656616,,,
2011-08-30,42.6830774392756,43.42051130010348,42.38650104374345,43.196075439453125,,1455500,62871887.80212402,,,
2011-08-31,43.805263745434985,44.51865179499184,43.460592633762225,43.69304275512695,,1916100,83720239.22309875,,,
2011-09-01,43.099886667513736,43.66097934545712,42.747201326550886,43.09186935424805,,3002300,129374719.36225891,,,
2011-09-02,42.11397611566306,42.32238043451274,41.552883331162064,41.673118591308594,,1320200,55016851.164245605,,,
2011-09-06,40.01388015677598,40.8715523075726,39.981820075487185,40.79941177368164,,1580500,64483470.30830383,,,
2011-09-07,41.56891532213345,42.410552978515625,41.46471163280317,42.410552978515625,,1218800,51689981.970214844,,,
2011-09-08,41.50478398507914,42.08992253324457,40.98377171722686,41.10400390625,,2162400,88883298.046875,,,
2011-09-09,40.230300960021346,40.45473987084404,39.36461762821979,39.4608039855957,,2588900,102160075.43830872,,,
2011-09-12,38.41075734114554,39.4127074352828,38.38671151735314,39.39667892456055,,2874900,113261512.24021912,,,
2011-09-13,38.85963766052062,39.66921516507637,38.74741972310722,39.62112045288086,,2660500,105411990.96488953,,,
2011-09-14,39.39668109011467,40.623067094283684,38.77947943127474,40.31045913696289,,4657200,187733870.29266357,,,
2011-09-15,41.21622227858028,41.536847568146186,40.687192691193104,41.43264389038086,,2442600,101203375.96664429,,,
2011-09-16,41.35248928395846,41.73723779855286,40.879568661449014,41.3925666809082,,2487400,102959870.36209106,,,
2011-09-19,39.53294586745371,40.63909971701574,39.10811997164255,40.44672393798828,,2753200,111357920.34606934,,,
2011-09-20,40.77537356893148,41.24028003302609,40.33451599423799,40.55093765258789,,2237100,90716502.62260437,,,
2011-09-21,41.24027347561733,41.88152103300177,40.22229164052162,40.23832321166992,,2644900,106426341.06254578,,,
2011-09-22,38.94781615052165,39.4127195470604,38.61115922542604,39.044002532958984,,2324800,90769497.08862305,,,
2011-09-23,38.01800395593099,39.196298534559034,37.98594081119192,39.1001091003418,,2567100,100373890.07148743,,,
2011-09-26,39.452791184037096,40.02189815124243,38.72337157682355,39.99785232543945,,1568900,62752630.51338196,,,
2011-09-27,41.00781473157588,41.43264060753739,40.79139313692309,41.152095794677734,,2917400,120057124.27139282,,,
2011-09-28,42.30635257387569,42.626977923919455,41.047903120175356,41.14409255981445,,2277200,93693327.57720947,,,
2011-09-29,42.322373750825584,42.50673221161534,41.07995617559338,41.80937576293945,,1886800,78885930.18951416,,,
2011-09-30,40.75132593461398,41.37654199260626,40.54292160118652,40.574981689453125,,2541500,103121315.96374512,,,
2011-10-03,39.86159320927905,40.51887240830769,38.78750228881836,38.78750228881836,,1836700,71241005.45387268,,,
2011-10-04,38.875669832659256,40.08602439339729,38.36267179214222,40.06999588012695,,2300000,92160990.52429199,,,
2011-10-05,40.32649753159039,41.14408935865134,40.00587220649248,41.11202621459961,,2762800,113584306.0256958,,,
2011-10-06,40.78338547114157,42.18611587751382,40.639104384726515,42.154052734375,,1371700,57822714.13574219,,,
2011-10-07,42.56284448886146,42.92354718270797,42.00976906343644,42.08992385864258,,1353300,56960293.957901,,,
2011-10-10,43.059819866722506,44.013675513471604,43.01973940595275,43.89344024658203,,1212400,53216406.954956055,,,
2011-10-11,43.67702442271918,44.19803681089114,43.548774890184994,44.16597366333008,,1093600,48299908.79821777,,,
2011-10-12,44.38238269128256,45.09577070407587,44.03771159737199,44.63888168334961,,1321000,58967962.703704834,,,
2011-10-13,44.486587800155235,45.04768051007743,44.109853555632895,45.01561737060547,,1116200,50246432.109069824,,,
2011-10-14,46.0255879456909,46.48248009987809,45.76908891109686,46.2099494934082,,1447700,66898143.881607056,,,
2011-10-17,45.80115043692006,45.833213579539105,45.40838764182029,45.46449661254883,,1483200,67432941.37573242,,,
2011-10-18,45.84122416049773,47.09165910298643,45.456475653049516,46.76301956176758,,1506000,70425107.46002197,,,
2011-10-19,45.977496698817774,46.41835422736076,45.57671657146784,45.64885711669922,,1327200,60585163.1652832,,,
2011-10-20,45.94543597622327,46.13781179288222,45.31220260778701,46.00154495239258,,920600,42349022.28317261,,,
2011-10-21,46.795087724449125,47.17983627319336,46.64278932172914,47.17983627319336,,686700,32398393.56880188,,,
2011-10-24,46.867227912110145,47.829097747802734,46.85921059744391,47.829097747802734,,920100,44007552.837753296,,,
2011-10-25,47.829090654923974,48.013452172391546,47.0115020273726,47.548545837402344,,1175600,55898070.486450195,,,
2011-10-26,48.89516605103123,49.055478682412506,47.61267111539931,48.590572357177734,,2123400,103177221.3432312,,,
2011-10-27,49.608553149350264,50.84295641355137,49.16769571433817,50.27384948730469,,2332700,117273808.69903564,,,
2011-10-28,49.76086066389622,50.2658414084407,49.65665697759085,50.12957763671875,,1440200,72196617.71240234,,,
2011-10-31,49.071521594137536,49.36008378578276,48.382179260253906,48.382179260253906,,2516400,121748915.89050293,,,
2011-11-01,46.72294680272579,47.81306921087631,46.522556744101344,47.25999069213867,,2825900,133552007.69691467,,,
2011-11-02,47.8611592867801,48.60661052485167,47.6367234070027,48.294002532958984,,1526300,73711136.0660553,,,
2011-11-03,48.774938302146985,49.816969037267825,48.00544122261649,49.680702209472656,,2196000,109098822.05200195,,,
2011-11-04,48.782959390071056,49.18373953220742,48.49439719849931,48.95128631591797,,2982700,146007001.69448853,,,
2011-11-07,48.47835905243465,49.087546498196254,48.14170524638961,48.99937438964844,,3846600,188480993.52722168,,,
2011-11-08,49.472302676007416,49.80895653418106,48.87113245123174,49.72880172729492,,1904800,94723421.53015137,,,
2011-11-09,47.75696615715881,47.93330735135811,46.60271731951242,46.875247955322266,,2498100,117099056.91719055,,,
2011-11-10,47.78100387989809,47.989408185933065,46.95539785463447,47.84512710571289,,1773000,84829410.35842896,,,
2011-11-11,48.73485824025939,49.22381043836788,48.4623276572666,48.638671875,,1247100,60657287.6953125,,,
2011-11-14,48.10965006760049,48.29400857157093,47.67680676729952,47.86918258666992,,943100,45145426.0974884,,,
2011-11-15,47.933299639994054,48.65470504746553,47.70084644672996,48.33407974243164,,1043300,50426945.39527893,,,
2011-11-16,47.62870805120681,48.18980083143328,47.15579044443111,47.17983627319336,,1217900,57460322.59712219,,,
2011-11-17,47.781003018519755,48.00543889138976,46.85119332814617,47.18784713745117,,1270800,59966316.14227295,,,
2011-11-18,47.50847624362316,47.524507815500804,46.79508811247099,46.939369201660156,,902900,42381556.452178955,,,
2011-11-21,46.530568534545964,46.63477221566571,46.04963364242471,46.33819580078125,,1485800,68849291.32080078,,,
2011-11-22,46.105746427956205,46.36224546601554,45.73702944295963,46.017574310302734,,1076300,49528715.23017883,,,
2011-11-23,45.83321007251253,45.88130478276103,44.6308698356842,44.74308776855469,,2580400,115455063.67797852,,,
2011-11-25,44.19803237915039,44.70301620061709,44.1739865497457,44.19803237915039,,1138100,50301780.65071106,,,
2011-11-28,45.64885871672556,45.85726304485998,45.37632809826682,45.66489028930664,,626300,28599920.78819275,,,
2011-11-29,45.72901192903165,46.04963725406522,45.45648132006603,45.48854446411133,,1431400,65112302.545928955,,,
2011-11-30,47.55656940245935,48.069567454912075,47.364193603934794,48.06155014038086,,1081000,51954535.70175171,,,
2011-12-01,48.21384452528309,48.558515636399356,47.861156100303106,48.10162353515625,,995100,47865925.579833984,,,
2011-12-02,48.39821004226227,48.4543190166423,47.72489929199219,47.72489929199219,,600600,28663574.514770508,,,
2011-12-05,47.36419678321337,47.612681569297415,46.6588228848885,46.79508972167969,,3263700,152725134.324646,,,
2011-12-06,46.94738105559906,47.44434752752873,46.907303656811266,47.15578842163086,,867500,40907646.45576477,,,
2011-12-07,46.72294498843387,47.251974600351346,46.38628811300847,47.035552978515625,,1488700,70021827.71911621,,,
2011-12-08,46.53858627177178,46.88325740208486,46.13780617212489,46.18589782714844,,1575700,72775119.2062378,,,
2011-12-09,46.52255456404524,47.25197422094908,46.47445985145363,47.11570739746094,,1147000,54041716.384887695,,,
2011-12-12,46.322162989322436,46.322162989322436,45.68892972074605,45.921382904052734,,786300,36107983.377456665,,,
2011-12-13,46.26605330137723,46.49850342335395,44.72705620790358,44.90340042114258,,1168500,52469623.3921051,,,
2011-12-14,45.25608844602383,45.328228986791096,44.48659138297934,44.8953857421875,,1515800,68052425.70800781,,,
2011-12-15,45.761076497836136,45.785122327763915,44.8953899279184,44.975547790527344,,1096100,49297697.93319702,,,
2011-12-16,44.22207657691115,44.49460717837792,43.64495528852418,43.7732048034668,,1539800,67401980.75637817,,,
2011-12-19,44.13390017713532,44.19802339508351,43.47662114019347,43.53273010253906,,757900,32993456.144714355,,,
2011-12-20,44.614839061128734,44.831260674541966,44.35032579431882,44.67094802856445,,2326600,103931427.68325806,,,
2011-12-21,42.250231990424105,42.76322996340912,41.2001902200045,41.87350082397461,,6344000,265645489.22729492,,,
2011-12-22,42.514747253890036,42.65902831248879,42.21816782359868,42.59490203857422,,2605400,110976757.77130127,,,
2011-12-23,42.121986039095184,42.71514190630408,42.049845501971255,42.68307876586914,,1124000,47975780.532836914,,,
2011-12-27,42.95561640314112,42.97966223356415,42.66705420722533,42.71514892578125,,592400,25304454.223632812,,,
2011-12-28,42.33039859428336,42.34643016647023,41.649070536035445,41.84946060180664,,1606700,67239528.34892273,,,
2011-12-29,41.99373591482179,42.41054756119163,41.76128273666584,42.39451599121094,,626800,26572882.623291016,,,
2011-12-30,42.47468247020574,42.5708688519216,42.354447199778456,42.44261932373047,,651800,27664099.27520752,,,
2012-01-03,43.508686256867755,43.80526572955111,43.38845406265593,43.62892150878906,,2083400,90896495.07141113,,,
2012-01-04,43.82129238669911,43.86938709697262,43.196076441690124,43.404483795166016,,1973000,85637046.52786255,,,
2012-01-05,43.21211040332133,43.39646888300897,43.01973460928973,43.3483772277832,,2471000,107113840.1298523,,,
2012-01-06,43.09187636728139,43.32432956647163,42.72315939748902,43.28425216674805,,1557100,67397909.04884338,,,
2012-01-09,43.74114066967315,43.92549915212104,43.492655902351444,43.88542175292969,,1947500,85466858.86383057,,,
2012-01-10,42.8193471714891,43.268222013147145,42.79530134240892,43.180049896240234,,2576100,111236126.53770447,,,
2012-01-11,42.42657995142798,42.89148325901878,42.30634470310294,42.803314208984375,,4208200,180124906.85424805,,,
2012-01-12,42.65903293939762,42.883468807023455,42.44261132802583,42.68307876586914,,2380400,101602800.6942749,,,
2012-01-13,43.79725082289014,43.92550033839178,43.29226701785446,43.73312759399414,,5496900,240396629.0714264,,,
2012-01-17,44.670947035476324,44.87935438792677,44.470556996886685,44.62285232543945,,3106500,138620890.74897766,,,
2012-01-18,45.4564731616613,45.849238961449394,45.336240979634944,45.769081115722656,,2356500,107854839.64920044,,,
2012-01-19,45.376326127309376,45.80916939506822,45.248076609941165,45.72901153564453,,1837400,84022485.79559326,,,
2012-01-20,45.61679039433119,45.785117300763716,45.54464985475875,45.69694519042969,,1339300,61201918.69354248,,,
2012-01-23,46.1137563016379,46.48247630929419,45.985506794799456,46.29811477661133,,1799000,83290308.48312378,,,
2012-01-24,46.15383713914014,46.75500728074451,46.121773997737634,46.5385856628418,,1970700,91713590.76576233,,,
2012-01-25,46.29812353649907,46.99548322848043,45.96146966399222,46.875247955322266,,2364700,110845898.83995056,,,
2012-01-26,47.8852044778575,48.03749980485531,47.48442440477024,47.52450180053711,,2182100,103703215.37895203,,,
2012-01-27,47.949331023449325,48.55851848908878,47.92528519586418,48.3741569519043,,2272500,109930271.67320251,,,
2012-01-30,47.989408421994405,48.44629749236925,47.845127341064504,48.3741569519043,,1254900,60704729.5589447,,,
2012-01-31,48.702791261537904,48.726840144239794,48.29399694811602,48.478355407714844,,1047600,50785925.12512207,,,
2012-02-01,49.20777992127508,49.67268630244843,49.15968826647059,49.25587463378906,,1559800,76829313.25378418,,,
2012-02-02,49.74482368038313,50.121554869146216,49.528402074391074,49.63260269165039,,1293300,64189845.06111145,,,
2012-02-03,50.514319816942006,50.73074141921311,50.23377193649758,50.634552001953125,,1811900,91744744.77233887,,,
2012-02-06,50.43416812226516,50.61852966565122,50.241795379693926,50.49028015136719,,672300,33944615.34576416,,,
2012-02-07,50.89105991731108,51.08343265856531,50.40210769191641,50.97922897338867,,970400,49470243.79577637,,,
2012-02-08,50.56241515934754,50.97922374186167,50.482257310626146,50.92311477661133,,904400,46054865.003967285,,,
2012-02-09,50.818915394723255,51.50825762193167,50.69868014757412,51.17961502075195,,2939200,150427124.46899414,,,
2012-02-10,50.32195478826938,50.66662596279533,50.185691004610696,50.41814422607422,,1288500,64963778.83529663,,,
2012-02-13,50.70669391493854,50.81089759094924,50.56241590054361,50.7628059387207,,1245900,63245379.919052124,,,
2012-02-14,51.03534114834247,51.17160798485269,50.75479627568875,51.011295318603516,,1286400,65620930.29785156,,,
2012-02-15,51.187633688313156,51.211679515295124,50.578446237954836,50.66661834716797,,886300,44905823.84109497,,,
2012-02-16,50.963201687787965,51.80483627319336,50.81892059951571,51.80483627319336,,895400,46386050.399017334,,,
2012-02-17,52.05332222100303,52.085385363392945,51.50826103121277,51.65254211425781,,616500,31843792.21343994,,,
2012-02-21,52.57433693817956,52.886951080156194,52.18959142030328,52.39799880981445,,1337100,70061364.2086029,,,
2012-02-22,52.40600421318347,52.85488208828287,52.23767730330336,52.62242889404297,,1926200,101361322.53570557,,,
2012-02-23,52.9029756012785,53.44803680663571,52.31783393793442,53.41597366333008,,1588400,84845932.5668335,,,
2012-02-24,54.30569542717013,54.36982170127894,54.08125958320739,54.32172393798828,,2144400,116487504.81262207,,,
2012-02-27,52.9911381815267,53.96102515918272,52.93502921969265,53.71254348754883,,914400,49114749.76501465,,,
2012-02-28,54.04920320632189,54.674419168536026,53.91293944336115,54.62632751464844,,947900,51780295.851135254,,,
2012-02-29,54.48205125438239,54.906877209065726,53.97706438224082,54.19348907470703,,1205500,65330251.079559326,,,
2012-03-01,54.3698251774951,54.778616441384735,54.20149828376082,54.72250747680664,,1663300,91019946.68617249,,,
2012-03-02,54.35379542232506,54.3858585643035,53.9930957770509,54.23356628417969,,1006500,54586084.465026855,,,
2012-03-05,54.762598360828456,54.786644190882434,54.20951980790826,54.58625411987305,,1309900,71502534.2716217,,,
2012-03-06,53.8247701028765,53.92897073013235,52.95106628132504,53.20756530761719,,2428100,129193289.3234253,,,
2012-03-07,53.29573398991942,53.6404051076293,53.17549874133807,53.44803237915039,,1069100,57141291.41654968,,,
2012-03-08,54.385856843680976,55.33971541225023,54.289673536207665,55.147342681884766,,1436900,79241216.69960022,,,
2012-03-09,55.059176246636916,55.41185860274579,54.93894098448685,55.29964065551758,,1006200,55642498.42758179,,,
2012-03-12,55.019084445202566,55.70842661630687,54.93892965876634,55.62025451660156,,719200,40002087.048339844,,,
2012-03-13,55.82064162401301,56.726402282714844,55.80461311373046,56.726402282714844,,2876700,163184841.4466858,,,
2012-03-14,56.485954899762525,56.75047126449785,56.205410019931,56.45389175415039,,2908700,164207434.94529724,,,
2012-03-15,56.558097318080854,57.35164648141962,56.51000565318284,57.279502868652344,,2085400,119450675.2822876,,,
2012-03-16,57.50393011840667,57.792492295109696,57.40774680311855,57.712337493896484,,1402200,80924239.63394165,,,
2012-03-19,57.64820744456363,58.12914233587582,57.35964528669253,57.9608154296875,,1144200,66318765.01464844,,,
2012-03-20,57.15926334410091,57.58408932692316,57.04704539072974,57.43179702758789,,1942500,111561265.72608948,,,
2012-03-21,57.15125100454532,57.35965227641059,56.94284361726038,57.103153228759766,,1725100,98508649.63493347,,,
2012-03-22,56.31761853613176,56.94283448226732,56.277538081976935,56.550071716308594,,1771200,100161487.02392578,,,
2012-03-23,56.285560458206966,56.5420594877787,55.94088931389939,56.4138069152832,,1221900,68932030.66978455,,,
2012-03-26,56.71840771499337,57.11117054396064,56.67832725440868,57.103153228759766,,2349700,134175279.14161682,,,
2012-03-27,57.087113749952,57.11917688917796,56.5580811258516,56.57411575317383,,855400,48393498.61526489,,,
2012-03-28,57.04703532204237,57.05505263598807,55.99699346564823,56.27753829956055,,1708800,96167057.44628906,,,
2012-03-29,55.435910731244654,56.069137957522756,55.29162963927027,55.988983154296875,,1333200,74644512.3413086,,,
2012-03-30,56.0210442745071,56.245480161598,55.82867153063194,55.964935302734375,,2315300,129575614.7064209,,,
2012-04-02,56.26150287822317,57.135200413034894,56.11722182201174,56.88671875,,1582200,90006166.40625,,,
2012-04-03,56.71840903486425,56.73443755021931,55.26758072072855,55.5801887512207,,2088300,116068108.1691742,,,
2012-04-04,54.46601113263905,54.74656208461473,53.44001509299168,54.08928298950195,,2724600,147371660.43319702,,,
2012-04-05,52.99114630828133,54.11333183247946,52.92702002337421,54.00111389160156,,3228200,174326395.86486816,,,
2012-04-09,52.87893441104241,53.303760395122836,52.86289978027344,52.86289978027344,,1293300,68367588.28582764,,,
2012-04-10,53.0071724937431,53.311769275964586,51.532304698169696,51.75674057006836,,3884000,201023180.3741455,,,
2012-04-11,52.70258053976579,53.223595867044935,52.47012735942837,52.838844299316406,,2572200,135912075.30670166,,,
2012-04-12,53.65644540423421,53.68049123340707,52.26172615801448,52.78274154663086,,5235300,276333486.81907654,,,
2012-04-13,53.29573758501327,53.31177221412909,51.69261713690587,52.43806838989258,,5666500,297140314.5313263,,,
2012-04-16,51.1956530058826,51.47620093181444,50.80289019037164,51.08343505859375,,3275800,167339116.5649414,,,
2012-04-17,51.51627152035734,52.205613783693586,51.22771241595313,52.06133270263672,,2400300,124962816.88613892,,,
2012-04-18,52.14149602368246,52.46211522713495,51.949117163107786,52.005226135253906,,2567100,133502616.0118103,,,
2012-04-19,52.101416351782035,52.54227693631103,51.30787341504925,51.5242919921875,,2270500,116985904.96826172,,,
2012-04-20,52.333860886302396,52.622423018281815,52.18156250680815,52.27775192260742,,3112300,162704047.30873108,,,
2012-04-23,51.39604614420466,51.548338435331154,50.89907658076274,51.49222946166992,,1464400,75405220.82366943,,,
2012-04-24,51.81284417875673,52.4380600759246,51.52428205461491,52.221641540527344,,3258000,170138108.1390381,,,
2012-04-25,52.462117010882096,52.99916703730564,52.365933692743766,52.870914459228516,,4945400,261467820.3666687,,,
2012-04-26,52.422038880210025,53.90492404345164,52.3498952813979,53.832786560058594,,3353300,180517483.17184448,,,
2012-04-27,53.52017104009815,53.680486746883965,53.28772396724181,53.456050872802734,,1179700,63062103.214645386,,,
2012-04-30,53.03923995135981,53.32780212883368,52.87091303373662,53.13542938232422,,1149700,61089803.160858154,,,
2012-05-01,53.06328858956349,53.41597707301927,53.031231559630854,53.247650146484375,,1291800,68785314.45922852,,,
2012-05-02,52.78273655238675,52.959080770194745,52.325847495074605,52.77471923828125,,1307400,68997667.9321289,,,
2012-05-03,52.22165543634866,52.59037244521665,51.700640011597436,51.84492111206055,,3209200,166380720.8328247,,,
2012-05-04,50.8990761848176,51.147560964605596,50.249811277590105,50.43416976928711,,1406700,70945746.61445618,,,
2012-05-07,50.201716994346064,50.634557185489534,50.01735851228856,50.60249710083008,,3606100,182477664.79530334,,,
2012-05-08,49.90513507550449,50.10552511895492,49.12762378615919,49.92918395996094,,1685300,84145653.72772217,,,
2012-05-09,49.23182519515634,50.041402695970625,49.02342089202452,49.8570442199707,,1823800,90929277.24838257,,,
2012-05-10,50.12956707745476,50.20170760543828,49.368084406008514,49.53641128540039,,2447800,121255227.54440308,,,
2012-05-11,49.78491029728481,50.70670279979074,49.68070660301549,50.3780632019043,,2159000,108766238.45291138,,,
2012-05-14,49.68070281672029,50.3459992770383,49.560470616535696,49.80895233154297,,1809900,90149222.82485962,,,
2012-05-15,49.2558821040418,49.64864494715669,48.65471186613497,48.72685241699219,,1981200,96537640.00854492,,,
2012-05-16,48.91120302275864,49.167702038218366,48.26995548410934,48.35812759399414,,1454400,70332060.77270508,,,
2012-05-17,48.66271682306114,48.774934756788724,47.973374592780964,47.98139190673828,,1272600,61061119.34051514,,,
2012-05-18,48.06155277410702,48.06957008907757,46.77104025772517,46.915321350097656,,2768500,129885067.15774536,,,
2012-05-21,47.97447343836398,48.47609253336151,47.61265132018165,48.344520568847656,,1566000,75707519.21081543,,,
2012-05-22,48.8543586995547,49.14217137491113,47.86756745459669,48.26228332519531,,2979300,143787820.7107544,,,
2012-05-23,48.13071676586858,48.49254204051912,47.48108192050857,48.352745056152344,,2280800,110282940.92407227,,,
2012-05-24,48.12248779966491,48.18827220732116,47.2261528947737,47.44818115234375,,1826300,86654613.23852539,,,
2012-05-25,46.93833975754481,47.38239313129683,46.88077408815563,46.93011474609375,,1376500,64599302.94799805,,,
2012-05-29,48.29518194604493,48.500763345340324,47.54686577808659,47.875797271728516,,1269000,60754386.73782349,,,
2012-05-30,46.979460318380404,47.07813850765625,46.58474442435397,46.67519760131836,,1827200,85284921.0571289,,,
2012-05-31,47.73600136355191,47.76067326513051,46.59296925964737,47.135704040527344,,3476000,163843707.24487305,,,
2012-06-01,45.795310266079554,46.15713552768708,45.20323798358901,45.42526626586914,,2233500,101457332.20481873,,,
2012-06-04,45.392375845442366,45.72130421849166,45.088116237717834,45.5650634765625,,1390600,63362777.27050781,,,
2012-06-05,45.153898017788144,45.861098527038926,45.153898017788144,45.795310974121094,,2079900,95249667.29507446,,,
2012-06-06,46.10779320954226,47.308387756347656,46.050230672155905,47.308387756347656,,3098800,146599231.97937012,,,
2012-06-07,47.727772924631125,47.810004220123474,46.666972273396404,46.70808792114258,,1284100,59977855.699539185,,,
2012-06-08,46.37915965575937,47.176813261108585,46.231140814164085,47.12747573852539,,1051200,49540402.49633789,,,
2012-06-11,48.27051044620552,48.3034042210901,46.91367203298564,46.9630126953125,,1666400,78259164.35546875,,,
2012-06-12,47.111029543244015,47.48107665266162,46.32981967601193,47.43173599243164,,1042700,49457071.11930847,,,
2012-06-13,47.33305949084607,47.95802552468579,47.00412801813695,47.34950637817383,,1104200,52283324.94277954,,,
2012-06-14,47.31661768793702,47.51397408323106,46.97123929078742,47.47285842895508,,1051000,49893974.20883179,,,
2012-06-15,47.97447673807247,48.46787085470455,47.72777967975643,48.41853332519531,,720200,34871027.700805664,,,
2012-06-18,48.17183211371538,48.60766365039568,47.99091948931691,48.38563537597656,,810200,39202041.78161621,,,
2012-06-19,49.28197884972899,49.84938244650284,49.19152252192659,49.4875602722168,,1817000,89918897.01461792,,,
2012-06-20,49.561562468410784,49.89871582655277,49.290193524652956,49.58623123168945,,899800,44617690.86227417,,,
2012-06-21,49.08461909728344,49.16685354808655,47.308395739942426,47.34128952026367,,1351800,63995955.17349243,,,
2012-06-22,47.57153155688697,47.596203456361934,47.06991560910004,47.41529083251953,,1349900,64005901.094818115,,,
2012-06-25,46.26404017094465,46.420284053704094,45.96800556887486,46.280487060546875,,1615000,74742986.6027832,,,
2012-06-26,46.25582026558151,46.64231434539391,46.124248280080806,46.46962356567383,,1096900,50972530.08918762,,,
2012-06-27,46.740978434636716,47.11102551239284,46.47783454310405,47.053462982177734,,885000,41642314.739227295,,,
2012-06-28,46.09957198739425,46.28048147734726,45.680184195440276,46.231143951416016,,1812400,83789325.29754639,,,
2012-06-29,48.17183095765333,48.96126271202728,48.007365224594686,48.8132438659668,,1837100,89674810.3061676,,,
2012-07-02,49.364200592041016,49.38064747908175,48.81324399232969,49.364200592041016,,1795900,88653167.84324646,,,
2012-07-03,49.38887416168142,49.9398307800293,49.273745948501976,49.9398307800293,,574100,28670456.85081482,,,
2012-07-05,47.98269619083629,48.73101234086067,47.785339808919495,48.36919021606445,,2327000,112555105.63278198,,,
2012-07-06,46.634076955452244,46.81498956384924,45.55683259034623,45.852867126464844,,3036500,139232231.0295105,,,
2012-07-09,45.507496639324756,45.67196237879411,45.046993196195174,45.639068603515625,,1849600,84414021.2890625,,,
2012-07-10,45.94332680641433,46.198248851802425,45.50749527625942,45.68840789794922,,2792200,127571172.53265381,,,
2012-07-11,46.33803957842857,47.086355640320065,46.32159582930811,46.6505241394043,,2995000,139718319.79751587,,,
2012-07-12,48.68167885898514,48.92015404912993,47.25083085503977,48.02381896972656,,11270800,541266858.8439941,,,
2012-07-13,48.426744639219486,49.948048584729904,48.41852276506891,49.80002975463867,,3834400,190953234.09118652,,,
2012-07-16,49.29841613769531,49.586228818349134,49.0517191061459,49.29841613769531,,1513400,74608222.98278809,,,
2012-07-17,49.57801235469958,50.18653155647933,49.02705255841021,50.11252212524414,,3230700,161898525.23002625,,,
2012-07-18,49.73424682256411,51.987420116256715,49.73424682256411,51.2473258972168,,4734300,242620214.99519348,,,
2012-07-19,51.47757596280659,51.70782924001833,51.23910394761724,51.420013427734375,,1895400,97461493.45092773,,,
2012-07-20,50.82794003957708,51.07463706100477,50.48256170004006,50.597686767578125,,1426200,72162420.86791992,,,
2012-07-23,48.52543227596364,49.56156428864512,47.88401931177629,49.397098541259766,,1811200,89468024.87792969,,,
2012-07-24,50.77038175666557,50.860834933788276,49.50399963387067,50.038509368896484,,2626200,131411133.30459595,,,
2012-07-25,50.82794865532085,50.98418939676045,50.07963245255501,50.38389205932617,,1050700,52938355.38673401,,,
2012-07-26,51.66671595487296,52.48081649494377,51.592706529691704,52.299903869628906,,2165000,113229291.87774658,,,
2012-07-27,52.637061475231846,53.714305963950174,52.51371138500278,53.54161834716797,,1918500,102719594.79904175,,,
2012-07-30,52.43147868548359,53.00710723077932,52.43147868548359,52.867313385009766,,2201600,116392677.1484375,,,
2012-07-31,52.72751971913307,52.91665109373799,52.086103618164586,52.1025505065918,,1099300,57276333.77189636,,,
2012-08-01,52.49726637499629,52.50548825074155,51.46935937606304,51.61737823486328,,1081400,55819032.82318115,,,
2012-08-02,51.41179295653173,51.95452768554724,50.89372698981416,51.1322021484375,,1079900,55217665.100097656,,,
2012-08-03,52.54659789178835,53.58272972299782,52.42324781862253,53.32780456542969,,1493300,79634410.55755615,,,
2012-08-06,53.83765996074498,54.10902892417074,53.648522305490054,53.67319107055664,,1125400,60403809.23080444,,,
2012-08-07,53.59917347162544,53.71429853355479,53.24557327460092,53.32780456542969,,1450000,77325316.61987305,,,
2012-08-08,53.344265080474166,53.50050268162645,52.9906648138981,53.17157745361328,,1154000,61360000.38146973,,,
2012-08-09,52.66995680863128,53.278475991553485,52.64528177077872,52.79330062866211,,1439500,75995956.2549591,,,
2012-08-10,52.08610167249776,52.72751774950626,51.93808281910527,52.702842712402344,,3372600,177745607.33184814,,,
2012-08-13,52.79330046137737,53.114006940134104,52.415034579096364,52.83441925048828,,1342100,70909074.07608032,,,
2012-08-14,53.237356865191025,53.27025064160642,52.72751901536838,52.87553787231445,,687600,36357219.84100342,,,
2012-08-15,52.38213638074854,52.719289719304264,52.35746448198003,52.59593963623047,,578200,30410972.297668457,,,
2012-08-16,52.34102058126591,53.14689607718117,52.33279556939245,52.941314697265625,,763300,40410105.50842285,,,
2012-08-17,52.456150678079695,52.785082172229565,52.30813181940458,52.69462585449219,,1212000,63865886.53564453,,,
2012-08-20,53.32781272001373,53.46760656318366,53.048225033673894,53.31958770751953,,1021200,54449962.966918945,,,
2012-08-21,54.11724614862789,54.372171352823145,53.62385203956563,53.82943344116211,,1045200,56262523.83270264,,,
2012-08-22,53.015325991039035,53.599176343202046,52.94131343363618,53.475826263427734,,794500,42486543.966293335,,,
2012-08-23,53.23735488738261,53.27847367483584,52.743960807174446,53.05644226074219,,643300,34131209.30633545,,,
2012-08-24,52.76040628717506,53.426487924390806,52.6617249700949,53.27846908569336,,525500,27997835.50453186,,,
2012-08-27,53.56628658188459,54.166587002357986,53.426492742132616,53.85409927368164,,1034200,55695909.46884155,,,
2012-08-28,53.58274193704487,53.69786702521669,53.22091664630673,53.39360427856445,,1416600,75637379.8210144,,,
2012-08-29,53.623843689645284,53.87054384268529,53.4018185709857,53.459381103515625,,847900,45328209.2376709,,,
2012-08-30,53.60740585749325,53.60740585749325,52.604167659371484,52.702842712402344,,1033500,54468387.94326782,,,
2012-08-31,54.388605376792675,54.479061679224294,53.71429875111307,53.993892669677734,,1235700,66720253.17192078,,,
2012-09-04,54.70108897787588,54.709313989474225,53.93632601921486,54.3803825378418,,1230000,66887870.52154541,,,
2012-09-05,55.00535334198132,55.25205350667238,54.79977196268737,54.890228271484375,,1772500,97292929.61120605,,,
2012-09-06,55.20271681334501,56.23884885500094,55.20271681334501,56.0414924621582,,1293100,72467253.90281677,,,
2012-09-07,56.09904714756562,56.617109958910255,56.02503458946169,56.559547424316406,,1243800,70348765.08636475,,,
2012-09-10,55.992143163505276,56.55132478322056,55.88524310159132,56.12371826171875,,882700,49540406.10961914,,,
2012-09-11,56.18128837623734,57.08584533999711,56.18128837623734,56.84737014770508,,1212600,68933121.04110718,,,
2012-09-12,57.79304246963595,58.01507389616345,57.554567291513976,57.85060501098633,,1199900,69414940.9526825,,,
2012-09-13,57.78480774197864,58.7633770542618,57.4969950836146,58.664695739746094,,960300,56335707.318878174,,,
2012-09-14,59.14988157801308,59.61860692634218,59.018306468522404,59.232112884521484,,747000,44246388.32473755,,,
2012-09-17,59.34723370341666,59.561040104050555,58.845614613763715,59.06764602661133,,566400,33455914.709472656,,,
2012-09-18,59.347232416649845,60.013320366904466,59.24033235557374,59.90641403198242,,950400,56935055.895996094,,,
2012-09-19,59.881741294887064,60.17777897005072,59.741947468794656,59.94752883911133,,762800,45727974.99847412,,,
2012-09-20,59.454147050223256,59.71729100747158,59.166328053424635,59.55282211303711,,1092400,65055502.87628174,,,
2012-09-21,60.67117300404163,60.73696054826589,59.88996630637648,59.94752883911133,,1112300,66679636.32774353,,,
2012-09-24,59.42124405553557,59.68438797197219,59.2732252104246,59.46235656738281,,606000,36034188.079833984,,,
2012-09-25,60.20245367785204,60.52316014531982,59.28144678926607,59.306121826171875,,1810200,107355941.72973633,,,
2012-09-26,58.360454313583176,58.48380441993022,58.01507903488907,58.15487289428711,,979600,56968513.48724365,,,
2012-09-27,58.648252353627306,58.99362754580014,58.19597083493994,58.69758987426758,,1327700,77932790.07606506,,,
2012-09-28,58.71404141535327,58.89495402750651,58.10552230762063,58.65647888183594,,1566700,91897105.46417236,,,
2012-10-01,59.29790100219857,59.45414487774038,57.79304361080721,58.08085632324219,,2031700,118002875.79193115,,,
2012-10-02,58.393334458548615,58.549572034515805,57.784809082354535,58.072628021240234,,1301800,75598947.15805054,,,
2012-10-03,58.37689335129364,58.65648732135279,58.02329308771226,58.13019943237305,,930600,54095963.59176636,,,
2012-10-04,57.406548858508344,58.574255993483405,57.17629869139528,58.43445587158203,,2147200,125470463.64746094,,,
2012-10-05,59.0923073170892,59.35545121003823,58.69758834074302,59.026519775390625,,1367900,80742376.40075684,,,
2012-10-08,59.00186813928295,59.24856835532751,58.63182408906323,58.9031867980957,,922200,54320518.86520386,,,
2012-10-09,58.35221287106727,58.44266917199733,57.390093605369664,57.4640998840332,,1322100,75973286.4566803,,,
2012-10-10,56.732230456559215,56.913143057517686,56.469086566213775,56.78157424926758,,2344500,133124400.82740784,,,
2012-10-11,57.52989818375929,57.727254570947196,56.724022609664914,57.09406661987305,,1099900,62797763.875198364,,,
2012-10-12,58.015068578861154,58.434450081470345,57.57923077847283,58.00684356689453,,1877100,108884646.05941772,,,
2012-10-15,58.54957123928169,58.78804637960323,58.14663351369828,58.771602630615234,,990100,58189763.76457214,,,
2012-10-16,59.62682892808828,59.725503981376825,59.25677865671759,59.54459762573242,,1010000,60140043.601989746,,,
2012-10-17,59.05941948725264,59.19099458388544,58.72226928136145,58.804500579833984,,1669600,98179994.16809082,,,
2012-10-18,58.59069431041776,59.01008208952709,58.006843934010554,58.343994140625,,2072700,120929596.65527344,,,
2012-10-19,58.76338440877546,58.788053172030445,57.71080868425478,57.735477447509766,,2023300,116816191.51954651,,,
2012-10-22,57.98216703206861,58.056173308309624,56.937810236914956,57.2831916809082,,1956900,112097477.80036926,,,
2012-10-23,56.46908963351674,57.53811527515066,56.12371443502414,57.307865142822266,,2008400,115097116.35284424,,,
2012-10-24,59.26500847286944,59.59393998280083,58.16309512952298,58.55780792236328,,3315700,194160123.72817993,,,
2012-10-25,58.837396376641166,59.174546594122546,58.179533418553696,58.335777282714844,,1377500,80357533.2069397,,,
2012-10-26,58.985420209032746,59.16632657762805,58.344000947507595,58.87028884887695,,1899100,111800565.55290222,,,
2012-10-31,60.24356651427498,60.31757279614313,59.709053696682524,59.94752883911133,,992600,59503917.125701904,,,
2012-11-01,60.50670883633416,60.79452149248809,60.08732109516967,60.75340270996094,,1095000,66524975.96740723,,,
2012-11-02,60.556062462633825,60.556062462633825,59.89819941029717,59.922874450683594,,776000,46500150.57373047,,,
2012-11-05,59.78305846642617,60.09554615666474,59.47880206131435,59.98863983154297,,647800,38860640.882873535,,,
2012-11-06,60.309346473047746,60.77807801006751,60.24356520409962,60.654727935791016,,607200,36829550.802612305,,,
2012-11-07,59.24033082565793,59.51169975120356,58.8785055915971,59.339012145996094,,1076900,63902182.18002319,,,
2012-11-08,58.87851441923854,59.067652076449285,58.52491414398547,58.55780792236328,,703800,41212985.21575928,,,
2012-11-09,58.04795504344888,58.55779912090338,57.96572374678739,58.32754898071289,,1221900,71270432.09953308,,,
2012-11-12,58.335761984846066,58.70580588057677,58.031499348596846,58.50844955444336,,915700,53576187.257003784,,,
2012-11-13,58.5495766373806,59.28144587480941,58.41800781180995,58.862064361572266,,969000,57037340.366363525,,,
2012-11-14,59.26500847286944,59.32257101656893,58.31933273450918,58.55780792236328,,1228100,71914843.90945435,,,
2012-11-15,58.27821686698486,58.51669204113097,58.03974169283875,58.41801071166992,,713400,41675408.84170532,,,
2012-11-16,58.533134819030714,58.7469412257175,57.99862193923688,58.5660285949707,,822800,48188128.327941895,,,
2012-11-19,59.49524536875402,60.514927175493625,59.46235159771786,60.41625213623047,,1049500,63406856.61697388,,,
2012-11-20,60.523151782306556,61.16456462861249,60.29290166043727,61.14812088012695,,1784900,109143280.9589386,,,
2012-11-21,61.65797451398635,62.02801851403804,61.47706188326019,61.863555908203125,,772800,47808156.005859375,,,
2012-11-23,63.17926738968081,63.63154263404434,63.14637361800693,63.49174880981445,,702800,44622001.0635376,,,
2012-11-26,63.62332557002584,64.01803829280377,63.286169106884316,64.00159454345703,,770000,49281227.798461914,,,
2012-11-27,63.33551506655144,63.5493214796168,63.07237112502731,63.30262756347656,,848700,53724940.01312256,,,
2012-11-28,62.973701582873126,63.771358489990234,62.85035147707771,63.771358489990234,,550700,35118887.12043762,,,
2012-11-29,64.29763112975797,64.6183375642569,63.91936216275528,64.49498748779297,,893300,57613372.32284546,,,
2012-11-30,64.40454769395679,64.68414169054101,63.93582230230854,64.1331787109375,,1602400,102767005.56640625,,,
2012-12-03,65.37489025490409,65.54757789139504,65.07062750079324,65.3995590209961,,1302600,85189465.58074951,,,
2012-12-04,65.85182419794046,66.12319310486752,65.51466774863493,65.89293670654297,,1331100,87710088.05007935,,,
2012-12-05,65.03771439583272,65.46532712718805,64.7334580059767,64.88970184326172,,1956900,126982657.53707886,,,
2012-12-06,64.99660764820246,65.3584328723557,64.70879498073765,64.8979263305664,,876300,56870052.84347534,,,
2012-12-07,65.07883894264303,65.19396400962894,64.60188865150387,64.8979263305664,,885100,57441154.595184326,,,
2012-12-10,65.06239525279663,65.32553915955448,64.94727018570542,65.31731414794922,,705300,46068301.668548584,,,
2012-12-11,65.5640247112031,65.80249362099327,65.45711836490412,65.63803100585938,,718500,47160925.27770996,,,
2012-12-12,65.72025342607071,65.87649728101167,65.47355953673029,65.58045959472656,,1212900,79542539.44244385,,,
2012-12-13,65.42420834668827,65.6133459536041,64.74990175386957,64.88970184326172,,537200,34858747.830200195,,,
2012-12-14,65.28441740347193,66.16430538981194,65.21041112393037,66.10674285888672,,853600,56428715.7043457,,,
2012-12-17,65.89294436422567,66.35345094054676,65.89294436422567,66.31233215332031,,726000,48142753.14331055,,,
2012-12-18,65.75315980723607,66.78106689453125,65.73671605433202,66.78106689453125,,2134400,142537509.1796875,,,
2012-12-19,66.7810708827852,67.068883629647,66.08209527645012,66.18899536132812,,1870700,123819753.62243652,,,
2012-12-20,66.52613546513008,66.73171684402489,66.23009777761389,66.682373046875,,782200,52158952.197265625,,,
2012-12-21,65.57223972702704,65.8436086730514,65.2350895029922,65.46533966064453,,1144700,74938174.3095398,,,
2012-12-24,65.72847704564033,65.90938965829876,65.36665182032348,65.86827087402344,,325700,21453295.823669434,,,
2012-12-26,65.75315218242007,66.33700258743808,65.4982332619626,65.81071472167969,,419300,27594432.682800293,,,
2012-12-27,66.44389542047672,66.5507954648433,65.60511999166367,66.27942657470703,,900900,59711135.401153564,,,
2012-12-28,65.67914284606042,65.90116798038,65.25975506585016,65.284423828125,,524700,34254737.18261719,,,
2012-12-31,65.4735706521986,66.41102139330417,65.29265800499458,66.0985336303711,,1022900,67612190.05050659,,,
2013-01-02,67.4718080038688,67.7596206665039,67.01130146980711,67.7596206665039,,686500,46516979.58755493,,,
2013-01-03,66.85507153825442,67.01130913077768,66.04918971689933,66.15608978271484,,990000,65494528.884887695,,,
2013-01-04,65.7695973609071,66.32055394948617,65.69558480225777,66.13141632080078,,1485400,98231605.80291748,,,
2013-01-07,65.46533107919912,65.7366999896514,65.35020601546398,65.61334991455078,,1193300,78296410.45303345,,,
2013-01-08,65.75314205920603,65.86826712000087,64.87325408093382,65.6955795288086,,1359800,89332849.04327393,,,
2013-01-09,65.38311471822212,65.90940263658086,65.35022093909384,65.8271713256836,,1320300,86911614.30130005,,,
2013-01-10,66.36988860055014,68.17078340565278,65.79426327527992,67.7596206665039,,3014100,204234272.65090942,,,
2013-01-11,67.25801138960723,67.58694288346074,67.0195362134096,67.24978637695312,,2475200,166456671.24023438,,,
2013-01-14,67.36489450091149,67.43068203789073,66.96195681614212,67.33200073242188,,1082100,72859957.99255371,,,
2013-01-15,63.91115234876311,64.59368416349702,63.442426965818115,63.771358489990234,,4501900,287092278.78608704,,,
2013-01-16,63.98514709855443,64.7663601116844,63.95225332468987,64.248291015625,,1411400,90680037.93945312,,,
2013-01-17,64.31408219625166,64.4209822619655,63.64800049094572,63.870025634765625,,1558300,99528660.94665527,,,
2013-01-18,63.82068364923712,63.96047748090681,63.31906458374395,63.63154602050781,,1310400,83382777.90527344,,,
2013-01-22,63.36840837763686,63.81246495204066,63.10526443804717,63.74667739868164,,1442700,91967331.483078,,,
2013-01-23,63.96048075817683,64.96371894056807,63.86180570669317,64.65123748779297,,1709300,110508360.23788452,,,
2013-01-24,64.61012143934676,64.96372169446033,64.41276505416715,64.55255889892578,,814000,52545782.943725586,,,
2013-01-25,66.23010703780042,66.8057324696506,66.10675693844776,66.60015106201172,,1365100,90915866.2147522,,,
2013-01-28,66.55080998927397,66.55080998927397,66.02452211564079,66.08208465576172,,719000,47513018.867492676,,,
2013-01-29,66.13964579973481,66.92907759352042,66.08208326082898,66.7892837524414,,1460500,97545748.92044067,,,
2013-01-30,66.94552099071451,67.32378996233976,66.8221709127432,67.0606460571289,,1180000,79131562.34741211,,,
2013-01-31,67.29090595550585,67.71028749808694,67.21689338844381,67.4471435546875,,967300,65241621.96044922,,,
2013-02-01,68.50793433928165,68.77930325581339,68.26124045739917,68.72174072265625,,1577400,108401673.81591797,,,
2013-02-04,67.58694379153016,67.93231904148577,66.69883062834731,66.97019958496094,,1029200,68925729.4128418,,,
2013-02-05,66.96195681614212,67.34022574300549,66.87972553184048,67.33200073242188,,938800,63211282.287597656,,,
2013-02-06,65.89294276180811,66.32055555271835,65.4571112327293,65.91761779785156,,1261500,83155074.85198975,,,
2013-02-07,65.72848661118626,65.81894293067968,64.89793598394954,65.5722427368164,,1309800,85886523.53668213,,,
2013-02-08,65.38310279537039,65.82715932185651,65.31731524911044,65.72025299072266,,1373100,90240479.38156128,,,
2013-02-11,65.13642589533158,65.25977602015836,64.61013788499547,65.16109466552734,,1645100,107196516.83425903,,,
2013-02-12,65.47355972183956,66.5508041381836,65.37487840151695,66.5508041381836,,939200,62504515.24658203,,,
2013-02-13,66.4110181827156,66.64126835026333,66.0985304348895,66.33700561523438,,723200,47974922.4609375,,,
2013-02-14,65.33375338318541,65.84359741210938,65.22685333508555,65.84359741210938,,816200,53741544.20776367,,,
2013-02-15,65.97519072202502,66.18899087729694,65.58047164317844,65.8189468383789,,894800,58894793.630981445,,,
2013-02-19,65.73669330389704,66.23008728027344,65.63801199908384,66.23008728027344,,705700,46738572.593688965,,,
2013-02-20,66.32056555620878,66.50969694414815,65.51468365107374,65.53935241699219,,1038200,68042955.67932129,,,
2013-02-21,64.2894180788101,64.59368082084728,64.10850543618511,64.1825180053711,,1088900,69888343.85604858,,,
2013-02-22,64.31407028549035,64.91437060202355,63.94402635637272,64.88970184326172,,654300,42457331.91604614,,,
2013-02-25,66.5261486397326,66.74817381241593,64.33875932366301,64.35520935058594,,1629100,104841071.55303955,,,
2013-02-26,63.88646655446348,64.30584801900272,63.31905998334585,64.02626037597656,,1436600,91980125.65612793,,,
2013-02-27,63.6808941148861,64.71701981537105,63.62333157597027,64.6347885131836,,1593400,102989072.01690674,,,
2013-02-28,64.59368141933525,64.91438791647042,64.27297492220008,64.30586242675781,,798000,51316078.216552734,,,
2013-03-01,64.3469689447378,64.91437553475647,63.911137443240484,64.70056915283203,,780000,50466443.939208984,,,
2013-03-04,65.13640263381842,65.82715932185651,64.98838379165639,65.72025299072266,,611200,40168218.62792969,,,
2013-03-05,66.52614229745318,67.63628060272868,66.5096922720985,67.32379913330078,,1375500,92603885.70785522,,,
2013-03-06,68.19546430339582,68.41748946155951,67.50470751628737,67.99810791015625,,1442600,98094070.4711914,,,
2013-03-07,68.80398428773015,69.10002201786357,68.45860902719005,68.61485290527344,,1248100,85638197.91107178,,,
2013-03-08,68.17901866917191,68.5490626805111,67.87475593786546,68.42571258544922,,867700,59372990.81039429,,,
2013-03-11,68.1954589768917,68.6477405446632,68.08033390034007,68.45860290527344,,650000,44498091.888427734,,,
2013-03-12,68.9437662169019,68.95199122849618,68.00631565821418,68.16255950927734,,503400,34313032.456970215,,,
2013-03-13,68.11323175358429,68.26946935320342,67.80074400665299,67.94054412841797,,440800,29948191.85180664,,,
2013-03-14,68.78753697385888,69.6180875778315,68.60662433993946,69.54407501220703,,925100,64335223.793792725,,,
2013-03-15,69.51940572324331,69.60163702699118,69.01778661438111,69.55229949951172,,943300,65608684.117889404,,,
2013-03-18,68.02277348595672,68.81220529575057,67.93231716957807,68.23657989501953,,838500,57216372.24197388,,,
2013-03-19,68.49149414775464,68.72996930432029,67.32379340085731,67.92408752441406,,851300,57823775.70953369,,,
2013-03-20,68.6312887459224,68.72997006920686,68.12966966512354,68.40926361083984,,541200,37023093.46618652,,,
2013-03-21,66.6741581268314,67.01130834512522,66.32878289623397,66.37812042236328,,2148400,142606753.91540527,,,
2013-03-22,66.68237838390262,67.08532243595567,66.28766561818678,66.64126586914062,,1625400,108318713.54370117,,,
2013-03-25,67.08532232720617,67.29090372222174,65.4817836817769,65.6709213256836,,1198600,78713166.30096436,,,
2013-03-26,65.55579659230104,66.00807189941406,65.20219634005456,66.00807189941406,,1016600,67103805.892944336,,,
2013-03-27,64.71702865390722,65.22687283525374,64.41277216687614,65.11174774169922,,1656000,107825054.2602539,,,
2013-03-28,65.38309313728908,66.34521233229977,65.27618682194691,66.23008728027344,,1877500,124346988.86871338,,,
2013-04-01,66.30410185469823,66.3452206386463,65.65446396616154,65.87649536132812,,732100,48228182.25402832,,,
2013-04-02,66.16430765938874,66.78927678361845,66.16430765938874,66.43567657470703,,1425000,94670839.11895752,,,
2013-04-03,66.72349266553387,66.8303927253098,65.77781705603759,65.9833984375,,989700,65303769.43359375,,,
2013-04-04,65.61335851539907,66.06563381826008,64.75813916280022,65.46533966064453,,1198500,78460209.58328247,,,
2013-04-05,64.34697722281199,64.49499607951799,63.680895504558116,63.927589416503906,,2002000,127983034.01184082,,,
2013-04-08,64.39632038253666,64.63479557663373,63.952263773581414,64.0920639038086,,1261300,80839320.20187378,,,
2013-04-09,63.83713557513145,64.40454226014565,63.32729770636771,64.04271697998047,,1687900,108097701.99050903,,,
2013-04-10,63.44241428299185,64.3469710882492,63.42596425945593,64.19072723388672,,1273100,81721214.84146118,,,
2013-04-11,63.6891012101953,64.9801518674401,63.60686992304083,64.88970184326172,,2358100,153016405.91659546,,,
2013-04-12,63.7220072425071,64.2976389110532,63.65622596443159,64.14962005615234,,2163900,138813362.83950806,,,
2013-04-15,63.53286722065669,63.72199856436662,62.86677932739258,62.86677932739258,,1765100,110966152.19078064,,,
2013-04-16,64.75813020929614,64.93081780365948,64.09204859191676,64.8568115234375,,1176700,76317010.1196289,,,
2013-04-17,64.00981442392425,64.00981442392425,62.89145750685791,63.22038269042969,,1867100,118038776.52130127,,,
2013-04-18,63.985155406553496,64.66768718671152,63.269736122106586,64.3140869140625,,2347800,150996613.25683594,,,
2013-04-19,62.47206241520949,63.03124394508587,61.47704942175278,61.764862060546875,,4379000,270468330.96313477,,,
2013-04-22,61.78131742590637,61.81421120136048,60.95077312261327,61.419498443603516,,2026600,124472755.54580688,,,
2013-04-23,61.64152440189056,62.332281147881744,61.61685563843485,62.0362434387207,,1676300,103991354.87632751,,,
2013-04-24,63.072362593947176,64.07560069588831,62.91612501701143,63.7548942565918,,1467300,93547556.34269714,,,
2013-04-25,64.31408099830085,64.93905017769715,64.28941223542994,64.65123748779297,,1046300,67644589.78347778,,,
2013-04-26,63.84536784823816,64.3140932536416,63.73024275033888,64.12496185302734,,807600,51787319.19250488,,,
2013-04-29,64.30586311880471,64.96372614628045,64.22363180883194,64.7910385131836,,1004400,65076119.0826416,,,
2013-04-30,64.88148250198454,65.66268920898438,64.7663574351392,65.66268920898438,,889500,58406962.0513916,,,
2013-05-01,65.63801820372578,65.95872463237846,64.74168646052861,64.8568115234375,,721400,46787703.83300781,,,
2013-05-02,64.56077480367202,64.89792498604714,64.46209348808038,64.70879364013672,,1300500,84153786.1289978,,,
2013-05-03,65.87650501958835,67.18399972606879,65.8271674906937,66.97019958496094,,1347100,90215555.86090088,,,
2013-05-06,66.87150668893682,67.20866314166835,66.575469019071,66.7234878540039,,531800,35483550.84075928,,,
2013-05-07,67.64450319824029,67.69384072484841,67.06887153447846,67.34024047851562,,654800,44094389.46533203,,,
2013-05-08,68.00631316318359,68.3599133626171,67.6609379750426,68.04743194580078,,1245400,84746271.7453003,,,
2013-05-09,67.6033696170776,67.7678384595257,67.09352561625576,67.33200073242188,,719900,48472307.32727051,,,
2013-05-10,67.6116104903075,67.94876071719789,67.2662352509038,67.74317932128906,,1147800,77755621.22497559,,,
2013-05-13,67.86652736601438,67.94875866712766,67.42247081138733,67.4882583618164,,563800,38049880.06439209,,,
2013-05-14,67.94874874133366,68.54082406101409,67.92407998198784,68.34346771240234,,831000,56793421.66900635,,,
2013-05-15,67.38136369951089,67.81719527681206,67.32380115673236,67.57872009277344,,866400,58550203.088378906,,,
2013-05-16,66.98662892927203,67.48824794463533,66.36988485535107,66.40277862548828,,1243600,82578495.49865723,,,
2013-05-17,65.94228843787202,66.66593266960557,65.85183212467456,66.51791381835938,,1876300,124807561.6973877,,,
2013-05-20,65.81071174346867,66.4192308843676,65.49823029789268,66.12319946289062,,1712200,113216142.12036133,,,
2013-05-21,65.35844304645721,65.88473094141683,65.1281866027966,65.43244934082031,,1058900,69286420.60699463,,,
2013-05-22,65.64625721771264,66.36990152090348,64.52789384760617,64.72525024414062,,813600,52660463.59863281,,,
2013-05-23,64.18251860004946,64.64301895001859,64.00982469496431,64.30586242675781,,669500,43052774.894714355,,,
2013-05-24,63.40129604393053,63.48352734078095,62.19247653130731,62.38983917236328,,2917300,182009877.8175354,,,
2013-05-28,64.07560639631237,64.20718149790645,62.965468140458555,63.327293395996094,,1251400,79247774.95574951,,,
2013-05-29,62.66120920179818,62.87501561785773,62.25827140810047,62.488521575927734,,922800,57664407.71026611,,,
2013-05-30,62.61187990583074,63.1463928793424,62.59543615190074,62.72700500488281,,1664400,104402827.13012695,,,
2013-05-31,62.12114161374583,62.53839805904648,61.28662872314453,61.28662872314453,,1311900,80401928.22189331,,,
2013-06-03,62.5968121149054,62.5968121149054,61.945893095481466,62.47163391113281,,1868900,116753236.61651611,,,
2013-06-04,62.84714949216021,63.00570894277822,62.179543151273116,62.43824005126953,,1743500,108861071.52938843,,,
2013-06-05,62.254648938248906,62.830464764454085,62.137817664356106,62.31306457519531,,2860000,178215364.6850586,,,
2013-06-06,63.28945129311587,63.48973896061538,62.555082279434274,63.20600128173828,,1526700,96496602.15682983,,,
2013-06-07,63.26440863883122,64.05719956013309,63.04743991103767,63.70669937133789,,1511600,96299046.76971436,,,
2013-06-10,64.47447454188863,64.82496846503862,64.0071429441932,64.71648406982422,,823200,53274609.6862793,,,
2013-06-11,63.69002316040339,64.0321764995021,63.36456364443674,63.439666748046875,,662200,42009747.32055664,,,
2013-06-12,64.29086803370556,64.307555488602,63.41462703119613,63.50642395019531,,916000,58171884.338378906,,,
2013-06-13,63.26441420909036,64.1406552079886,63.21434547777989,64.05720520019531,,1178700,75504227.76947021,,,
2013-06-14,63.71505188709789,64.04885828507616,63.272761115678364,63.3311767578125,,750100,47504715.686035156,,,
2013-06-17,64.69143813948445,64.90006636749298,64.14066292829258,64.50785064697266,,973600,62804843.38989258,,,
2013-06-18,64.29085306860931,64.63299993237797,64.12394672435848,64.40768432617188,,1046400,67396200.87890625,,,
2013-06-19,64.33259091556211,64.74984732995851,63.58153446311064,63.7234001159668,,1372200,87441249.63912964,,,
2013-06-20,62.872202035479155,62.947311511059276,61.82072031198534,62.221282958984375,,1629200,101370914.19677734,,,
2013-06-21,60.911100576705735,61.0028975137755,60.009831397846995,60.710819244384766,,3075500,186716124.58610535,,,
2013-06-24,59.40897346735671,60.043198666732344,59.30882963053679,59.62594223022461,,2542400,151592995.52612305,,,
2013-06-25,60.28521022328799,60.71081358577646,59.425662953412115,60.69412612915039,,2210700,134176504.63371277,,,
2013-06-26,62.11278294963716,62.68025186254717,62.07105476627134,62.3214111328125,,1591400,99178293.67675781,,,
2013-06-27,63.04745435161301,63.2310418479123,62.66357280134877,63.089176177978516,,1598500,100848048.12049866,,,
2013-06-28,61.21987111029283,61.253252392633385,60.43542689236119,60.77758026123047,,2327100,141435507.02590942,,,
2013-07-01,60.67742387828046,60.794255158920826,59.292135964904425,59.35055160522461,,2797800,166050973.2810974,,,
2013-07-02,60.01815528613158,60.60231802961375,59.77614582528101,60.051536560058594,,3348000,201052544.40307617,,,
2013-07-03,59.3004857849399,59.442357819476584,58.98337316885731,59.10020446777344,,1206100,71280756.60858154,,,
2013-07-05,58.766389659293424,59.058467864990234,58.38251453654513,59.058467864990234,,1513800,89402708.65402222,,,
2013-07-08,59.71773834866307,59.99312912107565,59.5925665128645,59.826229095458984,,1450200,86759997.43423462,,,
2013-07-09,60.26852248518797,60.310244309972354,59.884647316299734,59.976444244384766,,1066600,63970875.43106079,,,
2013-07-10,59.95974885571331,60.17672398614345,59.7093988130582,59.89298629760742,,1711000,102476899.5552063,,,
2013-07-11,61.52864205545928,62.31307989201092,61.219869974658316,62.221282958984375,,1166200,72562460.18676758,,,
2013-07-12,62.479982988147974,62.77206122918907,62.004310890787295,62.72199249267578,,1099000,68931469.74945068,,,
2013-07-15,63.072476770109446,63.1225454989926,62.42989837091546,62.646873474121094,,1364600,85487923.54278564,,,
2013-07-16,63.01407336749952,63.17262649536133,62.73033565946591,63.17262649536133,,1167600,73760358.69598389,,,
2013-07-17,63.50643509969239,63.75679153488531,63.005728596135185,63.4229850769043,,1564900,99250629.34684753,,,
2013-07-18,62.98902576505506,63.030747582852065,61.061296964944475,61.670494079589844,,5043500,311035136.8904114,,,
2013-07-19,60.8109431643004,61.311649514419976,60.677418075294284,60.760868072509766,,3308100,201003027.67066956,,,
2013-07-22,60.527216422320706,60.78591337027586,60.226791284837645,60.41038513183594,,3226400,194908066.58935547,,,
2013-07-23,60.82763534237113,60.85266970679789,60.427072777888675,60.5272102355957,,1538100,93096902.06336975,,,
2013-07-24,61.486910979916075,61.486910979916075,60.994545056137554,61.0529670715332,,1942500,118595388.53645325,,,
2013-07-25,61.15310061802727,61.77898525541181,61.0112349615921,61.7205696105957,,2212700,136569104.3773651,,,
2013-07-26,61.136413733144856,61.52863579492635,60.81095422801294,61.49525451660156,,929300,57147540.02227783,,,
2013-07-29,60.97785108173003,61.11137618808538,60.777569789024504,60.93612289428711,,629700,38371476.58653259,,,
2013-07-30,61.845744726317214,61.845744726317214,60.986197552545974,61.1280632019043,,813600,49733792.221069336,,,
2013-07-31,61.33670156956816,61.40346413332899,60.72750431720056,60.8276481628418,,1347400,81959173.13461304,,,
2013-08-01,61.695538650156294,61.90416687413669,61.34504476190798,61.820716857910156,,918500,56782328.43399048,,,
2013-08-02,62.05436497272346,62.696936951265954,61.93753370389755,62.43824005126953,,821000,51261795.082092285,,,
2013-08-05,62.47997911125566,62.730329145115995,62.39652273314113,62.66356658935547,,754300,47267128.27835083,,,
2013-08-06,63.86526750401768,63.890301870869216,63.11420466433252,63.289451599121094,,1242700,78649801.50222778,,,
2013-08-07,62.66356871116117,63.08082514855122,62.62184688751894,63.00572204589844,,1168500,73622186.21063232,,,
2013-08-08,62.696950570191845,62.87219751149755,62.454941070247386,62.7804069519043,,876000,54995636.489868164,,,
2013-08-09,62.54673126463087,62.79708764916579,62.26299997119681,62.39651870727539,,668200,41693353.800201416,,,
2013-08-12,61.74560496712104,62.07106447443159,61.74560496712104,62.02934265136719,,748400,46422760.0402832,,,
2013-08-13,62.19624456795709,62.69695102774577,61.96258197784424,62.58846664428711,,415700,26018025.58403015,,,
2013-08-14,63.43133567351909,63.90700783455123,63.2477417926244,63.60658264160156,,903600,57474908.07495117,,,
2013-08-15,63.04745275458925,63.35621845582062,62.546739916259504,63.24773406982422,,1504900,95181515.00167847,,,
2013-08-16,63.28111540451416,63.48974363172132,62.93062151084491,63.15593719482422,,1319100,83308996.75369263,,,
2013-08-19,63.54815434469943,63.58987616680327,62.96399153379605,63.03075408935547,,1239600,78132922.76916504,,,
2013-08-20,63.231031167100355,63.44800627476661,62.8304685941459,63.13089370727539,,1172300,74008346.69303894,,,
2013-08-21,63.064138736110564,63.2393856786952,62.44660098126546,62.58846664428711,,1009700,63195574.770736694,,,
2013-08-22,63.14758374852819,63.45635578490129,63.10586192750105,63.28110885620117,,498600,31551960.875701904,,,
2013-08-23,63.923682670993614,64.23245471578545,63.74843573751536,64.2074203491211,,703400,45163499.47357178,,,
2013-08-26,64.4577730711813,64.64136692348144,64.17404174804688,64.17404174804688,,419500,26921010.513305664,,,
2013-08-27,63.765131459965886,63.932031487253525,62.89723731104869,63.014068603515625,,815200,51369068.72558594,,,
2013-08-28,62.27135331069036,62.747025396952914,62.263006399190175,62.45494079589844,,828900,51768900.425720215,,,
2013-08-29,62.09610556261889,62.363149425700016,61.96258044766437,62.02099609375,,628600,38986398.14453125,,,
2013-08-30,61.95423841092708,62.01265406160894,61.48691320547223,61.60374450683594,,467000,28768948.684692383,,,
2013-09-03,60.91944533193712,61.09469228736573,60.13500112178458,60.4604606628418,,1352600,81778819.09255981,,,
2013-09-04,59.35890352875503,60.16003519251546,59.233731680377225,59.83457565307617,,1682500,100671673.53630066,,,
2013-09-05,58.566116986043625,59.217036045015234,58.17389489491245,58.64122009277344,,3386600,198594355.96618652,,,
2013-09-06,58.86653404722588,59.15861225570222,58.54107456251975,58.833152770996094,,1491700,87761413.98849487,,,
2013-09-09,59.15026126451033,60.068230380435594,59.12522690077182,60.051536560058594,,1033800,62081278.495788574,,,
2013-09-10,60.485504860530526,60.65240491329986,60.21846095600224,60.46881103515625,,776300,46941938.0065918,,,
2013-09-11,60.07657140530456,60.58562469482422,59.97643394954794,60.58562469482422,,873500,52921543.170928955,,,
2013-09-12,61.13642672317175,61.46188629745604,60.986214122207535,61.336708068847656,,1217300,74665174.73220825,,,
2013-09-13,60.92778296171786,60.93612350582815,60.443763996563455,60.61901092529297,,713500,43251664.29519653,,,
2013-09-16,61.45352059784205,61.45352059784205,60.652389093217906,60.844329833984375,,817700,49752408.50524902,,,
2013-09-17,61.002891681444034,61.361732482910156,60.76922908827133,61.361732482910156,,566200,34743012.93182373,,,
2013-09-18,61.361734142621685,62.980691248862314,61.23655593094245,62.83047866821289,,1199200,75346310.0189209,,,
2013-09-19,63.189321640169545,63.189321640169545,62.37984305936878,62.53840255737305,,1145600,71643993.96972656,,,
2013-09-20,62.763703716685576,62.93061008825291,61.703875316248045,61.762290954589844,,1585800,97942640.99578857,,,
2013-09-23,61.829060140344545,61.99596654701582,61.42015058594964,61.69554138183594,,1425100,87922316.0232544,,,
2013-09-24,62.237978036723995,62.46329373434522,61.97927468988053,62.07107162475586,,914400,56757787.89367676,,,
2013-09-25,62.95565759012395,63.314498405344246,62.72199498799509,62.813785552978516,,1266100,79528533.8886261,,,
2013-09-26,62.379835947048726,62.54673597141338,62.02099516451968,62.25465774536133,,1039000,64682589.39743042,,,
2013-09-27,62.2212670645733,62.471623430115564,61.97091706585788,62.05436706542969,,1604700,99578642.82989502,,,
2013-09-30,61.67884665059559,61.854093581811675,61.47021844198201,61.68718719482422,,1033900,63778382.84072876,,,
2013-10-01,61.62876821492393,62.09609970636301,61.42848692820851,61.64546203613281,,1148000,70768990.41748047,,,
2013-10-02,62.071066464928016,62.40487289428711,61.50359744506599,62.40487289428711,,894300,55808677.82936096,,,
2013-10-03,62.254658066255395,62.263004977565,61.52028904170663,61.854095458984375,,544900,33704296.615600586,,,
2013-10-04,61.32835054757774,61.470222577769306,61.161450516188715,61.28662872314453,,622700,38163183.7059021,,,
2013-10-07,60.001468455974276,60.10995282224392,59.575865167516795,59.64262771606445,,1460000,87078236.4654541,,,
2013-10-08,59.684356703741244,59.73443180458109,59.175309718687345,59.20034408569336,,933600,55269441.23840332,,,
2013-10-09,59.30883657432557,59.59257429512095,58.58280799774171,59.550846099853516,,1342200,79929145.63522339,,,
2013-10-10,60.510533681017655,60.61901806868336,60.001480289890026,60.268524169921875,,1252900,75510433.93249512,,,
2013-10-11,61.2198667120078,61.55367314460277,60.7942633512785,61.545326232910156,,1460400,89880794.43054199,,,
2013-10-14,60.98620244200689,61.35338377761787,60.861024237372895,61.25324630737305,,626200,38356782.837677,,,
2013-10-15,60.49383215512956,60.80260418862768,60.3519665046686,60.360313415527344,,1155200,69728234.05761719,,,
2013-10-16,60.502175677140066,61.01122897494218,60.4354131276647,60.9861946105957,,1077300,65700427.45399475,,,
2013-10-17,60.7692325112582,60.8276481628418,60.402044777402196,60.8276481628418,,1419100,86320515.5078888,,,
2013-10-18,60.18507250110871,62.20459218640749,60.13499739778118,61.545326232910156,,2655300,163421304.74624634,,,
2013-10-21,64.54956296701208,64.74984425369526,63.53980325616572,63.7651252746582,,3373300,215098897.08900452,,,
2013-10-22,65.23386879312433,66.22694113474596,65.12538441329094,65.90148162841797,,3308100,218008691.37496948,,,
2013-10-23,65.3840808527169,65.74292163469335,65.11703699404801,65.55098724365234,,1557400,102089107.53326416,,,
2013-10-24,65.75961352734163,65.78464789354031,65.33401020148128,65.47587585449219,,708700,46402753.21807861,,,
2013-10-25,66.60245755659145,66.66922010163924,65.95153865944233,66.30203247070312,,1996600,132378638.03100586,,,
2013-10-28,66.77771166188731,66.77771166188731,66.29369907517365,66.58577728271484,,836400,55692344.119262695,,,
2013-10-29,66.56074587299348,66.6775771611979,66.00161743164062,66.00161743164062,,772300,50973049.142456055,,,
2013-10-30,66.25198023340431,66.46060846347973,65.4925767866805,65.7596206665039,,758000,49845792.46520996,,,
2013-10-31,65.76795411740414,65.83471667186559,65.35069770226146,65.38407897949219,,697200,45585779.86450195,,,
2013-11-01,65.20883354662216,65.42580867019075,64.77488966631273,64.92510223388672,,813700,52829555.68771362,,,
2013-11-04,65.19213957569404,65.5676677736846,65.09199575171057,65.53428649902344,,359600,23566129.425048828,,,
2013-11-05,64.65805908118665,65.18379989000967,64.33259320887392,64.90840911865234,,798300,51816382.999420166,,,
2013-11-06,66.10176546098114,66.47730008276025,65.76795903056464,66.14349365234375,,1138900,75330824.9206543,,,
2013-11-07,65.80134057343253,66.25197830127271,65.42581231697977,65.68450927734375,,1288200,84614784.85107422,,,
2013-11-08,65.37573960123218,66.12680250839385,65.10869571944451,66.11011505126953,,1121800,74162327.06451416,,,
2013-11-11,66.57743086836062,68.02114082901015,66.45225267367327,67.75409698486328,,1683100,114036920.63522339,,,
2013-11-12,67.06980926225866,67.17829365560691,66.26033066784012,66.61082458496094,,1071200,71353515.29541016,,,
2013-11-13,66.20189798825493,67.28676074320323,66.01830416455508,67.26172637939453,,614600,41339057.03277588,,,
2013-11-14,67.16993472341292,67.57885058704173,66.85282214564442,67.3785629272461,,827700,55769236.53488159,,,
2013-11-15,68.08790769045325,68.98084264804046,68.00445766985335,68.88904571533203,,1589400,109492249.25994873,,,
2013-11-18,68.92241629065269,68.92241629065269,68.37164109590816,68.3883285522461,,1273400,87085697.57843018,,,
2013-11-19,68.67206887976258,68.86400328574013,68.2714998771726,68.44674682617188,,1000700,68494659.5489502,,,
2013-11-20,68.6053099837523,68.75552257189582,67.72907519193902,67.78749084472656,,629000,42638331.74133301,,,
2013-11-21,67.87928223300281,68.16301995484655,67.62893216095935,68.129638671875,,668200,45524224.560546875,,,
2013-11-22,68.05452538016682,68.6136474609375,67.90431281267927,68.6136474609375,,1462100,100320013.95263672,,,
2013-11-25,68.79723594348812,69.03089850429247,68.61364211233405,68.68040466308594,,1175200,80713211.5600586,,,
2013-11-26,68.53019801057448,69.12270137417505,68.47178236534141,68.87234497070312,,570300,39277898.33679199,,,
2013-11-27,69.38139899323333,69.72355232349953,69.2979489802114,69.58168029785156,,666700,46390106.25457764,,,
2013-11-29,69.12271124323154,69.4064425986371,68.71379530138886,69.03091430664062,,573500,39589229.3548584,,,
2013-12-02,68.54689047958206,68.56358430334262,68.10459965235138,68.17970275878906,,381200,25990102.69165039,,,
2013-12-03,67.97106429837554,68.31321759885404,67.71236737048118,68.12127685546875,,625400,42603046.545410156,,,
2013-12-04,67.05311146246662,67.88762437766056,66.92793325182188,67.82086181640625,,775800,52615424.59716797,,,
2013-12-05,67.65395342121879,68.10459110376506,67.61222523388345,67.9293441772461,,647700,43997836.223602295,,,
2013-12-06,68.27984104798428,68.89737877350969,68.23811285880471,68.6136474609375,,2208200,151512656.3232422,,,
2013-12-09,68.59694860283086,68.81392371034647,68.40501422708141,68.76385498046875,,903500,62128142.974853516,,,
2013-12-10,68.2464487348917,68.55522073114138,67.84588619757903,67.93768310546875,,1018900,69221705.31616211,,,
2013-12-11,68.48011932247321,68.48011932247321,67.78747852722991,67.9293441772461,,537000,36478057.82318115,,,
2013-12-12,67.30346401974381,67.60388916131194,67.08648889153841,67.52043914794922,,888100,59964902.0072937,,,
2013-12-13,67.64560396755355,67.72071342856827,67.24504139823254,67.68733215332031,,461800,31258009.98840332,,,
2013-12-16,68.4300516065782,68.75551109877547,68.24645776650229,68.72212982177734,,659000,45287883.55255127,,,
2013-12-17,67.85423533028704,68.12962608881797,67.52877583996047,68.09624481201172,,662400,45106952.56347656,,,
2013-12-18,68.24645445002592,69.06427977966841,67.77078241786641,68.68040466308594,,703500,48316664.68048096,,,
2013-12-19,68.98083103847247,69.83203129225889,68.93075594107748,69.740234375,,1538900,107323246.6796875,,,
2013-12-20,69.87376028015912,70.4412292447994,69.86541336935967,70.26597595214844,,778600,54709088.87634277,,,
2013-12-23,70.45790955138388,70.8250971873774,70.38280009546392,70.80005645751953,,315200,22316177.795410156,,,
2013-12-24,70.81675973972624,71.20898179115822,70.65820026357433,71.05876922607422,,147900,10509591.968536377,,,
2013-12-26,71.13388566311063,71.65128601026534,71.13388566311063,71.52610778808594,,228800,16365173.461914062,,,
2013-12-27,71.41761007573454,71.80148521650536,71.15056622272755,71.60120391845703,,865300,61956521.75064087,,,
2013-12-30,71.75975084101023,72.38563541442332,71.609538288718,72.29383850097656,,256100,18514452.040100098,,,
2013-12-31,72.41903435581753,72.95312214607583,72.31054996201867,72.7194595336914,,621500,45195144.10018921,,,
2014-01-02,70.9085587244435,71.00869619286173,70.26598025689646,70.85848999023438,,1541300,109214190.62194824,,,
2014-01-03,70.13246406955467,70.51633923509915,70.04901405388466,70.37447357177734,,1265600,89065933.7524414,,,
2014-01-06,70.83345250066039,70.96697762043763,70.41619605159865,70.44957733154297,,517500,36457656.26907349,,,
2014-01-07,70.27432483258112,70.29935919885364,69.78196531768113,70.2492904663086,,710500,49912120.876312256,,,
2014-01-08,71.01704955349285,71.45099984547338,70.81676823164024,71.30912780761719,,1124500,80187114.21966553,,,
2014-01-09,70.68323415391927,70.7249623421501,69.76527131428934,70.6164779663086,,1434200,101278152.69927979,,,
2014-01-10,69.18945397073207,69.97389161282248,68.89736941978498,69.71519470214844,,1844600,128596648.14758301,,,
2014-01-13,69.29795145269127,69.92383612292855,69.2645701729259,69.28125762939453,,1510100,104621627.14614868,,,
2014-01-14,68.92241128972843,69.08097076416016,68.58026434158812,69.08097076416016,,1056100,72956413.22402954,,,
2014-01-15,68.68041529687291,69.59003131610099,68.65537456134345,69.27291870117188,,1248600,86494166.2902832,,,
2014-01-16,69.33133248290987,69.40643558699053,68.5969570643714,69.10601043701172,,924900,63916149.05319214,,,
2014-01-17,68.58861339952932,69.05593855964779,68.41336646448491,68.69709777832031,,1204900,82773133.11309814,,,
2014-01-21,68.11293001139639,68.2297612820148,66.87784839322441,67.93768310546875,,1365300,92755318.74389648,,,
2014-01-22,67.05311333699198,67.2450541142569,66.55240684724362,66.81110382080078,,4826800,322483835.9222412,,,
2014-01-23,66.18521828735987,66.52737164394368,65.90983385988837,66.46895599365234,,2711800,180250514.86358643,,,
2014-01-24,65.57603686059474,65.67617435161564,64.4661329783651,64.64972686767578,,2319700,149967971.4149475,,,
2014-01-27,65.54264266354232,65.57602394291668,64.72481723594073,64.8917236328125,,847000,54963289.91699219,,,
2014-01-28,64.29087906120462,64.88338249748375,64.2241164965124,64.72482299804688,,1482000,95922187.68310547,,,
2014-01-29,64.1990817755293,64.88338214281251,63.99045353712797,64.19073486328125,,717700,46069690.41137695,,,
2014-01-30,64.80827599495424,65.00021039986188,64.2908756959156,64.77489471435547,,945600,61251140.44189453,,,
2014-01-31,63.36456230974573,64.12396570872939,63.12255281405285,63.77347183227539,,1320700,84225624.24888611,,,
2014-02-03,63.58987635834253,63.756782747743834,62.5884634892457,62.66356658935547,,1182200,74080868.42193604,,,
2014-02-04,63.06413127975597,63.11420000976657,62.68860307102185,62.85550308227539,,712300,44771974.84550476,,,
2014-02-05,62.32976737223429,62.8221269021465,62.254657904298966,62.61349868774414,,1132100,70884741.86439514,,,
2014-02-06,62.96400699921328,64.00714831044498,62.90559134045748,63.656654357910156,,734500,46755812.62588501,,,
2014-02-07,63.74843434613203,64.00713128512105,63.34787175458953,63.9987907409668,,475800,30450624.634552002,,,
2014-02-10,63.773471882155796,63.84023443967389,63.58153748782616,63.68167495727539,,423400,26962821.1769104,,,
2014-02-11,64.27418723695922,65.28395355057641,64.25749977868112,65.15877532958984,,834300,54361966.25747681,,,
2014-02-12,64.68309299989113,65.3506994619999,64.68309299989113,65.10034942626953,,1343100,87436279.3144226,,,
2014-02-13,65.06696936783484,66.13514482069428,65.06696936783484,66.0683822631836,,657700,43453175.01449585,,,
2014-02-14,66.49398551428337,66.97800450530617,66.35211985489569,66.8862075805664,,852800,57040557.82470703,,,
2014-02-18,67.303456652293,67.303456652293,66.86116589974131,66.96965026855469,,1120200,75019402.23083496,,,
2014-02-19,66.79441593969406,67.16160366770005,66.33543127968657,66.36881256103516,,1621700,107630303.33023071,,,
2014-02-20,66.1351416969832,66.37715118140788,65.82636965820117,66.293701171875,,808600,53605086.767578125,,,
2014-02-21,66.38550853755979,66.69427425809566,66.06838953788044,66.07673645019531,,723400,47799911.14807129,,,
2014-02-24,66.37716180009697,66.78607136900273,66.29371177721417,66.34378051757812,,475800,31566370.770263672,,,
2014-02-25,66.81943021927668,67.01971148032382,66.34375824502315,66.60245513916016,,1073400,71491075.34637451,,,
2014-02-26,66.6358564449954,66.91959415304414,66.16018432772783,66.36881256103516,,714400,47413879.693603516,,,
2014-02-27,66.043353265037,66.63585668575112,65.97659070209862,66.54405975341797,,609000,40525332.38983154,,,
2014-02-28,67.06979905407417,67.58719293864812,66.63584881307212,67.00303649902344,,1175300,78748668.79730225,,,
2014-03-03,65.7512716019387,65.90983108898996,64.69978357407163,64.87503051757812,,1115600,72374584.04541016,,,
2014-03-04,66.01831327394375,66.12679765435945,65.70954122176813,65.89313507080078,,686200,45215869.285583496,,,
2014-03-05,65.50926183537952,65.73457751417328,65.2338710537653,65.33401489257812,,1008700,65902420.822143555,,,
2014-03-06,66.16017186164338,66.34376569105311,65.94319675717485,66.15182495117188,,705500,46670112.50305176,,,
2014-03-07,65.81801820069607,65.86808692474835,64.95012423843949,65.25054931640625,,733500,47861277.923583984,,,
2014-03-10,64.724807108421,64.9417822069901,64.14899763808766,64.55790710449219,,382100,24667576.304626465,,,
2014-03-11,64.8499982308694,65.25056723376075,64.54957307040796,64.67475128173828,,914700,59157994.997406006,,,
2014-03-12,64.14900707731745,64.31590710580483,63.86526938869532,64.09059143066406,,981900,62930551.72576904,,,
2014-03-13,64.31591407783739,64.40771101350491,62.24631911937263,62.47998809814453,,1502700,93888678.11508179,,,
2014-03-14,62.66357339495051,63.38125503025076,62.65523284969543,62.863861083984375,,1764900,110948428.42712402,,,
2014-03-17,64.30754778545614,64.75818541560997,64.19906342455543,64.4160385131836,,1281300,82536270.14694214,,,
2014-03-18,64.47446283632888,65.2004849214951,64.42438773723536,65.11703491210938,,681900,44403306.10656738,,,
2014-03-19,64.91675820818008,65.16710825404607,63.93203274738651,64.5245361328125,,1578700,101864885.1928711,,,
2014-03-20,63.606567781295624,64.31590240071695,63.56483959381245,64.23245239257812,,607600,39027638.07373047,,,
2014-03-21,64.51618457654719,65.35069740301118,64.47446275532054,64.57460021972656,,984500,63573693.9163208,,,
2014-03-24,64.98352545639136,65.1587724111919,64.44109076763056,65.01690673828125,,783900,50966753.19213867,,,
2014-03-25,65.24221881289006,65.80134092816168,65.01690313116937,65.67616271972656,,709700,46610372.68218994,,,
2014-03-26,66.20191192626953,66.26032757639756,65.65947725117879,66.20191192626953,,1415000,93675705.37567139,,,
2014-03-27,66.29371142280678,66.90290231674024,66.15183938115297,66.35212707519531,,2055300,136373526.77764893,,,
2014-03-28,66.9529710475691,67.3869149430114,66.81944593092346,67.13655853271484,,707900,47525969.78530884,,,
2014-03-31,67.75411056451698,68.3048858179723,67.50375412496444,67.854248046875,,675200,45815188.28125,,,
2014-04-01,67.97941645546044,68.28818850410092,67.82085697550617,68.23811340332031,,957700,65351641.20635986,,,
2014-04-02,67.87928224701756,67.93770426735135,67.09484438092495,67.58720397949219,,1353300,91465763.14544678,,,
2014-04-03,67.68733227448851,67.75409482510395,67.2867633376232,67.41194152832031,,540200,36415930.81359863,,,
2014-04-04,67.4119332533842,67.88760522618185,67.06978636542698,67.24503326416016,,1200300,80714213.42697144,,,
2014-04-07,66.93627860487696,67.06145681260656,66.0099687812373,66.31874084472656,,998100,66192735.23712158,,,
2014-04-08,66.61082492892872,67.37023478677393,66.49399362261848,67.14491271972656,,760600,51070420.61462402,,,
2014-04-09,67.59554270624658,68.0044522312639,67.07814243298021,67.96273040771484,,1479500,100550859.63821411,,,
2014-04-10,67.95437563916545,67.98775691424181,66.53570646596955,66.87785339355469,,1044300,69840542.29888916,,,
2014-04-11,65.87645045358903,66.26032562409529,65.53429710804302,65.58436584472656,,708000,46433731.018066406,,,
2014-04-14,65.99326928624755,66.85281639338926,65.75960673675196,66.8194351196289,,837400,55954594.969177246,,,
2014-04-15,66.65254771938052,66.92793213802214,65.73457843448122,66.76103210449219,,1196700,79892927.1194458,,,
2014-04-16,66.88621056834586,68.1713612052819,66.62750723851038,68.11294555664062,,1072500,73051134.10949707,,,
2014-04-17,66.24363227245757,66.94462642516079,65.92651965982292,66.569091796875,,1594100,106117789.23339844,,,
2014-04-21,66.61915384389368,66.91123203076316,66.20189747212959,66.8194351196289,,557700,37265198.96621704,,,
2014-04-22,66.71096048723592,66.9362761594551,66.44391662502196,66.5273666381836,,848000,56415206.90917969,,,
2014-04-23,66.47730098835427,66.5774384620637,66.12680072988677,66.39384460449219,,533000,35387919.174194336,,,
2014-04-24,66.19356051684339,66.36046054391838,65.59271023244881,65.9765853881836,,1144800,75529994.95239258,,,
2014-04-25,65.75127691548937,65.75962382780558,64.88338267263343,64.99186706542969,,908400,59038612.04223633,,,
2014-04-28,65.40911764221414,65.592711495629,64.93344555237928,65.34236145019531,,1153400,75365879.69665527,,,
2014-04-29,66.14350186398924,66.5857927332991,65.95990798612577,66.3104019165039,,761400,50488740.019226074,,,
2014-04-30,67.09484438092495,67.62058526247061,66.94463179093637,67.58720397949219,,1104100,74623031.91375732,,,
2014-05-01,67.51209573289971,67.7290708723419,67.20332366395617,67.28677368164062,,492700,33152193.392944336,,,
2014-05-02,66.24363903162484,67.11988022020405,66.16853591840147,66.7693862915039,,864100,57695426.694488525,,,
2014-05-05,65.1754556544745,65.79299341243615,64.98352125455376,65.50926208496094,,846500,55453590.35491943,,,
2014-05-06,65.85974544993876,65.90147363464348,65.04192651107381,65.09199523925781,,1215900,79145357.01141357,,,
2014-05-07,65.4007874197114,65.66783133041848,65.00021837023627,65.30899047851562,,866000,56557585.75439453,,,
2014-05-08,64.34928473756142,64.45776911324654,63.556500096939274,63.7234001159668,,1993500,127032598.13117981,,,
2014-05-09,62.989028061305156,63.40628445544865,62.705290402537386,63.13089370727539,,1613600,101868010.08605957,,,
2014-05-12,63.998794858342386,64.27417927018442,63.898651020600184,64.08224487304688,,854900,54783911.14196777,,,
2014-05-13,64.25749082366114,64.25749082366114,63.70670927480951,63.77347183227539,,783200,49947383.139038086,,,
2014-05-14,64.12395976908273,64.53287562056343,64.06554412841797,64.06554412841797,,1099200,70420846.10595703,,,
2014-05-15,63.89030271152564,63.915337078706585,63.047449304570655,63.239383697509766,,973500,61563540.02952576,,,
2014-05-16,63.16428970189876,63.28112101013776,62.780414493852206,63.264427185058594,,631700,39964138.65280151,,,
2014-05-19,62.75535956627353,62.98068158609194,62.46328136171943,62.9389533996582,,1658900,104409429.794693,,,
2014-05-20,62.67191060136272,62.94730135601463,62.11278854809548,62.429901123046875,,745700,46553977.267456055,,,
2014-05-21,62.5884633007228,63.04744791165919,62.538394567467094,63.03075408935547,,572000,36053591.33911133,,,
2014-05-22,63.20583156496196,63.443797882415765,63.06134645728286,63.069847106933594,,829000,52284903.25164795,,,
2014-05-23,63.018863015603124,63.44380476690982,62.99336754798017,63.37581253051758,,648200,41080201.682281494,,,
2014-05-27,64.74412523272429,64.76962070024653,64.26819254805153,64.53165435791016,,714200,46088507.54241943,,,
2014-05-28,65.01608308149531,65.04157854720916,64.4806588492164,64.83760833740234,,777900,50437175.52566528,,,
2014-05-29,64.82061086332756,65.11807527180197,64.75262511211005,64.99909210205078,,783700,50939788.4803772,,,
2014-05-30,65.10957810059463,65.19456515723027,64.84611627979514,65.0160903930664,,383400,24927169.05670166,,,
2014-06-02,64.7016250876907,64.74412185407445,64.28518401033388,64.40416717529297,,537200,34597918.60656738,,,
2014-06-03,64.68462538284,64.99058392220988,64.59113769113833,64.88859558105469,,430300,27921562.678527832,,,
2014-06-04,64.14069422434896,64.37015986426434,63.95371885933159,64.06420135498047,,1367500,87607795.35293579,,,
2014-06-05,63.91973948408158,64.50616119442533,63.71576925252162,64.37867736816406,,593700,38221620.753479004,,,
2014-06-06,64.14071690597737,64.15771172512731,63.71577510215783,63.962242126464844,,1112400,71151598.14147949,,,
2014-06-09,63.54578113895437,63.93673322233345,63.49479020812057,63.77525329589844,,544400,34719247.89428711,,,
2014-06-10,63.66478371210648,63.911244250579884,63.45231281169352,63.76676559448242,,697100,44451812.2959137,,,
2014-06-11,63.690270975175345,63.766757377100795,63.52029038629135,63.68177032470703,,298900,19034481.15005493,,,
2014-06-12,63.90274119163249,64.1067114121011,63.79225218896901,64.0387191772461,,882600,56520573.5458374,,,
2014-06-13,64.57414396014308,64.8461063903592,64.34467180971633,64.56564331054688,,388400,25077295.861816406,,,
2014-06-16,65.2880410985017,65.66199186122095,65.16055729447508,65.35603332519531,,676900,44239498.95782471,,,
2014-06-17,65.49201757483317,65.72998390698494,65.40703052536415,65.57701110839844,,443900,29109635.231018066,,,
2014-06-18,66.18043507706187,66.51188914636143,65.92546741570976,66.46089172363281,,425900,28305693.785095215,,,
2014-06-19,66.87733457408666,66.97082227765247,66.45239282482261,66.55437469482422,,702500,46754448.22311401,,,
2014-06-20,65.97644748920492,66.21442029318897,65.85746432926085,66.05294036865234,,972000,64203458.03833008,,,
2014-06-23,66.21441368047715,66.23990914304814,65.71297914156516,66.01043701171875,,528500,34886515.96069336,,,
2014-06-24,65.9169461397877,66.29939751215048,65.79796299747794,65.8149642944336,,319800,21047625.581359863,,,
2014-06-25,65.53451584550362,65.96795823706742,65.45802296035878,65.56851196289062,,861100,56461045.65124512,,,
2014-06-26,65.39003495538947,65.39003495538947,64.69313078322234,65.11807250976562,,792300,51593048.849487305,,,
2014-06-27,65.18606647583898,65.3900431988435,65.04158782678353,65.36454772949219,,400200,26158892.001342773,,,
2014-06-30,65.81497556821431,65.98494966231685,65.38153319892794,65.44102478027344,,1023900,67005065.27252197,,,
2014-07-01,65.31353688608189,66.08693387933837,65.23705049374435,65.78097534179688,,865000,56900543.6706543,,,
2014-07-02,65.90846356264045,66.04444154171694,65.71298751785389,65.865966796875,,638500,42055419.79980469,,,
2014-07-03,66.07843809767654,66.58836686977828,66.0614432817148,66.50337982177734,,361700,24054272.481536865,,,
2014-07-07,67.06431210293677,67.2172849127788,66.80084380087207,67.11530303955078,,724600,48631748.582458496,,,
2014-07-08,66.41839783462301,66.61386741150964,66.10393860055312,66.2314224243164,,580100,38420848.14834595,,,
2014-07-09,66.67335256054659,66.85183378704029,66.45238753706145,66.72434997558594,,676200,45119005.45349121,,,
2014-07-10,65.73849118034663,66.27392196572926,65.71299571134686,66.11244201660156,,512500,33882626.5335083,,,
2014-07-11,65.63650930434757,66.24842001263261,65.48353000625208,66.11244201660156,,571000,37750204.39147949,,,
2014-07-14,67.34475785562988,67.4042494334314,66.9963090382483,67.20027923583984,,525700,35327186.794281006,,,
2014-07-15,66.47788560917361,66.79233834111544,66.1889218596069,66.39289855957031,,679500,45113974.57122803,,,
2014-07-16,66.62236850217492,67.82920154236476,66.48639051093359,67.68472290039062,,2512100,170030792.3980713,,,
2014-07-17,69.00203825420301,69.24000457886369,67.79519884698722,68.56859588623047,,3553000,243624221.18377686,,,
2014-07-18,68.54310405884202,69.25700307071753,68.37312347213614,69.12102508544922,,1132200,78258824.6017456,,,
2014-07-21,68.85755240469106,69.18901290659971,68.69607896274127,69.0360336303711,,878900,60675769.957733154,,,
2014-07-22,69.16351621675629,69.69894696632183,69.10402463170418,69.46947479248047,,712200,49476159.94720459,,,
2014-07-23,70.25985675029919,70.28535221398332,69.9284027542146,69.94540405273438,,658200,46038064.947509766,,,
2014-07-24,69.53746448173574,69.66494829763546,69.15501951813278,69.52046966552734,,786900,54705657.57980347,,,
2014-07-25,68.87455444196449,69.01053242001515,68.0926632369091,68.56859588623047,,919500,63048823.917388916,,,
2014-07-28,68.5091031159733,68.57709534586652,67.92268148031208,68.39862060546875,,1233000,84335499.20654297,,,
2014-07-29,68.44111052099697,68.70457230530795,68.09266169182078,68.25413513183594,,625200,42672485.28442383,,,
2014-07-30,68.34762282641645,68.44111052099697,67.82069925779452,68.25413513183594,,594400,40570257.92236328,,,
2014-07-31,67.26827788663047,67.48074875393878,66.69885751842732,66.70735168457031,,876900,58495676.69219971,,,
2014-08-01,65.90846528303297,66.36739664797955,65.67049246626921,65.78948211669922,,1516500,99769749.62997437,,,
2014-08-04,65.28804425641886,65.67048920290158,64.8631025451732,65.55150604248047,,1158800,75961085.20202637,,,
2014-08-05,66.16343119429335,66.19742731342085,65.56001466899781,65.69599914550781,,605800,39798636.28234863,,,
2014-08-06,64.96509866868595,65.79798089135814,64.96509866868595,65.48352813720703,,1013100,66341362.35580444,,,
2014-08-07,66.14643023648912,66.23991793438724,64.85460376594952,65.08407592773438,,606200,39453966.82739258,,,
2014-08-08,64.8970985085191,65.35603633368352,64.71862376830447,65.33903503417969,,652700,42646788.16680908,,,
2014-08-11,65.73849544024846,66.23993013809243,65.55152001000484,65.9849624633789,,865600,57116583.50830078,,,
2014-08-12,65.67899703268074,65.80648085681011,65.17756887096094,65.51751708984375,,1043600,68374080.83496094,,,
2014-08-13,65.53452405579678,65.56852017744288,65.05009066950991,65.49202728271484,,1035600,67823543.45397949,,,
2014-08-14,65.60251328293475,65.7469919302152,65.4155378645262,65.50902557373047,,446700,29262881.7237854,,,
2014-08-15,65.93396075511667,66.05294392146051,64.2766841083052,64.86310577392578,,1224300,79411900.39901733,,,
2014-08-18,65.54302285584593,65.78948986774536,65.35604743412244,65.67900085449219,,488700,32097327.717590332,,,
2014-08-19,66.18042733707877,66.3419007852265,66.04444287116888,66.2484130859375,,459800,30461020.336914062,,,
2014-08-20,65.2030543802291,65.9424487758747,65.2030543802291,65.78097534179688,,1038200,68293808.59985352,,,
2014-08-21,65.64501023480551,66.34191455702226,65.64501023480551,66.25692749023438,,814100,53939764.669799805,,,
2014-08-22,65.90846758580322,65.99345463842579,65.4495297207256,65.63650512695312,,655600,43031292.76123047,,,
2014-08-25,66.44388642222667,66.9368203648827,66.2994077961676,66.69035339355469,,908400,60581517.02270508,,,
2014-08-26,66.87734245879524,67.2172907110085,66.82634503368543,66.97932434082031,,409500,27428033.317565918,,,
2014-08-27,67.31926379704787,67.35325991137223,67.03880071694371,67.3022689819336,,526300,35421184.16519165,,,
2014-08-28,66.18891906738281,66.40138992447595,65.93395792932861,66.18891906738281,,729500,48284816.45965576,,,
2014-08-29,66.20592695638308,66.46088811981302,65.63650655888324,66.2314224243164,,654100,43321973.40774536,,,
2014-09-02,66.63086424699746,66.84333511099676,66.39289791677365,66.74984741210938,,790800,52785779.333496094,,,
2014-09-03,66.03595281842641,66.25692436894323,65.9084754662987,66.06145477294922,,899200,59402460.13183594,,,
2014-09-04,65.76397404299142,66.26540861222163,65.70448246536367,65.78097534179688,,957400,62978705.79223633,,,
2014-09-05,65.9339553992285,66.27391005435156,65.53450916576608,66.23991394042969,,696200,46116228.08532715,,,
2014-09-08,66.43538758973814,66.82633319781935,66.21442256175493,66.50337982177734,,686900,45681171.59957886,,,
2014-09-09,65.93396193051794,66.26541596896979,65.7554871778205,65.95945739746094,,599600,39549290.65551758,,,
2014-09-10,65.84047758025666,66.19742710382015,65.67049698515736,66.08694458007812,,931900,61586423.654174805,,,
2014-09-11,65.6365135576409,66.14644242297064,65.59401678382287,65.9849624633789,,752600,49660282.749938965,,,
2014-09-12,65.64498524463376,65.93394894262501,65.33902673339367,65.80646514892578,,567000,37312265.73944092,,,
2014-09-15,66.02744547385277,66.17192410016196,65.78947915190919,65.97644805908203,,469000,30942954.139709473,,,
2014-09-16,65.19456232390687,65.8659710651138,65.15207203948405,65.73848724365234,,625900,41145719.165802,,,
2014-09-17,65.44102030095031,65.56850410484921,64.99058314672375,65.03307342529297,,594700,38675168.76602173,,,
2014-09-18,65.29655067789534,65.84047559764082,65.29655067789534,65.73848724365234,,315500,20740492.725372314,,,
2014-09-19,63.222817038182924,63.28230860875573,62.75537863790025,62.865867614746094,,3268600,205483374.88555908,,,
2014-09-22,63.4947955787216,63.50329622927824,63.12084476338777,63.32482147216797,,1178100,74602972.17636108,,,
2014-09-23,63.265321179551584,63.52028230429291,62.57691122933002,62.602413177490234,,1005300,62934205.96733093,,,
2014-09-24,61.96500376750896,62.86587812511027,61.871516071822484,62.79788589477539,,1091400,68537612.66555786,,,
2014-09-25,61.92251178410434,62.041494954330126,61.26809786376601,61.4975700378418,,1688500,103838647.00889587,,,
2014-09-26,62.049992665488574,62.185970646121135,61.67604187158076,62.168975830078125,,417800,25974198.10180664,,,
2014-09-29,61.24260068392891,61.82052170204951,61.1746149343413,61.57405471801758,,930200,57276185.69869995,,,
2014-09-30,61.07262712057272,61.446577925024485,60.902653018965374,61.32759475708008,,1381600,84730204.91638184,,,
2014-10-01,61.05562969856858,61.064130349417866,60.41821705090431,60.56270217895508,,1207500,73129462.88108826,,,
2014-10-02,60.40971863076933,60.80066424905242,60.12075487911017,60.690181732177734,,1209100,73380498.7323761,,,
2014-10-03,60.180249195992914,60.63918706893393,60.09526214191419,60.40972137451172,,939600,56760974.20349121,,,
2014-10-06,60.333227816611505,60.93664432319146,60.29923169853843,60.60519027709961,,1396700,84647269.26002502,,,
2014-10-07,60.38423414428816,60.50321733304932,59.823307839473394,59.840309143066406,,1167600,69869544.95544434,,,
2014-10-08,57.94505562786824,58.9649132049866,57.71558994245033,58.8204345703125,,3017900,177514189.4897461,,,
2014-10-09,59.30486728020992,59.53433944735671,58.52297604687952,58.57396697998047,,1308000,76614748.80981445,,,
2014-10-10,58.50597368974834,59.194383694658775,58.42098664141633,58.45498275756836,,3258400,190469715.81726074,,,
2014-10-13,58.24252111517616,58.81194156165245,57.98755992981673,58.004554748535156,,1134000,65777165.08483887,,,
2014-10-14,58.33600037976388,58.75244146107388,58.106534697763415,58.31050491333008,,2446200,142639157.11898804,,,
2014-10-15,57.715590174868865,57.88556427704096,56.5172513570376,57.826072692871094,,1623700,93892194.2314148,,,
2014-10-16,55.86283990462742,56.83170648218535,55.65886321580772,56.47475051879883,,2951400,166679578.68118286,,,
2014-10-17,58.12352463101539,58.82042875274221,57.87705766936746,58.633453369140625,,1245400,73022102.82592773,,,
2014-10-20,55.871330129441255,55.905326241846666,54.477521941296665,55.82033920288086,,2877100,160600697.92060852,,,
2014-10-21,55.44639344159558,56.25378659468786,55.4378992758012,56.151798248291016,,1497700,84098548.23646545,,,
2014-10-22,55.2084283730949,55.43790053668291,54.48602873428438,54.51152420043945,,1733800,94512080.65872192,,,
2014-10-23,55.505888224411414,56.46626071044861,55.41240052251228,56.228294372558594,,1403400,78910788.32244873,,,
2014-10-24,55.93082170512686,56.04980485649808,55.599367714293415,55.82033920288086,,681300,38030397.09892273,,,
2014-10-27,55.01296409892312,55.84584633251302,54.92797055810649,55.590885162353516,,881100,48981128.91654968,,,
2014-10-28,56.58523533309864,56.959179600120464,56.4492508839304,56.92518997192383,,1040800,59247737.72277832,,,
2014-10-29,56.67023210441371,56.87420232910081,56.07531624736943,56.23678970336914,,3066800,172466986.66229248,,,
2014-10-30,55.69285679432185,56.66172332775696,55.65886068106677,56.36426544189453,,2786800,157075934.93347168,,,
2014-10-31,57.14616161789352,57.92805932330163,56.93369075444378,57.902557373046875,,1900600,110049600.54321289,,,
2014-11-03,57.129170505655864,57.1801614412789,56.80621062245237,57.086673736572266,,1870600,106786331.89163208,,,
2014-11-04,56.77221704940336,57.112165242101085,56.551245536872926,56.87419891357422,,1094400,62243123.291015625,,,
2014-11-05,57.12916946411133,57.31614487011577,56.806209586795845,57.12916946411133,,748000,42732618.75915527,,,
2014-11-06,57.2141487013756,57.5965936275284,57.01017850636714,57.35862731933594,,675200,38728545.166015625,,,
2014-11-07,56.61074609433508,56.908204052154026,56.44077197103773,56.81471633911133,,1429400,81210955.53512573,,,
2014-11-10,56.93369353074903,57.282148876164776,56.806209709643355,57.18016052246094,,767500,43885773.20098877,,,
2014-11-11,57.05267716417528,57.33314027606363,56.85720758977786,57.21415710449219,,473900,27113789.051818848,,,
2014-11-12,56.398264123563365,56.80620453301097,56.30477642887831,56.47475051879883,,948700,53577595.81718445,,,
2014-11-13,56.245286368540796,56.91669506482891,56.23678571858634,56.62773132324219,,623300,35296064.933776855,,,
2014-11-14,56.27928263091289,56.916695213140216,56.26228133095969,56.84020233154297,,393500,22366619.61746216,,,
2014-11-17,57.00168360583314,57.4946175705717,56.916696556349734,57.38412857055664,,1107800,63570137.63046265,,,
2014-11-18,57.90255570389889,58.59096569081674,57.783572542524645,58.302001953125,,1459600,85097602.05078125,,,
2014-11-19,58.769441841943454,58.78643665793468,58.174519536712275,58.40399169921875,,857100,50058061.28540039,,,
2014-11-20,57.91106094214673,58.46348651178036,57.86007000725937,58.319007873535156,,551200,32145437.139892578,,,
2014-11-21,59.24537202166527,59.30486360129129,58.854426429251994,58.947914123535156,,728900,42967134.604644775,,,
2014-11-24,59.89128967265043,60.01877349104313,59.5513349849687,59.79780197143555,,1035700,61932583.501815796,,,
2014-11-25,60.129259974085926,60.384227627685426,60.112265156424456,60.171756744384766,,900400,54178649.77264404,,,
2014-11-26,60.384222558879266,60.588192774179014,60.25673874278083,60.4437141418457,,1054800,63756029.67681885,,,
2014-11-28,60.12925554110277,60.239738057999034,59.653322872508035,59.7638053894043,,432700,25859798.59199524,,,
2014-12-01,60.409709419822065,60.579683494342746,60.1802372867143,60.2142333984375,,805700,48514607.849121094,,,
2014-12-02,60.2737284695249,60.36721616116326,59.67031204064722,59.7892951965332,,1011600,60482851.02081299,,,
2014-12-03,59.27937421010587,59.48334443485168,59.015912399638516,59.23687744140625,,1081400,64058759.26513672,,,
2014-12-04,59.22838102320807,59.313368073279754,58.63345870451371,58.78643798828125,,898600,52825493.17626953,,,
2014-12-05,59.015915160848486,59.54283880643667,58.854435213150516,59.27937698364258,,877300,52005797.427749634,,,
2014-12-08,59.8233008791784,59.98478082403682,59.22838500458958,59.32187271118164,,1155400,68540491.73049927,,,
2014-12-09,59.22837948094279,59.7043121362283,58.998907319218624,59.398353576660156,,990600,58840009.05303955,,,
2014-12-10,59.31336251318056,59.33885797740246,58.369991432396034,58.420982360839844,,807700,47186627.45285034,,,
2014-12-11,59.36435853375648,60.248238112475065,59.30486695077043,59.67881774902344,,1158400,69131942.48046875,,,
2014-12-12,59.49183944368014,59.67881483367277,58.20001949733386,58.21701431274414,,1693000,98561405.23147583,,,
2014-12-15,58.6759524168106,58.79493557753572,56.96768491769153,57.11216354370117,,1234600,70510677.11105347,,,
2014-12-16,56.661722187669604,58.217010296293644,56.585235797456356,57.401123046875,,856100,49141101.44042969,,,
2014-12-17,57.62210170326365,58.61646380428204,57.52011335286576,58.13203048706055,,862000,50109810.27984619,,,
2014-12-18,58.80343281794533,59.84878573857796,58.752435406237105,59.831790924072266,,884500,52921219.07234192,,,
2014-12-19,59.50034118387118,60.20573950800374,59.355856071804276,59.86579132080078,,3073000,183967576.7288208,,,
2014-12-22,60.23124160736135,60.33322347013717,60.01027009785364,60.07826232910156,,1043500,62691666.74041748,,,
2014-12-23,60.06976896819379,60.38422821280067,59.967780608946384,60.256744384765625,,650400,39190986.54785156,,,
2014-12-24,60.435214221833135,60.81765919065274,60.29073558775429,60.741172790527344,,304300,18483538.88015747,,,
2014-12-26,60.88564694874952,61.098117801162545,60.63067933221554,60.93663787841797,,473000,28823029.7164917,,,
2014-12-29,60.51170487919922,60.928152478390615,60.4352184736927,60.61369323730469,,1002200,60747043.36242676,,,
2014-12-30,60.27372742627152,60.45220215701134,59.71280777024572,59.831790924072266,,476800,28527797.912597656,,,
2014-12-31,59.8318058484953,60.02727544249868,59.134901566206146,59.194393157958984,,487100,28833588.90724182,,,
2015-01-02,59.313358482314705,59.79779172189641,59.18587468577316,59.52582931518555,,683600,40691856.91986084,,,
2015-01-05,58.047040498107,58.098031428676066,56.99318038297606,57.11216354370117,,1678800,95879900.15716553,,,
2015-01-06,56.032810042343094,56.48324718454775,55.54837678773303,55.82033920288086,,1478900,82552699.6471405,,,
2015-01-07,55.225423672330336,55.63336405467605,54.90246384520322,55.318904876708984,,1483100,82043467.8226471,,,
2015-01-08,54.82598601094351,56.35577240961465,54.81748536045689,56.20279312133789,,1184700,66583449.010849,,,
2015-01-09,55.43790203353759,55.471891666597976,54.74949200828227,55.267921447753906,,1142500,63143600.25405884,,,
2015-01-12,55.88833611692307,57.877060228784806,55.65036979421442,57.537105560302734,,3279400,188687183.9744568,,,
2015-01-13,57.027176217259665,57.62209850205188,56.44925523197074,56.84870147705078,,1707100,97046418.29147339,,,
2015-01-14,56.67023526339445,57.27365180463188,56.355776016229775,56.91670227050781,,841200,47878329.94995117,,,
2015-01-15,57.018677076475086,57.3501375846017,56.602236004966805,56.84020233154297,,1060900,60301770.653533936,,,
2015-01-16,56.28777999692335,57.14615755569378,55.92232987840376,57.035675048828125,,1143700,65231701.55334473,,,
2015-01-20,54.095086294166244,54.18857075622995,53.389681430083655,54.01859664916992,,2674100,144451129.2995453,,,
2015-01-21,54.06108309561036,54.503019606544406,53.88260836134301,54.46052932739258,,2283800,124376956.87789917,,,
2015-01-22,54.30755366843466,54.91947078895049,54.09508280626089,54.689998626708984,,1517800,83008479.9156189,,,
2015-01-23,54.63050626173055,55.29341430475691,54.562514030626296,54.834476470947266,,1032700,56627563.85154724,,,
2015-01-26,55.59087672884567,56.440760135304615,55.36990522761952,56.17729187011719,,1736100,97529396.41571045,,,
2015-01-27,55.76936201957581,56.02432319930335,55.42940729584204,55.66737365722656,,1302100,72484487.2390747,,,
2015-01-28,55.403903365477625,55.522886527999816,54.503022512543254,54.554019927978516,,981200,53528404.35333252,,,
2015-01-29,55.250931270423294,56.04981739634867,55.157443561416564,55.939334869384766,,1354800,75786610.88104248,,,
2015-01-30,55.77784747976478,56.092306684848346,55.412397343514805,55.54838180541992,,967900,53765278.74946594,,,
2015-02-02,56.236795814153986,56.95919557166107,56.032825567303135,56.89970397949219,,1187300,67557018.53485107,,,
2015-02-03,57.5711034882883,58.14902449767589,57.33313715808686,58.115028381347656,,1299500,75520479.38156128,,,
2015-02-04,57.96205471410766,57.98755666689609,57.205658883804695,57.273651123046875,,1333800,76391595.86791992,,,
2015-02-05,57.83457283420263,58.42098802040273,57.6051006657839,58.39549255371094,,1129300,65946029.74090576,,,
2015-02-06,57.08667347245423,57.28214953159914,56.508752429712764,56.6617317199707,,2718100,154012252.98805237,,,
2015-02-09,56.34727213091799,56.695720953913444,56.236783138866734,56.35576629638672,,1734800,97765983.37097168,,,
2015-02-10,57.13766919884093,57.34163941844197,56.491755938658564,57.22265625,,1805900,103338394.921875,,,
2015-02-11,56.542743959264136,56.97618632716826,56.50874784373283,56.80620574951172,,874800,49694068.78967285,,,
2015-02-12,58.36149912062332,58.75244475743388,58.29350688358758,58.718448638916016,,751700,44138657.84187317,,,
2015-02-13,58.9139246993696,59.14339039424444,58.599465466151784,58.718448638916016,,639600,37556319.74945068,,,
2015-02-17,58.692952007135375,58.8119351775401,58.25101544336019,58.70995330810547,,476500,27975292.751312256,,,
2015-02-18,57.99604642355755,58.76944349690833,57.92806067358201,58.60796356201172,,600900,35217525.30441284,,,
2015-02-19,58.225521461737195,58.85443344765241,58.08103633619052,58.539974212646484,,432600,25324392.84439087,,,
2015-02-20,58.200015120516646,59.449338208240476,58.055530021963385,59.17737579345703,,813000,48111206.52008057,,,
2015-02-23,59.24537843281573,59.500346078287265,59.08389849174398,59.21988296508789,,563100,33346716.09764099,,,
2015-02-24,59.15187933739358,59.62781841834793,58.90541238999292,59.381351470947266,,1113400,66115196.727752686,,,
2015-02-25,59.55133346815849,59.721307565621835,59.381359370695144,59.64482116699219,,568800,33925974.279785156,,,
2015-02-26,59.338861528881075,59.74680843313453,59.219878365993836,59.364356994628906,,646700,38390929.66842651,,,
2015-02-27,59.746811829651314,59.916785933696985,59.50883900625236,59.653324127197266,,527600,31473093.809509277,,,
2015-03-02,59.65331621745398,60.460702830759985,59.65331621745398,60.43520736694336,,2479100,149824922.58338928,,,
2015-03-03,60.282245775022524,60.341737369403106,59.62783823683611,59.840309143066406,,812300,48608283.11691284,,,
2015-03-04,59.202881712077286,59.45784284573566,58.80343547017371,59.38985061645508,,1376500,81750129.37355042,,,
2015-03-05,59.64482763151074,59.7128198715038,59.33036838461554,59.474853515625,,497500,29588739.624023438,,,
2015-03-06,58.64195636472292,58.90541815174068,58.07253602577023,58.20001983642578,,886800,51611777.59094238,,,
2015-03-09,58.09803149108215,58.335997812787994,57.877059984885605,58.20001983642578,,506000,29449210.037231445,,,
2015-03-10,57.32463108484033,57.58809934043494,56.79770754184227,56.865699768066406,,794000,45151365.61584473,,,
2015-03-11,57.12916367765496,57.477612502927244,56.82320513229129,57.103668212890625,,679000,38773390.716552734,,,
2015-03-12,57.783581361328864,57.96205613062867,57.44362664090673,57.868568420410156,,1227900,71056815.16342163,,,
2015-03-13,57.43511995860031,58.05553119039175,57.299135506424044,57.86006164550781,,663700,38401722.914123535,,,
2015-03-16,58.68444994241828,59.1603825599815,58.531470674759305,59.04990005493164,,777700,45923107.27272034,,,
2015-03-17,58.65896108608641,58.83744234160223,58.42099472419472,58.65046691894531,,859100,50386616.13006592,,,
2015-03-18,59.143387438020895,60.74117250801392,59.10939780529857,60.31623077392578,,2280200,137533069.41070557,,,
2015-03-19,59.67882365180202,59.984782247162705,59.534345005130824,59.75531005859375,,1642200,98130170.17822266,,,
2015-03-20,61.65904585595316,62.23696685161437,61.2765944194164,61.837520599365234,,2766100,171048765.72990417,,,
2015-03-23,61.94801353780688,62.43244691834181,61.6250601121493,62.21147537231445,,1480500,92104089.28871155,,,
2015-03-24,62.78938983964518,63.02736266323121,62.44094098084871,62.4919319152832,,1393000,87051261.1579895,,,
2015-03-25,62.321965684063464,62.389957927963025,61.225615066547746,61.28510665893555,,1389000,85125013.14926147,,,
2015-03-26,60.809159520554324,61.26809084796077,60.299224296154755,60.97913360595703,,835500,50948066.1277771,,,
2015-03-27,61.25109697355556,61.76102572168924,60.95363907748557,61.650543212890625,,1221900,75330798.75183105,,,
2015-03-30,62.007494224823006,62.168974151303814,61.79502336749394,61.803524017333984,,1017000,62854183.92562866,,,
2015-03-31,61.803528602330665,61.95650789032045,61.28509915325952,61.336090087890625,,998100,61219551.51672363,,,
2015-04-01,62.07548617445545,62.07548617445545,61.191606633874635,61.540061950683594,,960100,59084613.47885132,,,
2015-04-02,62.160473970668605,62.270956483039114,61.65054520604896,61.837520599365234,,808700,50008002.908706665,,,
2015-04-06,61.53156097890868,62.66190748505274,61.49756486397624,62.32195281982422,,857000,53409913.566589355,,,
2015-04-07,62.44094361336926,62.71290608197997,61.95651026352841,61.999000549316406,,686200,42543714.17694092,,,
2015-04-08,62.55991943195793,62.6109103625464,61.75253277185948,61.981998443603516,,876100,54302428.83644104,,,
2015-04-09,61.92250963600011,62.117979201405966,61.659047837367744,62.024497985839844,,686800,42598425.216674805,,,
2015-04-10,62.22846556707837,62.45793123938341,61.99049924495582,62.1944694519043,,604600,37602776.23062134,,,
2015-04-13,62.21146920663225,62.296462743363364,61.66754428885487,61.87152099609375,,682400,42221125.927734375,,,
2015-04-14,62.576919763014175,62.627917182193535,62.262467017874705,62.34745407104492,,726100,45270486.40098572,,,
2015-04-15,62.50893401093592,62.61091588110157,61.78652784874771,62.34745407104492,,574600,35824847.10922241,,,
2015-04-16,61.86301712351954,62.12647891819364,61.5230624465908,61.956504821777344,,925500,57340745.21255493,,,
2015-04-17,61.19161628178449,61.35309623299467,60.55420361218257,60.96215057373047,,924400,56353411.990356445,,,
2015-04-20,61.63354755939314,61.85451908132766,61.251102584284084,61.46357345581055,,832100,51143839.472579956,,,
2015-04-21,63.02735820274877,63.3588122213087,62.72989381534208,63.01035690307617,,1563100,98491488.87519836,,,
2015-04-22,62.874390915188854,63.46930683525002,62.43244781677437,63.2568359375,,1342100,84896999.51171875,,,
2015-04-23,62.882863584476056,63.79223845658981,62.763880441141175,63.5882682800293,,944100,60033684.08317566,,,
2015-04-24,63.647770541694214,64.08971356324629,63.15483658846155,63.89423751831055,,762500,48719356.10771179,,,
2015-04-27,65.11806819735286,65.53450924623972,64.87160123418838,64.92259216308594,,1259200,81750528.05175781,,,
2015-04-28,65.29654632165992,65.43252430047632,64.76111560406217,65.05007934570312,,1037700,67502467.33703613,,,
2015-04-29,65.33053983021556,65.50051391797685,64.47215577360069,64.77811431884766,,1304900,84528961.3746643,,,
2015-04-30,64.80360748182613,65.04157378987787,64.14069948536898,64.32767486572266,,1117800,71905474.96490479,,,
2015-05-01,64.50614962003502,65.32203688397631,64.49764897071708,64.93109130859375,,768400,49893050.56152344,,,
2015-05-04,64.99909498607659,65.14357362945695,64.76962280273438,64.76962280273438,,1439200,93216441.13769531,,,
2015-05-05,63.98773680985585,64.03022709925655,63.1123577422149,63.29083251953125,,1375600,87062869.21386719,,,
2015-05-06,63.800746160273285,64.0727085871261,63.27381612145407,63.50328826904297,,1443600,91673346.94519043,,,
2015-05-07,63.8092530265461,64.49765656819086,63.71576532532319,64.00472259521484,,1284700,82226867.11807251,,,
2015-05-08,64.32768505766784,64.88860480350425,64.29368893911766,64.59964752197266,,521000,33656416.358947754,,,
2015-05-11,64.19170333436253,64.48066711237409,64.09821562536733,64.15770721435547,,774200,49670896.925354004,,,
2015-05-12,63.92823573008871,64.25118911481431,63.664773928972984,63.970726013183594,,1065000,68128823.20404053,,,
2015-05-13,64.7696210328679,65.14357184937205,64.25969222751459,64.35317993164062,,794700,51141472.091674805,,,
2015-05-14,65.11806743600843,65.74697932674307,64.93959270285788,65.67048645019531,,1309500,85995502.00653076,,,
2015-05-15,65.33903721802304,65.50901779826297,65.06707477373527,65.29654693603516,,868100,56683932.39517212,,,
2015-05-18,65.38114219594702,65.64874839939317,65.11354257843357,65.28618621826172,,847700,55343100.05722046,,,
2015-05-19,65.08764079962685,65.4415622050191,64.98405067354683,65.26028442382812,,556700,36330400.33874512,,,
2015-05-20,65.02721963618637,65.48473120117403,64.93226366013997,65.34661102294922,,648700,42390346.57058716,,,
2015-05-21,65.15669626198829,65.58831187780822,65.09627033921076,65.43292999267578,,627300,41046076.98440552,,,
2015-05-22,64.85455225817532,64.88045472419023,64.47473504039095,64.49199676513672,,492900,31788105.20553589,,,
2015-05-26,63.948174038571686,63.99996580725431,63.04177857103415,63.4474983215332,,892000,56595168.50280762,,,
2015-05-27,63.24033116981148,64.12945841534595,63.12810687820599,64.04313659667969,,1148300,73540733.75396729,,,
2015-05-28,64.36252685281325,64.40569105435382,63.75826754683996,64.10356140136719,,822600,52731589.60876465,,,
2015-05-29,64.10355323009676,64.27619684238728,63.66330345704481,63.792789459228516,,868300,55391279.08744812,,,
2015-06-01,63.94818604711071,64.02587371472326,63.257598267311025,63.75827407836914,,475600,30323435.151672363,,,
2015-06-02,64.42294603247481,64.82003161849381,64.21577237584138,64.46611022949219,,700400,45152063.60473633,,,
2015-06-03,64.92362236420368,65.5796799667732,64.8977264801169,65.31208038330078,,790100,51603074.71084595,,,
2015-06-04,64.91499660921177,65.70054031981668,64.46611919310375,64.60423278808594,,588000,37987288.87939453,,,
2015-06-05,63.559717588634044,64.0086015480989,63.18852787004784,63.56835174560547,,815000,51808206.67266846,,,
2015-06-08,63.5510872444706,63.66330493647402,63.10220330459331,63.37843704223633,,733300,46475407.8830719,,,
2015-06-09,62.81734129832716,63.03314913189916,62.40299394599108,62.78281784057617,,721100,45272689.94483948,,,
2015-06-10,63.525186728203124,64.20714022965325,63.16263117125962,63.95680236816406,,648000,41444007.93457031,,,
2015-06-11,64.27619978750687,64.50927591930336,63.706470572098006,64.0517578125,,587700,37643218.06640625,,,
2015-06-12,63.37844115058114,63.81005680524748,62.96409381022351,63.490665435791016,,638600,40545138.94729614,,,
2015-06-15,62.195828314975934,62.8087218512875,62.09223817052611,62.55838394165039,,665700,41645116.189956665,,,
2015-06-16,62.28213852645299,63.16263153929364,62.18718255823374,62.981353759765625,,690800,43507519.177246094,,,
2015-06-17,62.912298612187506,63.18853238160695,62.368465230936515,62.92093276977539,,805400,50676519.2527771,,,
2015-06-18,62.64470556852958,63.948186891800894,62.55838374139769,63.24033737182617,,1253900,79297059.03053284,,,
2015-06-19,62.76555446913995,62.88640633858389,62.45479063744613,62.72239685058594,,849700,53295220.60394287,,,
2015-06-22,64.4661132963731,65.23438862112297,64.33662728509267,64.57833099365234,,1273300,82227588.85421753,,,
2015-06-23,64.63013198151798,64.68192375376631,64.25030808921053,64.29347229003906,,560700,36049349.9130249,,,
2015-06-24,63.81006387690156,63.982714109461135,63.36118644411259,63.45614242553711,,682900,43334199.66239929,,,
2015-06-25,63.7323662211515,63.81868803093319,63.188526306256215,63.4474983215332,,683300,43353675.60310364,,,
2015-06-26,63.6115178361583,63.66330960766281,62.73101820498787,62.989990234375,,608800,38348306.0546875,,,
2015-06-29,61.95411409368657,62.15266021161747,60.875074853901545,61.0131950378418,,1262800,77047462.69378662,,,
2015-06-30,61.22899991113593,61.24626164032341,60.12406483702592,60.62474060058594,,1520400,92173855.60913086,,,
2015-07-01,61.116779940085465,61.28078941204819,60.5729399948261,60.74559020996094,,1247300,75767974.66888428,,,
2015-07-02,60.74559443856826,60.75422201047636,60.184492725702285,60.391666412353516,,668500,40371828.996658325,,,
2015-07-06,58.535717193717865,59.43347861038674,58.466663689306955,58.92417526245117,,1698700,100094496.5183258,,,
2015-07-07,58.587513959104434,59.61475478477995,57.85376204456582,59.424842834472656,,2377300,141270678.87039185,,,
2015-07-08,59.34715571941076,59.726979623513415,58.941435928379754,59.11408615112305,,955100,56459863.68293762,,,
2015-07-09,60.56430507763394,60.89233056770525,60.21901127517747,60.262168884277344,,1002400,60406798.08959961,,,
2015-07-10,62.8777646912674,62.90366716243415,62.204445331439366,62.38572311401367,,1495700,93310326.06163025,,,
2015-07-13,62.8605090343883,63.0676827222068,62.59290941320888,62.670597076416016,,1006400,63071688.89770508,,,
2015-07-14,63.10221046734671,63.43887016750313,62.98135860503069,63.197166442871094,,816000,51568887.81738281,,,
2015-07-15,63.55972196664713,64.53517760771307,63.33528655738762,64.00860595703125,,1817800,116354843.9086914,,,
2015-07-16,64.47474318619432,64.60422260297321,64.25030122055813,64.39704895019531,,956100,61570018.50128174,,,
2015-07-17,64.46610577065262,64.48336749670658,63.80142064970832,64.0258560180664,,755000,48339521.29364014,,,
2015-07-20,64.77688274505176,64.811412790137,64.13809337580658,64.27620697021484,,1477300,94955240.55709839,,,
2015-07-21,64.32799498146971,64.50927935404464,62.07496729837874,62.84324264526367,,3605900,226606448.65455627,,,
2015-07-22,62.90367647233706,63.22306788541064,62.472060758727885,62.636070251464844,,2191800,137285738.77716064,,,
2015-07-23,63.283481077490435,63.65467077987935,63.08494157733578,63.37843704223633,,1218000,77194936.31744385,,,
2015-07-24,63.456133220696344,63.56835091613224,62.35119823632694,62.523841857910156,,2586200,161699159.81292725,,,
2015-07-27,62.57564436212158,62.61017440954829,61.78147302910657,61.88506317138672,,1819000,112568929.90875244,,,
2015-07-28,61.764200849014294,62.489311964500665,61.66061072425966,62.37709426879883,,2271400,141683331.92214966,,,
2015-07-29,61.928220811717445,62.64470447770934,61.84189898608865,62.230350494384766,,889000,55322781.58950806,,,
2015-07-30,61.42754110108505,61.9541061232994,61.07361311472057,61.841888427734375,,1295600,80122350.64697266,,,
2015-07-31,62.04043279568846,62.23897229662595,61.68650481916153,61.86778259277344,,520100,32177433.726501465,,,
2015-08-03,62.54110388292163,62.54110388292163,61.59155078783718,61.82462692260742,,980900,60643776.54838562,,,
2015-08-04,62.28214137831922,62.42025496555098,61.95410926002064,62.083595275878906,,885400,54968815.25726318,,,
2015-08-05,62.34257050101303,62.825977959984634,62.273510410893465,62.45478820800781,,447000,27917290.328979492,,,
2015-08-06,62.89503172070795,62.98135353170413,62.273504144044196,62.37709426879883,,774500,48311059.51118469,,,
2015-08-07,61.988636688248434,62.213078667205586,61.68650705461308,62.152652740478516,,584000,36297149.20043945,,,
2015-08-10,62.377088724571834,63.2575816559638,62.36845456846004,63.084938049316406,,493700,31145033.91494751,,,
2015-08-11,62.428886186952425,62.50658042718652,61.52249070450288,61.82462692260742,,573900,35481153.3908844,,,
2015-08-12,61.27216261754992,61.80736182642243,60.6247391209339,61.79010009765625,,1114500,68865066.55883789,,,
2015-08-13,61.05635924180635,61.28942881978945,60.814648919910894,61.0131950378418,,721700,44033222.858810425,,,
2015-08-14,60.78012509219104,61.047724714540465,60.54704892968498,60.961402893066406,,661300,40313775.733184814,,,
2015-08-17,60.02910997807722,60.59883925491547,59.916892271440226,60.56431579589844,,675400,40905138.888549805,,,
2015-08-18,60.21038668594139,60.29670850378849,59.942787074835614,60.21902084350586,,709900,42749482.89680481,,,
2015-08-19,60.02046574245532,60.86643523684626,59.873718015508715,60.572933197021484,,1354900,82070267.18864441,,,
2015-08-20,60.57295309909089,60.59884899048032,58.7774299888415,58.78606414794922,,1364400,80207705.92346191,,,
2015-08-21,59.13134778647836,59.53706757686472,58.397602452299815,58.44939422607422,,2103200,122930765.9362793,,,
2015-08-24,56.03234727548491,58.622041195415775,54.43536738241455,56.51575469970703,,2794700,157944579.65927124,,,
2015-08-25,59.278091063954065,59.48527131528633,57.30992477782207,57.38761901855469,,2586500,148433076.5914917,,,
2015-08-26,57.75880866023604,58.026408252105384,56.77471893253637,57.66385269165039,,7063900,407331689.0285492,,,
2015-08-27,58.276751612490614,58.66520309448242,57.836501769882595,58.66520309448242,,1489100,87358353.92799377,,,
2015-08-28,57.827869362574035,58.328545152779185,57.63795740174223,58.23358917236328,,1369200,79733430.2947998,,,
2015-08-31,57.965983817787915,58.319905230411365,57.72428010459488,58.06093978881836,,772600,44857882.080841064,,,
2015-09-01,57.0854923835206,57.14591832048872,56.37764287077988,56.619346618652344,,1081000,61205513.69476318,,,
2015-09-02,56.84378743764147,57.10275949686584,56.274058127654115,57.08549118041992,,1495500,85371352.060318,,,
2015-09-03,57.154549132712205,57.560268936858996,57.12865324494671,57.46531295776367,,2811400,161557980.8494568,,,
2015-09-04,55.90286427063276,56.265419858309755,55.5489362546153,55.87696838378906,,1669100,93264247.92938232,,,
2015-09-08,56.93873855771349,57.29266656936573,56.68840067809099,57.27539825439453,,894400,51227116.19873047,,,
2015-09-09,57.31856047091231,57.40488228498147,56.066871116146594,56.161827087402344,,1251200,70269678.05175781,,,
2015-09-10,56.092773780906214,57.41351663991693,56.05824373797317,56.95600509643555,,1302400,74179501.03759766,,,
2015-09-11,56.62797691859617,57.025062561035156,56.5675509857453,57.025062561035156,,901400,51402391.39251709,,,
2015-09-14,56.83514830541649,57.0250602541029,56.6107128987257,56.80062484741211,,605700,34404138.470077515,,,
2015-09-15,56.783359269703325,58.699733992015425,56.56755142414445,57.741546630859375,,1593800,92028477.02026367,,,
2015-09-16,57.543004486622756,58.01777777372147,57.344458379919026,57.810604095458984,,1332900,77055754.19883728,,,
2015-09-17,57.7847091743517,58.38896849018477,57.60343137960177,57.89692687988281,,1212200,70182654.76379395,,,
2015-09-18,56.29131212738311,56.86967551616372,55.94601829114933,56.075504302978516,,1397800,78382339.91470337,,,
2015-09-21,56.274057290915806,56.46396925339881,55.90286752404438,56.18772888183594,,829300,46596483.56170654,,,
2015-09-22,54.98783914527763,55.16048607855437,54.3317814574193,54.7288703918457,,1421800,77813507.92312622,,,
2015-09-23,54.659807161653454,54.96193680780845,54.340412493865855,54.79792404174805,,1606700,88043824.55787659,,,
2015-09-24,54.37494157386802,54.74612800701159,54.012382711938656,54.71160125732422,,2312600,126526049.06768799,,,
2015-09-25,55.255441193240905,55.63525851317634,54.96193910617942,55.1173210144043,,1777800,97987573.29940796,,,
2015-09-28,55.41082131931821,55.41082131931821,54.694337732995564,54.70296859741211,,1213800,66398463.28353882,,,
2015-09-29,54.82382169192194,55.384926680622,54.67707394277185,55.212276458740234,,957400,52860233.4815979,,,
2015-09-30,56.34311173563644,56.42080598791486,55.41945438213201,55.92876434326172,,911000,50951104.316711426,,,
2015-10-01,55.71295137999651,55.807907354111045,54.754764067337135,55.384925842285156,,891600,49381199.880981445,,,
2015-10-02,55.91149103438643,56.817886576414296,55.49714367900924,56.80062484741211,,1206600,68535633.94088745,,,
2015-10-05,57.22361018177989,57.66386003895995,57.17181840538208,57.5516357421875,,687000,39537973.75488281,,,
2015-10-06,57.91418583309018,58.39759984851666,57.853759904403404,58.11273193359375,,1002600,58263825.036621094,,,
2015-10-07,57.92281507286807,58.35443069425447,57.5516253750385,58.173152923583984,,857800,49900930.57785034,,,
2015-10-08,57.71565260411176,58.38033789205464,57.55163652870002,58.31991195678711,,967600,56430346.80938721,,,
2015-10-09,59.14861141865192,59.3471575343956,58.76879408886608,59.02775955200195,,869400,51318734.1545105,,,
2015-10-12,58.89828659326447,59.45075421185499,58.872384116761644,59.088191986083984,,1315500,77730516.55769348,,,
2015-10-13,59.08818278438789,63.11947816085236,59.08818278438789,62.41162872314453,,3456400,215719553.51867676,,,
2015-10-14,62.86051118694436,63.01589310461223,62.45479136937086,62.82598114013672,,925900,58170575.93765259,,,
2015-10-15,63.576991178637336,64.07766694961612,63.45613931473662,63.9654426574707,,1571600,100528089.68048096,,,
2015-10-16,64.65603318727746,65.03585052490234,64.5179130020081,65.03585052490234,,944900,61452375.160980225,,,
2015-10-19,65.05310895295683,65.09627315077579,64.16398179971463,64.53517150878906,,835400,53912682.27844238,,,
2015-10-20,65.26892083003231,65.5365204325456,64.87183521193985,65.13943481445312,,1199000,78102182.3425293,,,
2015-10-21,66.03719487679685,66.27889858860982,65.67463930907738,65.75232696533203,,1353400,88989199.31488037,,,
2015-10-22,66.2357526572252,66.89180382330517,66.14079666998907,66.486083984375,,1049500,69777145.14160156,,,
2015-10-23,66.7277791661301,67.02990879054936,66.30479110601128,66.74504089355469,,938800,62660244.39086914,,,
2015-10-26,66.70188088140429,67.0040171107134,66.58966318127355,66.79683685302734,,769500,51400165.95840454,,,
2015-10-27,67.06444334992106,67.34067710884926,66.35659393104677,66.50334167480469,,1518400,100978673.99902344,,,
2015-10-28,67.3147906827225,67.97947599463723,66.81411486620152,67.35794830322266,,1107200,74578720.36132812,,,
2015-10-29,66.93495506912558,67.48742256828197,66.87452914221574,67.43563079833984,,463600,31263158.43811035,,,
2015-10-30,67.52195714290465,68.47151030920153,67.47016536948578,67.94493865966797,,992900,67462529.59518433,,,
2015-11-02,68.77364713352102,68.98082742065961,68.62689936958111,68.92039489746094,,779000,53688987.62512207,,,
2015-11-03,68.9721869437194,69.65414050806085,68.93765689902624,69.24842071533203,,1249000,86491277.4734497,,,
2015-11-04,68.98945638717635,69.0067247044201,68.14349324836652,68.30750274658203,,1226100,83751829.11758423,,,
2015-11-05,69.38653245050023,69.53328678300026,68.98081925456609,69.01534271240234,,1259200,86904119.54345703,,,
2015-11-06,67.97946989410354,68.1607476901759,67.39247230332667,68.01399993896484,,1575800,107176461.1038208,,,
2015-11-09,68.25569023744356,68.29022027551092,67.48741500175598,68.05714416503906,,934200,63578984.07897949,,,
2015-11-10,67.02990940490942,67.68596701389849,66.90905755403405,67.59101104736328,,1198100,80980790.33584595,,,
2015-11-11,68.1693933465797,68.68733093499884,68.02264557061545,68.48878479003906,,1884700,129080812.69378662,,,
2015-11-12,68.09168198228863,68.78226965066983,67.97946428519784,68.31612396240234,,1123700,76766828.49655151,,,
2015-11-13,67.48742017069648,67.75501975380011,66.9953786159304,67.2975082397461,,785800,52882381.97479248,,,
2015-11-16,66.90907085160838,67.39247835118272,66.83137659721493,67.35794830322266,,683200,46018950.28076172,,,
2015-11-17,67.59964386476905,67.936303559184,67.40110434546405,67.45289611816406,,808500,54535666.511535645,,,
2015-11-18,67.97946910599717,68.62689262129238,67.58238347359469,68.53193664550781,,863700,59191033.6807251,,,
2015-11-19,69.05850458544103,69.42106015389086,68.97218277189567,69.19662475585938,,753400,52132737.09106445,,,
2015-11-20,69.31748829494627,69.34338418478121,68.73049064359873,68.85997009277344,,591600,40737558.306884766,,,
2015-11-23,68.42834870636385,68.626894821898,68.04853137697883,68.28160095214844,,1142600,78018557.2479248,,,
2015-11-24,67.78091610273928,68.09167988534738,67.34930046977603,67.88450622558594,,933700,63383763.46282959,,,
2015-11-25,67.93629472195524,68.40244037341591,67.7981811507437,68.19526672363281,,486000,33142899.627685547,,,
2015-11-27,68.0571570865296,68.32476328587715,67.90178176462358,68.23844146728516,,377600,25766835.498046875,,,
2015-11-30,68.0053548005268,68.29885684149015,67.72912107217213,68.19526672363281,,1204700,82154837.82196045,,,
2015-12-01,68.56647270306348,68.85996822782177,68.35066484570598,68.81681060791016,,699600,48144240.701293945,,,
2015-12-02,68.50604887928502,68.61826659763598,68.1089631998124,68.30750274658203,,1207200,82460817.31567383,,,
2015-12-03,68.41971190373233,68.54919791066072,67.44425635934621,67.75502014160156,,1427100,96693189.24407959,,,
2015-12-04,67.40109956810772,68.33339092622221,67.36656952677771,68.17800903320312,,1417500,96642327.80456543,,,
2015-12-07,68.48015072003842,68.5146807674483,68.07443089538877,68.42835235595703,,801800,54865852.91900635,,,
2015-12-08,68.1348413188449,68.37654500974952,67.84997343202235,68.10031127929688,,776800,52900321.80175781,,,
2015-12-09,68.0916962372623,68.50605024222232,67.14214293389857,67.56512451171875,,679400,45903745.59326172,,,
2015-12-10,67.96221495973015,68.08306683586156,67.53059923470843,67.65145111083984,,705000,47694273.03314209,,,
2015-12-11,66.85725145648404,67.16801520443933,66.48606179008915,66.65007781982422,,725300,48341301.442718506,,,
2015-12-14,66.81410336811292,67.30614494148479,66.10625397157915,66.88316345214844,,1468500,98217925.52947998,,,
2015-12-15,67.83272180870625,67.9708354015384,67.34068019723892,67.55648803710938,,799800,54031679.13208008,,,
2015-12-16,67.71186888163245,68.08305862381629,66.91769103807536,67.74639892578125,,1370200,92826115.80810547,,,
2015-12-17,68.54919775468164,68.62688540710276,67.66006402162697,67.68596649169922,,1038400,70285107.60498047,,,
2015-12-18,67.67733450597925,67.7377604328891,67.16802461979728,67.43563079833984,,1114200,75136779.83551025,,,
2015-12-21,68.43697431216947,68.54919859272557,67.57374303863367,67.91903686523438,,912200,61955745.4284668,,,
2015-12-22,67.90178362276342,68.41972113442138,67.48742966187739,68.28160095214844,,734000,50118695.09887695,,,
2015-12-23,68.34202555654353,68.97218735052836,68.31612966935407,68.89449310302734,,566600,39035619.79217529,,,
2015-12-24,68.92901148685291,69.36926125239226,68.79089791656367,69.1016616821289,,163200,11277391.186523438,,,
2015-12-28,69.17073653846421,69.34338678706516,68.91177104446314,69.32611846923828,,332000,23016271.33178711,,,
2015-12-29,69.60233725054238,70.10301298446458,69.59370967942561,69.84404754638672,,427300,29844361.516571045,,,
2015-12-30,69.52465561947109,69.63687332710236,69.18799591064453,69.18799591064453,,369000,25530370.491027832,,,
2015-12-31,68.80817262168165,68.89449444263585,68.25570506445546,68.28160095214844,,267900,18292640.895080566,,,
2016-01-04,66.24437440397386,66.62419831951425,65.51062904653402,66.58966827392578,,1075400,71610529.26177979,,,
2016-01-05,65.89044934291259,66.55513457266635,65.74370159667158,66.44291687011719,,1392000,92488540.28320312,,,
2016-01-06,66.30480465266554,67.15077435981036,66.17532520569769,67.02992248535156,,1031600,69148068.03588867,,,
2016-01-07,66.38247826472484,67.30613535283331,66.19256635364869,66.65007781982422,,1670200,111318959.97467041,,,
2016-01-08,67.56511479874356,67.63417488729793,66.26164020342583,66.38249206542969,,1186800,78782741.58325195,,,
2016-01-11,67.44425524505738,67.95356510764586,67.10759558416491,67.81544494628906,,1519700,103059131.68487549,,,
2016-01-12,69.8872154927678,69.91311138181115,68.97219228825968,69.36927795410156,,3382600,234648519.60754395,,,
2016-01-13,69.39518002654482,69.57645785193397,67.30616136908861,67.7032470703125,,2530400,171316296.38671875,,,
2016-01-14,68.54921097228547,69.29158394253677,68.13485698834847,68.81681060791016,,1988800,136862872.93701172,,,
2016-01-15,66.67598756288692,67.13349912417762,66.1666842281467,66.38249206542969,,1583100,105090123.18878174,,,
2016-01-19,68.01400742439905,68.25571117909678,67.13350764836206,67.62554931640625,,1658900,112184023.76098633,,,
2016-01-20,67.04717824480318,67.33204617462735,65.65737522637536,66.8745346069336,,2242400,149959456.4025879,,,
2016-01-21,66.84001016824843,67.5996514588937,66.14942238698313,67.32341766357422,,2028200,136545355.70526123,,,
2016-01-22,67.06445526255615,67.67734881823577,66.90043917514417,67.56512451171875,,2273300,153595797.55249023,,,
2016-01-25,67.80682779584622,68.48014722110332,67.49606397096866,67.59964752197266,,1356300,91685401.93405151,,,
2016-01-26,67.2975239225854,68.1780237011026,67.2284638250677,68.14349365234375,,867300,59100852.044677734,,,
2016-01-27,68.22979728111909,69.14482027838129,67.88450347157038,68.10031127929688,,992100,67562318.82019043,,,
2016-01-28,68.03989583932642,68.11759008676259,66.84863892807728,67.07307434082031,,1581800,106096188.99230957,,,
2016-01-29,67.5219646246347,68.91176777678584,67.46153868697306,68.88587188720703,,1339400,92265736.8057251,,,
2016-02-01,67.91041039999577,69.03261381706626,67.80682685043601,68.7995376586914,,1213300,83474479.04129028,,,
2016-02-02,67.73776851871575,67.79819445283862,66.96949310518232,67.08171081542969,,1300400,87233056.74438477,,,
2016-02-03,67.85861354694248,68.48014114151913,66.84000034159348,68.25569915771484,,1274600,86998714.14642334,,,
2016-02-04,67.15076995671456,67.9104112014933,66.93496211134111,67.53059387207031,,1283400,86668764.17541504,,,
2016-02-05,66.80546723240774,66.83136311667101,64.681919105704,65.08763885498047,,1756200,114306911.3571167,,,
2016-02-08,63.67194001218482,64.19851161121983,63.266220263492414,64.14671325683594,,2167700,139050830.32684326,,,
2016-02-09,63.43023727652741,65.25164921609672,63.378438921355446,64.63875579833984,,2887200,186625015.7409668,,,
2016-02-10,65.23439405015434,65.59694964316697,64.62150057074744,64.69918823242188,,1645000,106430164.64233398,,,
2016-02-11,64.37979343957002,64.56970538375857,63.611518091485344,64.12945556640625,,1253500,80386272.55249023,,,
2016-02-12,63.32665622922056,63.62015174489202,62.72239688170112,63.60289001464844,,1514000,96294775.48217773,,,
2016-02-16,64.69919564457057,65.64012136577428,64.27621407093102,65.38114929199219,,1720700,112501343.58673096,,,
2016-02-17,65.70916859842589,66.37385379829269,65.59694431499037,66.270263671875,,1091300,72320738.74511719,,,
2016-02-18,66.70189106583229,66.7450552725905,66.0717357971352,66.25301361083984,,805000,53333675.956726074,,,
2016-02-19,66.08899222465627,67.13350140223758,65.97677451639692,67.01264953613281,,1359700,91117099.57427979,,,
2016-02-22,66.70187983131477,67.22845145259554,66.70187983131477,66.98674774169922,,1417700,94967112.27340698,,,
2016-02-23,66.74503816971281,66.84862828782846,66.20983243834608,66.27889251708984,,562500,37281877.04086304,,,
2016-02-24,64.83730610826396,65.76096337341257,64.48337809961433,65.63147735595703,,1021100,67016301.528167725,,,
2016-02-25,66.64144487123178,67.4097200992794,66.39974119309518,67.40109252929688,,1007300,67893120.50476074,,,
2016-02-26,67.40110688244418,67.40110688244418,65.91634787378804,65.9681396484375,,1389600,91669326.85546875,,,
2016-02-29,65.06175299909005,65.77823005589283,65.01858879471014,65.03585052490234,,791500,51475875.690460205,,,
2016-03-01,66.2875424391072,67.2629915861181,66.22711650231773,67.25436401367188,,892800,60044696.19140625,,,
2016-03-02,66.55513913838774,67.10760670349194,66.19258353365052,67.08171081542969,,1079600,72421414.99633789,,,
2016-03-03,65.86455332402367,66.27026651823803,65.42430350025458,66.18394470214844,,830400,54959147.68066406,,,
2016-03-04,66.4688144789919,66.83137006825348,66.04583295818671,66.41702270507812,,957300,63581015.83557129,,,
2016-03-07,65.95087851296994,66.2875382230895,65.70054062335464,66.00267028808594,,1194600,78846789.92614746,,,
2016-03-08,65.86455491061909,66.45155249447379,65.79549482171088,65.89907836914062,,628900,41443930.38635254,,,
2016-03-09,66.6155700202364,66.73642189745816,66.22711849858555,66.486083984375,,757600,50369857.2265625,,,
2016-03-10,67.2284544961844,67.75502614130428,65.77822557921908,66.34796142578125,,1087800,72173312.43896484,,,
2016-03-11,66.99538136267012,67.95356862743584,66.91768712139964,67.89314270019531,,750100,50926646.339416504,,,
2016-03-14,68.03988991435686,68.29886193534905,67.82408209217405,67.98809814453125,,549100,37332264.69116211,,,
2016-03-15,68.17800874027961,68.5319301370107,68.01399269114971,68.47150421142578,,431200,29524912.615966797,,,
2016-03-16,68.17801561156226,69.23978649469747,68.05715716227984,69.11893463134766,,553000,38222770.851135254,,,
2016-03-17,68.37654691809516,69.2138822891925,68.24706091265907,68.95491027832031,,659100,45448181.36444092,,,
2016-03-18,68.67005589214627,69.31747939866204,68.37655381117422,68.98081970214844,,707700,48817726.10321045,,,
2016-03-21,68.67005807636289,68.97218773849373,68.5319378959987,68.73048400878906,,688600,47327811.28845215,,,
2016-03-22,68.12621291238784,68.85995820340034,68.03989109919793,68.67868041992188,,322700,22162610.17150879,,,
2016-03-23,69.1879914462911,69.1879914462911,68.48014202905632,68.61825561523438,,705800,48430764.81323242,,,
2016-03-24,68.35929591216912,68.6527914236526,68.25570577438697,68.57510375976562,,389300,26696287.893676758,,,
2016-03-28,68.86860670019901,69.4642385313155,68.56647699815933,69.25706481933594,,797200,55211732.07397461,,,
2016-03-29,68.10032437309182,69.30021548788221,67.91041241202868,69.23115539550781,,1082600,74949648.83117676,,,
2016-03-30,69.6282407721096,70.12028235640591,69.57644241496688,69.65413665771484,,966300,67306792.25234985,,,
2016-03-31,69.87857786371003,70.12891575525045,69.38653623852589,69.42106628417969,,608000,42208008.30078125,,,
2016-04-01,67.95356639989807,69.03260548377365,67.92767051563415,68.82543182373047,,842400,57978543.76831055,,,
2016-04-04,68.9721942079224,69.15347202220433,68.471518386039,68.66143035888672,,710300,48770213.98391724,,,
2016-04-05,67.62553427203223,67.76365443595155,67.12486514265447,67.20255279541016,,1881500,126441603.08456421,,,
2016-04-06,67.15939256029654,68.35928344726562,67.11622836427482,68.35928344726562,,746800,51050712.87841797,,,
2016-04-07,67.03854768360958,67.25435551428934,66.57240197902941,66.7018814086914,,955600,63740317.87414551,,,
2016-04-08,66.7968464553596,66.87454070964382,66.14942287536837,66.2184829711914,,2004800,132754814.66064453,,,
2016-04-11,66.21847600159622,66.9349596019995,66.21847600159622,66.38249206542969,,1991200,132180818.2006836,,,
2016-04-12,66.68461867300579,67.91903970928966,66.52060261666772,67.83271789550781,,1717600,116509476.25732422,,,
2016-04-13,67.28024555267669,67.70322701998528,67.08169946789737,67.61690521240234,,747800,50563921.71783447,,,
2016-04-14,68.18663847578856,68.2988627596746,67.86724711009967,68.2211685180664,,932700,63629883.87680054,,,
2016-04-15,68.10031862300235,68.34202233997145,67.65144123233576,67.77229309082031,,515500,34936617.08831787,,,
2016-04-18,68.21255097048659,68.80818281943219,68.17802750573458,68.48878479003906,,690400,47284657.01904297,,,
2016-04-19,69.89584277905408,69.95626870952529,69.23115095793838,69.60234069824219,,1447100,100721547.22442627,,,
2016-04-20,69.27430741107327,69.83540903750819,69.08439548342469,69.53327941894531,,1574100,109452335.13336182,,,
2016-04-21,69.05850398929142,69.57644145202468,68.81680027907805,69.16209411621094,,861100,59555479.24346924,,,
2016-04-22,69.62824763369417,69.68003941000852,68.87723394747158,69.23115539550781,,891000,61684959.45739746,,,
2016-04-25,68.63552540281162,69.07576864251445,68.47150934139346,69.01534271240234,,599500,41374697.956085205,,,
2016-04-26,68.36792765196219,68.89449935907253,68.17802226668408,68.62689971923828,,869700,59684814.68582153,,,
2016-04-27,69.38654300762536,70.08576497494583,69.2311610799912,69.93901062011719,,1350900,94480609.44671631,,,
2016-04-28,68.64415075321112,69.22252073520704,68.36791699793203,68.5146713256836,,982700,67329367.51174927,,,
2016-04-29,67.97083971927171,68.04853397124542,67.47879807654824,67.86725616455078,,878700,59634957.99179077,,,
2016-05-02,68.78227883783975,68.9376607546831,68.32476724544905,68.84270477294922,,893600,61517840.98510742,,,
2016-05-03,68.03989397247327,68.2039100346129,67.48742644160893,67.78092193603516,,710300,48144788.85116577,,,
2016-05-04,67.0040206283021,67.05581240247645,66.6155625641966,66.8745346069336,,1121700,75013165.46859741,,,
2016-05-05,66.29616628731152,67.11623338562477,66.1839420036316,66.52923583984375,,1288100,85696308.68530273,,,
2016-05-06,66.46018290014938,66.84864097737339,66.28753925644949,66.7536849975586,,467300,31193996.99935913,,,
2016-05-09,67.68597592905304,67.9363072346012,67.46153392532307,67.59964752197266,,933500,63104270.961761475,,,
2016-05-10,67.47673873008965,68.15273224940586,67.4679576797669,68.11761474609375,,620900,42294226.99584961,,,
2016-05-11,67.59964588730374,68.02982357660706,67.46795692584959,67.47673797607422,,974100,65729090.4624939,,,
2016-05-12,68.38101201863887,68.51270101882267,67.48553887375444,67.81914520263672,,559100,37917684.08279419,,,
2016-05-13,67.67866473406403,67.9683791502859,67.37139491291043,67.62599182128906,,1193300,80698096.04034424,,,
2016-05-16,67.80157418279435,68.58292025319399,67.73133917247142,68.32832336425781,,595600,40696349.39575195,,,
2016-05-17,68.02981693635729,68.18784233508198,67.33626139184221,67.56452178955078,,956100,64598439.2829895,,,
2016-05-18,67.59965340974014,68.62681536702239,67.47674548483351,68.05616760253906,,660900,44978321.16851807,,,
2016-05-19,67.69621690963093,67.88057877528726,67.20458526788073,67.42406463623047,,801000,54006675.773620605,,,
2016-05-20,68.17907758061814,68.44244881691279,68.01227110904615,68.23175048828125,,883400,60275928.381347656,,,
2016-05-23,68.7146033907972,68.9867623847326,68.38977818542493,68.43367004394531,,730600,49997639.334106445,,,
2016-05-24,69.4520473234461,69.9963585326998,69.42571087263966,69.83833312988281,,855500,59746693.992614746,,,
2016-05-25,70.7162622205544,70.92696055976853,70.34753175445536,70.68114471435547,,2741800,193793562.57781982,,,
2016-05-26,71.48882010081276,71.58539155868985,71.10253426930441,71.2956771850586,,917200,65392395.11413574,,,
2016-05-27,71.27812697098555,71.40103489032481,70.90062216216378,71.11132049560547,,506600,36024994.96307373,,,
2016-05-31,71.56782781377636,71.65562491744983,70.95328827593369,71.17276763916016,,1342500,95549440.55557251,,,
2016-06-01,71.08497886695348,71.3395757379041,70.9620709565606,71.2956771850586,,772300,55061651.49002075,,,
2016-06-02,70.70748563595144,71.04109191894531,70.45288872341143,71.04109191894531,,617300,43853666.04156494,,,
2016-06-03,70.99719546231049,71.43615424214873,70.6811446049886,71.26056671142578,,560900,39970051.86843872,,,
2016-06-06,71.43615663085401,71.58540101347444,71.13766116763352,71.40103912353516,,456700,32608854.567718506,,,
2016-06-07,71.96289743757902,72.15604035627892,71.82242742471405,71.90144348144531,,468100,33657065.69366455,,,
2016-06-08,71.69952955718702,71.75220916838097,71.26935180398534,71.56784057617188,,425100,30423489.028930664,,,
2016-06-09,70.71626448271311,71.12010576995021,70.71626448271311,70.88306427001953,,368500,26120409.183502197,,,
2016-06-10,69.27646809180386,69.5574014034129,68.42488710718254,68.86384582519531,,1258700,86678922.74017334,,,
2016-06-13,67.362617921807,67.9771575400515,67.32750041533882,67.41529083251953,,1493800,100704961.44561768,,,
2016-06-14,66.06329633245755,66.83586137331204,66.0369598773572,66.81830596923828,,2129900,142316309.88388062,,,
2016-06-15,66.74806005201664,67.13434585832414,66.53736174765726,66.57247924804688,,1329300,88494796.66442871,,,
2016-06-16,65.72090965332563,67.00266849839967,65.34340483129853,66.8973159790039,,1790100,119752885.3340149,,,
2016-06-17,67.31871316031582,67.6347639914236,66.54614818315174,67.51185607910156,,1097200,74074008.48999023,,,
2016-06-20,69.59252258679035,69.61886574010228,68.5302431345113,68.55657958984375,,1038400,71189152.24609375,,,
2016-06-21,69.48717024336645,70.0402558473736,69.25012877166421,69.72420501708984,,994700,69354666.73049927,,,
2016-06-22,70.24218844940363,70.40021388396842,69.17990896626577,69.20624542236328,,1132700,78389914.18991089,,,
2016-06-23,70.68991036087048,71.2693390948181,70.04025332115414,71.17276763916016,,1349100,96019180.82199097,,,
2016-06-24,65.11514054438281,66.99388349250108,64.89566116541592,64.91322326660156,,3748700,243340200.05950928,,,
2016-06-27,63.51733740310053,63.52611845458776,62.67453730578016,63.227622985839844,,2168500,137109100.4447937,,,
2016-06-28,64.6849688727276,64.96590223609965,64.14065755082812,64.83421325683594,,1078100,69897765.31219482,,,
2016-06-29,66.07207249213606,66.1949804054917,65.44875187498124,65.93160247802734,,949600,62608649.713134766,,,
2016-06-30,65.30828823726605,65.87015495260106,64.79032008012081,65.86137390136719,,1007700,66368506.480407715,,,
2016-07-01,66.22131560115994,66.35300456239148,65.7121218566534,65.81747436523438,,440900,29018924.447631836,,,
2016-07-05,65.79115134862509,65.82626885865722,64.91323369176266,65.10637664794922,,927100,60360121.79031372,,,
2016-07-06,64.72884764884742,65.6331014265239,64.37767937746435,65.58920288085938,,1131600,74220741.97998047,,,
2016-07-07,65.51020698215864,65.71212425851235,65.29950195729513,65.4838638305664,,1220200,79903410.64605713,,,
2016-07-08,66.94999300402185,67.40650717449381,66.6514975595762,67.24848175048828,,1438000,96703316.75720215,,,
2016-07-11,68.36344254179176,68.60047733495615,68.24053461970956,68.49512481689453,,1417600,97098688.94042969,,,
2016-07-12,68.85507022433487,69.09210500370928,68.52146398351707,68.74971771240234,,1122100,77144058.24508667,,,
2016-07-13,68.67071316025702,69.0657733862028,68.49512562807486,68.55657958984375,,544900,37356480.21850586,,,
2016-07-14,69.58375451853662,69.8207893359174,69.31159549356747,69.53985595703125,,997400,69359052.33154297,,,
2016-07-15,69.08333150596219,69.34670274208365,68.96919794212837,69.32914733886719,,702400,48696793.09082031,,,
2016-07-18,69.44327352950913,69.9261308380055,69.17990229594848,69.87345123291016,,1182300,82611381.39266968,,,
2016-07-19,69.4432706588045,69.75054043424592,69.10088338074424,69.63641357421875,,1406600,97950579.3334961,,,
2016-07-20,72.84959488158918,73.57826129396477,72.70912487083129,73.49047088623047,,2905100,213497166.97158813,,,
2016-07-21,74.11379722763405,74.50008308915214,73.6485020024305,73.920654296875,,2115200,156356967.96875,,,
2016-07-22,73.69240357690273,74.45618758239486,73.60460646079505,74.14013671875,,1513400,112203682.91015625,,,
2016-07-25,74.27182926821153,74.43863575926585,74.06113091497127,74.35084533691406,,787800,58573595.9564209,,,
2016-07-26,74.93025987126853,75.1058473961155,74.68444403446199,74.91270446777344,,916800,68679967.45605469,,,
2016-07-27,75.78183560968216,75.86085166479263,75.17607041309049,75.6325912475586,,1154900,87348079.63180542,,,
2016-07-28,76.22080670408135,76.44028610678811,75.91353687988787,75.97499084472656,,1969400,149625146.9696045,,,
2016-07-29,76.87045867068267,77.06360160370116,76.50173490654518,76.7212142944336,,1801600,138220939.67285156,,,
2016-08-01,76.5280623339451,76.92312920432863,76.3963733771506,76.6246337890625,,692300,53047233.97216797,,,
2016-08-02,76.08033534630529,76.09789074955941,75.6238144859486,75.96620178222656,,1455600,110576403.31420898,,,
2016-08-03,75.47456583531635,75.65892769993584,75.38677542806595,75.6325912475586,,734700,55567264.7895813,,,
2016-08-04,74.8775794698514,75.61502690647511,74.86879841999296,75.47456359863281,,1326200,100094366.24450684,,,
2016-08-05,75.0970690577678,75.73794512716383,75.0531705004757,75.68527221679688,,1115300,84411784.10339355,,,
2016-08-08,74.86879738890413,75.41310860699579,74.86879738890413,75.38677215576172,,547400,41266719.078063965,,,
2016-08-09,75.77305279283372,77.14260856632663,75.74671634107054,76.6246337890625,,1287100,98623566.14990234,,,
2016-08-10,77.13383987142052,77.18651278338385,76.80900795236086,76.96703338623047,,831400,63990391.55731201,,,
2016-08-11,77.29187394359266,77.37966437266972,76.97582304053091,77.01094055175781,,1161100,89417403.074646,,,
2016-08-12,77.37085767941942,77.38841977820293,76.71241963257931,76.84410858154297,,811300,62343625.29220581,,,
2016-08-15,77.0460460482414,77.40598876072114,76.98459208767268,77.25674438476562,,437300,33784374.31945801,,,
2016-08-16,77.23918555494294,77.47622033577163,77.01970617722121,77.02848052978516,,711700,54821169.593048096,,,
2016-08-17,76.9055744052861,77.27429816093148,76.59830460891494,77.13383483886719,,428000,33013281.311035156,,,
2016-08-18,77.09871232530374,77.37086459898421,76.97580441473971,77.3006362915039,,299500,23151540.56930542,,,
2016-08-19,77.58157087046608,77.6079073234446,77.18650398185147,77.41476440429688,,530200,41045308.0871582,,,
2016-08-22,76.61586361045312,76.94947657473392,76.49295568613267,76.8704605102539,,351700,27035340.9614563,,,
2016-08-23,77.18650654945341,77.35331302117143,76.91435426231696,77.0635986328125,,339500,26163091.735839844,,,
2016-08-24,76.94948217222704,77.00215508705892,76.58953272626248,76.69488525390625,,386600,29650242.639160156,,,
2016-08-25,76.60708742400419,76.85290326676251,76.49295385559543,76.7212142944336,,424700,32583499.710845947,,,
2016-08-26,76.88801897459486,77.73960005136479,76.27347268409055,76.61585998535156,,868900,66571520.74127197,,,
2016-08-29,76.08910999758193,76.76511024015355,76.08033564491,76.55440521240234,,725000,55501943.7789917,,,
2016-08-30,77.87127745569246,78.12587432753466,77.72203309226114,77.9063949584961,,720000,56092604.37011719,,,
2016-08-31,77.1513840310414,77.43231735053169,76.90556821373474,77.23040008544922,,490100,37850619.08187866,,,
2016-09-01,77.50255845519222,77.72203783763123,77.18650760864168,77.66936492919922,,612100,47541418.27316284,,,
2016-09-02,78.4155922366177,78.8457699438887,78.2136682608902,78.69652557373047,,536000,42181337.70751953,,,
2016-09-06,79.20572883277276,79.45154469495884,78.92479546199155,79.36375427246094,,537100,42626272.41973877,,,
2016-09-07,79.68856147166817,79.89048542589906,79.32861881148925,79.73246002197266,,621300,49537777.41165161,,,
2016-09-08,79.34617391839943,79.46908182122186,78.57360900094724,78.60872650146484,,1057500,83128728.27529907,,,
2016-09-09,77.81860658603264,77.88884159347708,76.90557158319184,76.94068908691406,,1210500,93136704.13970947,,,
2016-09-12,76.71243491977681,77.96785731385073,76.62464450229896,77.92396545410156,,889200,69289990.08178711,,,
2016-09-13,77.45866274077345,77.70447856518915,76.98458649455222,77.388427734375,,934800,72342702.24609375,,,
2016-09-14,77.37085986753085,77.92395212922447,77.31818696564703,77.53766632080078,,561300,43521892.10586548,,,
2016-09-15,77.05481312571028,77.96784809507938,76.84411480908011,77.84494018554688,,752100,58547179.513549805,,,
2016-09-16,76.31737437193085,76.53685376369438,76.11545038439743,76.25592041015625,,1034900,78917252.0324707,,,
2016-09-19,77.44109927287427,77.67814074078909,77.12504844764035,77.33574676513672,,476300,36835016.18423462,,,
2016-09-20,78.45949896377866,78.4770543688109,78.00297805718319,78.16978454589844,,699100,54648496.3760376,,,
2016-09-21,78.52971978046365,79.38130084974642,78.27512959292679,79.29351043701172,,714800,56679001.26037598,,,
2016-09-22,81.27760031094736,81.43562572216547,80.93521303630457,81.08445739746094,,1825600,148027785.4248047,,,
2016-09-23,80.55772119156255,80.67184806877171,80.33824179063588,80.36457824707031,,726300,58368793.18084717,,,
2016-09-26,79.86414776709509,79.91682066828118,79.45152551319535,79.66222381591797,,628800,50091606.33544922,,,
2016-09-27,78.801879862762,80.03096575207105,78.7053083980176,79.94316864013672,,731200,58454444.90966797,,,
2016-09-28,80.28555361700586,80.92643634647011,79.80270300525302,80.8386459350586,,926200,74872753.86505127,,,
2016-09-29,79.85536762893713,80.19775488651081,78.3102310960544,78.60872650146484,,952800,74898394.6105957,,,
2016-09-30,79.02135665587015,80.46992188156439,78.87210558926262,80.25044250488281,,1029200,82593755.42602539,,,
2016-10-03,79.82025887809695,80.16264617320219,79.5305444905528,79.7939224243164,,545000,43487687.72125244,,,
2016-10-04,79.416413771663,79.99584251863817,79.31106126367331,79.51298522949219,,584000,46435583.37402344,,,
2016-10-05,80.22410094991366,80.28555490868834,79.75880573376554,79.85537719726562,,422500,33738896.86584473,,,
2016-10-06,79.73245382377475,79.90803461538671,79.57442843213283,79.82902526855469,,940200,75055249.55749512,,,
2016-10-07,79.43397123993613,79.48664414187007,78.18732341101311,78.63506317138672,,984500,77416219.69223022,,,
2016-10-10,78.98623744013548,79.21449786237183,78.93356453422668,79.09158325195312,,750100,59326596.59729004,,,
2016-10-11,78.69652847798858,78.74920138752263,77.73082051464816,77.79227447509766,,897500,69818566.34140015,,,
2016-10-12,76.9143553796553,77.01092684384452,76.47539661442407,76.57196807861328,,921600,70568725.78125,,,
2016-10-13,75.9310851690158,76.83533915174753,75.64137747505787,76.58952331542969,,651500,49898074.44000244,,,
2016-10-14,76.33492813230463,76.62464253070861,75.56236310120667,75.61503601074219,,1358300,102707903.41339111,,,
2016-10-17,75.88719782791692,76.08034076737019,75.66771843271631,75.80818176269531,,600700,45537974.784851074,,,
2016-10-18,77.40597738580203,77.43231383674996,76.80021892006451,76.95824432373047,,1086800,83638219.93103027,,,
2016-10-19,76.54562819370007,76.81778047259257,76.29103131751914,76.34370422363281,,578100,44134295.41168213,,,
2016-10-20,75.84328779618794,76.76510379577094,75.67648133771633,76.6246337890625,,1157200,88670026.22070312,,,
2016-10-21,78.32780716376803,78.4682704929094,77.57279751294202,77.97663879394531,,3089200,240885432.56225586,,,
2016-10-24,78.18733141570347,78.31023933145136,77.43232182012127,77.54645538330078,,938400,72769593.73168945,,,
2016-10-25,77.38844443075622,77.80984116410458,77.27431084623997,77.5289077758789,,697300,54060907.39212036,,,
2016-10-26,77.06359116814446,77.58156593636888,76.94946431316953,77.04603576660156,,528800,40741943.713378906,,,
2016-10-27,77.52888528887794,77.59912029005801,76.93190117480417,76.95824432373047,,799700,61543507.985687256,,,
2016-10-28,77.05481137448443,77.63424010452215,76.95824661745671,77.16016387939453,,461200,35586267.58117676,,,
2016-10-31,77.15138184445006,77.52011225793832,76.98458208627858,77.11626434326172,,637700,49177041.771698,,,
2016-11-01,77.0021501611796,77.04604871938461,75.37800397728749,75.76428985595703,,751100,56906558.110809326,,,
2016-11-02,75.91352352887174,76.20323789700734,75.3516568925971,75.5447998046875,,765200,57806880.810546875,,,
2016-11-03,75.00927568646635,75.14973900790504,74.31572003604383,74.36839294433594,,923200,68656900.36621094,,,
2016-11-04,75.10584722904622,75.39555492293566,74.79857073574236,74.93025970458984,,616500,46194505.10787964,,,
2016-11-07,75.65014557178681,76.15055825375975,75.60625371777644,76.12422180175781,,627600,47775561.6027832,,,
2016-11-08,75.73794053924725,76.22957889881516,75.72038513618152,75.90474700927734,,717500,54461655.979156494,,,
2016-11-09,74.22792243787643,75.70282400910239,74.22792243787643,75.47456359863281,,762300,57534259.83123779,,,
2016-11-10,74.47374098142335,75.08828053448147,73.43779809342625,74.05233764648438,,1319800,97734275.22583008,,,
2016-11-11,72.51598281968161,73.09541157399866,72.21749409023016,72.97250366210938,,1386000,101139890.0756836,,,
2016-11-14,71.49760621246345,71.86632996974492,71.17277431315593,71.6468505859375,,1289400,92381449.14550781,,,
2016-11-15,71.06742404636218,71.89266869894378,71.04986864221297,71.84877014160156,,1905500,136907831.50482178,,,
2016-11-16,71.66440568304773,72.44575175022233,71.65563133027801,72.19993591308594,,883600,63795863.372802734,,,
2016-11-17,72.12091416159544,72.59499035091434,72.02434271388354,72.39306640625,,1081900,78322058.54492188,,,
2016-11-18,72.79690957503952,73.11296037650392,72.63010982280649,73.06028747558594,,870400,63591674.21875,,,
2016-11-21,73.60459682901697,73.96454620361328,73.43779706579456,73.96454620361328,,683400,50547370.87554932,,,
2016-11-22,74.43863658048936,75.07951269890957,74.06113173203006,74.97416687011719,,1735200,130095174.35302734,,,
2016-11-23,73.51679741672086,73.91186424517404,73.36755307391711,73.86796569824219,,843300,62292855.47332764,,,
2016-11-25,75.32532239457706,75.36921424974979,74.93025551014964,75.15851593017578,,658100,49461819.33364868,,,
2016-11-28,74.63176886076215,74.8249117832419,74.21036551189916,74.23670196533203,,710700,52760024.086761475,,,
2016-11-29,73.67484227919758,74.43863299101172,73.58705186011058,74.20159149169922,,597800,44357711.39373779,,,
2016-11-30,73.99965883050007,73.99965883050007,73.00761457466795,73.06028747558594,,596400,43573155.45043945,,,
2016-12-01,72.77058030500271,72.84081531180908,71.76975490093804,71.91022491455078,,868200,62432457.27081299,,,
2016-12-02,71.52393852945278,72.35795746048447,71.37469416461197,71.91899871826172,,1253500,90150464.89334106,,,
2016-12-05,72.73546924758666,73.12175512127638,72.50720880422642,72.98128509521484,,438800,32024187.899780273,,,
2016-12-06,72.41940919118736,72.99883792814667,72.38429168913116,72.85836791992188,,680400,49572833.532714844,,,
2016-12-07,73.30611375252869,74.5790914917941,73.2622151968385,74.39472961425781,,583900,43439082.62176514,,,
2016-12-08,73.89430319332538,74.30692542760606,73.78895739596213,73.95575714111328,,877400,64888781.31561279,,,
2016-12-09,74.0699009465606,74.2893803187761,73.9294309333128,74.12257385253906,,552500,40952722.05352783,,,
2016-12-12,74.35960884497017,74.38595199601536,73.77140573322667,74.14891052246094,,767000,56872214.37072754,,,
2016-12-13,74.77222064467105,75.54479221541973,74.77222064467105,75.00926208496094,,486500,36492006.004333496,,,
2016-12-14,75.14974202307376,75.48335498358685,74.36839592815538,74.54398345947266,,686900,51204262.23831177,,,
2016-12-15,73.99088792486785,74.57031670631598,73.86798000722355,74.34205627441406,,770800,57302856.97631836,,,
2016-12-16,74.4561797571674,74.80734809075219,74.4122879017061,74.63176727294922,,569100,42472938.7550354,,,
2016-12-19,75.03561866747523,75.39556140207903,74.71956779427302,74.86003112792969,,424300,31763111.207580566,,,
2016-12-20,75.29897729058604,75.57991060872335,75.13217752849049,75.5447998046875,,426400,32212302.63671875,,,
2016-12-21,76.03643714155919,76.0891100495434,75.36921794918302,75.4570083618164,,478200,36083541.398620605,,,
2016-12-22,75.45701334627545,75.49213085324438,75.13218812827705,75.2463150024414,,1020800,76811438.35449219,,,
2016-12-23,75.00926515579299,75.28141740773322,74.99170305684173,75.22874450683594,,349400,26284923.330688477,,,
2016-12-27,75.29019988222358,75.62380609085085,75.26386343127646,75.3253173828125,,320300,24126699.157714844,,,
2016-12-28,75.4306690249884,75.52724048458806,75.09706279053977,75.219970703125,,363400,27334937.353515625,,,
2016-12-29,75.8345205990106,76.10667961222899,75.70283831614019,75.94865417480469,,529600,40222407.25097656,,,
2016-12-30,76.30858804201927,76.58074702360491,75.56235950124112,75.87841033935547,,834300,63305357.74612427,,,
2017-01-03,75.720391297752,75.8871977813556,75.43067688874986,75.76428985595703,,803700,60891759.757232666,,,
2017-01-04,75.20240489832064,76.11543306609657,75.05315385541564,76.080322265625,,1057700,80470156.86035156,,,
2017-01-05,75.82573921669689,77.21284381886407,75.79062171186011,77.12505340576172,,1257900,97015604.67910767,,,
2017-01-06,77.09871719526191,77.89762536236998,77.01092678188213,77.66936492919922,,911400,70787859.19647217,,,
2017-01-09,78.10831920086302,78.55605899071638,78.06442064770881,78.4507064819336,,1230800,96557129.53796387,,,
2017-01-10,78.16099807000563,78.38047745656544,77.70448389307212,77.80982971191406,,579900,45121920.249938965,,,
2017-01-11,77.10750960445937,78.06443663782542,77.04605563624301,77.95030975341797,,1417900,110525744.19937134,,,
2017-01-12,77.8888476188529,78.67897476877859,77.84494906130945,78.47705078125,,614400,48216300.0,,,
2017-01-13,78.38047267413079,78.7316410107956,78.22244725753058,78.52094268798828,,406100,31887354.82559204,,,
2017-01-17,78.58239870795872,78.78431598570712,78.38047473223122,78.69652557373047,,853600,67175354.22973633,,,
2017-01-18,78.04687245525417,78.46826913335663,78.0205360001202,78.44193267822266,,789700,61945594.23599243,,,
2017-01-19,77.95907359117471,78.56483208755446,77.95907359117471,78.33657836914062,,1153600,90369076.80664062,,,
2017-01-20,78.45948813205858,78.65262435266887,78.406808528275,78.48582458496094,,424300,33301535.371398926,,,
2017-01-23,78.52094105266595,78.54727750522099,77.99418520964979,78.39803314208984,,647000,50723527.44293213,,,
2017-01-24,79.0213647434262,79.12671056830857,78.40681840703374,78.68775177001953,,1187700,93457442.7772522,,,
2017-01-25,79.83781760066357,80.14508737839856,79.50420467228375,80.08363342285156,,1012900,81116712.29400635,,,
2017-01-26,79.57443461804624,79.92560292654697,79.3900727631285,79.73246002197266,,763900,60907626.21078491,,,
2017-01-27,80.08363238705802,80.38212111071743,79.77636261329722,79.99584197998047,,786600,62924729.30145264,,,
2017-01-30,79.60076996375618,80.27677012037982,79.442744562024,80.1801986694336,,1127100,90371101.9203186,,,
2017-01-31,80.53139216886395,80.59284613887695,80.05731581534346,80.33824920654297,,924400,74264677.56652832,,,
2017-02-01,79.8290376950158,79.89927270178475,79.17938062735024,79.63589477539062,,1177700,93787193.27697754,,,
2017-02-02,81.26004012516873,81.33027513135998,80.54892910692405,80.65428161621094,,1481400,119481252.78625488,,,
2017-02-03,81.11957636944086,81.27760178352206,80.82986199396223,81.22492218017578,,628100,51017373.62136841,,,
2017-02-06,79.79391166467143,80.18019746264238,79.72367666540795,80.1099624633789,,1222100,97902385.12649536,,,
2017-02-07,80.20654247125046,80.75962807901604,80.16264391753208,80.73329162597656,,1533000,123764136.06262207,,,
2017-02-08,80.52259907872494,80.96155785547509,80.43480866297078,80.58405303955078,,653200,52637503.44543457,,,
2017-02-09,80.68062330954032,80.91765809835854,80.5138168334961,80.5138168334961,,548600,44169879.91485596,,,
2017-02-10,80.50502892004117,80.71573393433955,80.45235601545592,80.5313720703125,,417000,33581582.15332031,,,
2017-02-13,81.54098105092409,81.58487960837932,81.1898193832,81.23371124267578,,400400,32525977.981567383,,,
2017-02-14,81.19858567588923,81.23370317877149,80.83864299280899,81.1810302734375,,439600,35687180.908203125,,,
2017-02-15,80.27677558523602,81.25126451259324,80.23287703255268,81.16346740722656,,699000,56733263.71765137,,,
2017-02-16,81.18980697654953,81.50585108961046,81.1634638273142,81.42684173583984,,597800,48676965.98968506,,,
2017-02-17,80.97910592438006,81.27760134848185,80.93521406946839,81.17224884033203,,729500,59215155.52902222,,,
2017-02-21,81.25127356511969,81.77802276611328,81.21615605865618,81.77802276611328,,604400,49426636.95983887,,,
2017-02-22,82.13796834036113,82.67349861107623,82.01506041245732,82.53303527832031,,606100,50023272.68218994,,,
2017-02-23,82.45400522182254,82.91930039822464,82.3749958664238,82.64714813232422,,449600,37158157.80029297,,,
2017-02-24,81.65511004704085,81.97116088867188,81.44440502063411,81.97116088867188,,630000,51641831.35986328,,,
2017-02-27,81.54974792657931,81.95358913264765,81.53219252543649,81.83946228027344,,512600,41950908.364868164,,,
2017-02-28,81.78679640398985,82.15552014146594,81.78679640398985,81.80435180664062,,596500,48796295.85266113,,,
2017-03-01,82.48912734333737,83.10367361098561,82.42767338637044,82.94564819335938,,1028200,85284715.47241211,,,
2017-03-02,82.44524231125949,83.1475723493026,82.35744519577202,82.92809295654297,,555000,46025091.59088135,,,
2017-03-03,82.62959122850165,83.08610534667969,82.53301977500618,83.08610534667969,,490200,40728808.84094238,,,
2017-03-06,82.69105333595203,82.77884374833901,82.33988498842501,82.60325622558594,,380100,31397497.691345215,,,
2017-03-07,82.48912092079416,82.87540673335548,82.29597801451351,82.54179382324219,,517000,42674107.40661621,,,
2017-03-08,82.68226623535156,83.03343455718314,82.62081228137943,82.68226623535156,,345900,28599795.890808105,,,
2017-03-09,83.2792550834036,83.29681048639775,82.78762342381954,83.024658203125,,611900,50802788.35449219,,,
2017-03-10,83.34948996794422,83.66554080520294,83.05099453365365,83.56018829345703,,1229200,102712183.45031738,,,
2017-03-13,83.29680993121391,83.63919722013918,83.29680993121391,83.50751495361328,,875900,73144232.34786987,,,
2017-03-14,83.47239159961798,83.55140095399605,83.06855038195799,83.13877868652344,,837000,69587157.76062012,,,
2017-03-15,83.3494853154304,84.42054568213473,83.2880313615037,84.31519317626953,,927000,78160184.07440186,,,
2017-03-16,85.49159943558362,85.54427903755774,85.10532030965234,85.45648193359375,,1307700,111751441.42456055,,,
2017-03-17,85.61451575297696,85.83399513848784,85.32480805456684,85.47405242919922,,1412600,120740646.46148682,,,
2017-03-20,86.08858588287553,86.19393839167134,85.79887820515,86.13248443603516,,1174700,101179829.4670105,,,
2017-03-21,86.58900062798068,86.72947064303372,85.08776250649105,85.16677856445312,,1571700,133856625.86975098,,,
2017-03-22,85.44771199226535,86.07981366475387,85.3599215817484,85.72864532470703,,702700,60241519.06967163,,,
2017-03-23,85.44771480667899,86.29051483176355,85.3862608474951,85.92179107666016,,575100,49413622.048187256,,,
2017-03-24,85.983252502377,86.31685878149051,85.6759759817953,85.9393539428711,,428900,36859388.90609741,,,
2017-03-27,85.2809091168467,85.72864893672056,85.105328288415,85.46527099609375,,520200,44459033.97216797,,,
2017-03-28,86.22027913592311,86.60656498942265,86.15004412656334,86.46609497070312,,655400,56669878.64379883,,,
2017-03-29,85.96568198651967,86.46609470520794,85.83399301886926,86.39586639404297,,759800,65643579.28619385,,,
2017-03-30,85.94811287166151,86.24660156593646,85.83397932551563,85.95689392089844,,743000,63865972.18322754,,,
2017-03-31,85.8076605859078,86.57145127568835,85.8076605859078,86.18516540527344,,570300,49151399.83062744,,,
2017-04-03,86.58021760354792,86.64167155448358,85.72863664202646,86.22026824951172,,576700,49723228.69949341,,,
2017-04-04,86.19393524102605,86.49242395806861,86.14126233754291,86.44853210449219,,427200,36930812.91503906,,,
2017-04-05,85.81643956721008,86.30807124644124,85.39503620074103,85.49160766601562,,511700,43746055.642700195,,,
2017-04-06,85.27212687226167,85.73742878725226,85.10532709698046,85.39503479003906,,516400,44097995.96557617,,,
2017-04-07,85.20189399379993,85.72864314146605,85.16677649089168,85.61450958251953,,448700,38415230.44967651,,,
2017-04-10,85.28969076393419,85.5706241101765,85.18433824735108,85.5003890991211,,664500,56815008.55636597,,,
2017-04-11,85.19311506828886,85.3862579901118,84.31519756762385,85.2106704711914,,841300,71687737.06741333,,,
2017-04-12,85.27212007163092,85.58817089156109,85.07898385765459,85.45648193359375,,726700,62101225.42114258,,,
2017-04-13,84.81561516653893,85.23701184029254,84.42932930061532,84.4381103515625,,1023700,86439293.56689453,,,
2017-04-17,84.78927817882504,85.07021152555507,84.66637025825436,84.96485900878906,,685500,58243410.8505249,,,
2017-04-18,84.99118288519819,85.18432578836197,84.71024958004494,85.17554473876953,,488300,41591218.49594116,,,
2017-04-19,85.24578852400903,85.43893144707592,85.03509019792651,85.20189666748047,,921800,78539108.3480835,,,
2017-04-20,85.20189769825335,85.61451330491286,85.20189769825335,85.28968811035156,,681800,58150509.353637695,,,
2017-04-21,85.42137505939907,85.45648586502558,85.0087527645087,85.15799713134766,,917200,78106914.96887207,,,
2017-04-24,88.52042240799332,89.51246676360121,88.32727948789753,89.0032730102539,,1920200,170904084.83428955,,,
2017-04-25,89.44223326956829,89.77584620918732,88.87159224796972,89.66171264648438,,1478800,132591740.6616211,,,
2017-04-26,88.50285445949402,88.72233381819565,87.96732428842375,88.01122283935547,,1648600,145095301.97296143,,,
2017-04-27,88.07268191361801,88.53797710944752,87.88832004534474,88.40628814697266,,677400,59886419.59075928,,,
2017-04-28,87.85320423465734,88.18681047443896,87.79175027738233,87.94977569580078,,736700,64792599.755096436,,,
2017-05-01,88.1604683129895,88.7662334940358,88.1604683129895,88.61698913574219,,518900,45983355.66253662,,,
2017-05-02,88.53797835659671,89.00327355898038,88.45018794636981,88.99449920654297,,968400,86182273.03161621,,,
2017-05-03,88.56431617845183,88.6872240942646,88.28338284259709,88.5730972290039,,638900,56589351.819610596,,,
2017-05-04,89.0998491613093,89.9514302458507,89.03839520149594,89.86363983154297,,575900,51752470.178985596,,,
2017-05-05,90.0128794361232,91.21562881214433,89.98654298302431,91.19806671142578,,519500,47377395.65658569,,,
2017-05-08,90.45183128723689,90.78544419566866,90.34648548287183,90.69764709472656,,485400,44024637.89978027,,,
2017-05-09,90.75912073894676,91.34733063218421,90.73278428214118,91.01371765136719,,860600,78326405.4107666,,,
2017-05-10,91.30341347333814,91.34731202439173,90.65375644521184,90.76788330078125,,540300,49041887.34741211,,,
2017-05-11,90.87551109839403,91.0000219229171,90.40414772193797,90.84883117675781,,652500,59278862.34283447,,,
2017-05-12,91.41801875117675,92.09393945282113,91.34686777514459,91.93385314941406,,556900,51197962.81890869,,,
2017-05-15,91.90716734627941,92.2095556047181,91.88048742633818,92.05836486816406,,330100,30388466.242980957,,,
2017-05-16,93.36573580676419,93.4546711355632,92.61866411712512,93.10781860351562,,464000,43202027.83203125,,,
2017-05-17,93.07223781439563,93.50802565042376,92.41410827636719,92.41410827636719,,688500,63627113.54827881,,,
2017-05-18,92.41411567237604,92.8676878953188,92.1117274050834,92.43190002441406,,1088700,100630609.55657959,,,
2017-05-19,93.41909827750237,93.7748463880463,93.34794729832741,93.45467376708984,,714800,66801400.80871582,,,
2017-05-22,93.45467027183314,94.05944000153985,93.45467027183314,94.0416488647461,,629700,59218026.290130615,,,
2017-05-23,94.81538901597979,94.84206893261756,94.32623459318796,94.52189636230469,,828900,78349199.89471436,,,
2017-05-24,94.52190587509801,94.88654953339184,94.2550998965388,94.797607421875,,314700,29832807.055664062,,,
2017-05-25,94.56637099161297,95.14446075351333,94.5485798562948,94.9932632446289,,536000,50916389.099121094,,,
2017-05-26,94.07722878534211,94.59306321137473,94.07722878534211,94.53970336914062,,781900,73920594.06433105,,,
2017-05-30,94.49521926709012,94.88654281700767,94.47743491724385,94.82428741455078,,640500,60734956.089019775,,,
2017-05-31,95.66919677735304,95.98936940289362,95.19783340789911,95.6603012084961,,569100,54440277.41775513,,,
2017-06-01,95.20671889945201,95.42016503210955,94.95769049513298,95.26897430419922,,587000,55922887.91656494,,,
2017-06-02,96.3717818455968,96.6919544193294,96.17612007439024,96.5852279663086,,685500,66209173.77090454,,,
2017-06-05,96.0871973944326,96.47852098831603,95.97158214411736,96.26506805419922,,334500,32200665.26412964,,,
2017-06-06,95.28676949018178,95.90043482485129,95.26008956873197,95.73145294189453,,1026500,98268336.44485474,,,
2017-06-07,95.75813220094909,95.95379400400219,95.07332267559418,95.58915710449219,,667500,63805762.367248535,,,
2017-06-08,95.69586899274944,95.8114910225865,95.11777919955529,95.63361358642578,,558900,53449626.63345337,,,
2017-06-09,95.6336108198572,95.70476179226317,93.79262181716638,94.32624053955078,,776500,73244325.77896118,,,
2017-06-12,92.37854558120667,92.45858534805113,91.56921841690173,92.1206283569336,,1408500,129751905.04074097,,,
2017-06-13,93.66811939684983,93.81931013775522,93.07224521657746,93.36573791503906,,780400,72862621.86889648,,,
2017-06-14,95.04662772383504,95.18892287652442,93.03665695395745,93.73036193847656,,790100,74056358.96759033,,,
2017-06-15,92.12062475988724,92.79653871572981,91.8182364867316,92.68092346191406,,813600,75405199.32861328,,,
2017-06-16,93.24122558109917,94.11280815708078,93.09003483164591,94.08612823486328,,862900,81186920.05386353,,,
2017-06-19,94.60194572215762,94.88654281700767,94.50411483467825,94.82428741455078,,456900,43325216.91970825,,,
2017-06-20,94.37961124917888,94.48633092707976,93.66811506496406,93.8548812866211,,626900,58837625.07858276,,,
2017-06-21,93.93493361094089,94.5485921526257,93.77484729890769,94.53970336914062,,834700,78912290.40222168,,,
2017-06-22,95.28676529646967,95.54468250135146,94.85097743286352,95.21561431884766,,753900,71783051.63497925,,,
2017-06-23,94.90434079380633,95.6958767895532,94.79761432341438,95.58915710449219,,596600,57028491.12854004,,,
2017-06-26,95.8470568397391,96.02493427054615,95.1622473907899,95.20671844482422,,568900,54163102.1232605,,,
2017-06-27,95.27786389485918,95.34901486812521,94.31735289708884,94.43296813964844,,552300,52155328.30352783,,,
2017-06-28,94.37960584410128,95.13556625570445,94.06832204050282,95.07331085205078,,672000,63889264.892578125,,,
2017-06-29,93.7392697298392,93.78373400227109,91.81823402804942,92.3874282836914,,1057400,97690466.6671753,,,
2017-06-30,93.25900108556523,93.43687172741784,92.64533583611266,93.09001922607422,,771900,71856185.84060669,,,
2017-07-03,92.36074330676169,92.59198058087274,91.64925391882596,91.67593383789062,,548200,50256746.92993164,,,
2017-07-05,91.34685436885597,92.25401221680289,91.21344800470736,92.15618133544922,,708200,65265007.62176514,,,
2017-07-06,90.53754972441573,91.75597798891692,90.45750317805825,91.31129455566406,,973700,88909807.5088501,,,
2017-07-07,90.84882338963433,92.05836282589486,90.78656798270903,91.8271255493164,,708400,65050335.73913574,,,
2017-07-10,92.44078992259668,92.87657776676933,92.38742329909465,92.7342758178711,,633500,58747163.73062134,,,
2017-07-11,91.78265921706834,92.59198633407938,91.78265921706834,92.43190002441406,,479000,44274880.111694336,,,
2017-07-12,92.53863228882211,93.43688800761656,92.39633032228167,93.24122619628906,,639400,59618440.02990723,,,
2017-07-13,93.21452674344003,93.40129294639439,92.50303741580386,92.62754821777344,,478300,44303756.312561035,,,
2017-07-14,92.78764672864827,93.33904984278065,92.74317567123018,93.27679443359375,,573900,53531552.32543945,,,
2017-07-17,92.75207079182537,93.24121849440847,92.66313546274942,93.21453857421875,,584000,54437290.52734375,,,
2017-07-18,92.3874169149011,92.97440223554861,92.37852813270699,92.86767578125,,925000,85902600.09765625,,,
2017-07-19,93.82820167278486,93.93492813636388,93.5258202039734,93.86377716064453,,899900,84468013.06686401,,,
2017-07-20,93.31236150474629,94.39739006869242,93.30347272232909,94.11279296875,,1186400,111655417.578125,,,
2017-07-21,92.28071151846098,92.76985924265766,91.86270798947025,92.74317932128906,,1320400,122458093.97583008,,,
2017-07-24,92.09393401617808,92.42299538657265,91.68481932080999,92.21844482421875,,1592800,146885538.91601562,,,
2017-07-25,92.76985685126641,92.90326324000151,92.23623808165686,92.3785400390625,,810500,74872806.70166016,,,
2017-07-26,92.82321779321119,93.73926453558369,92.73427568261432,93.61475372314453,,711300,66588174.323272705,,,
2017-07-27,94.05944351941528,94.24620975075142,92.49415590422046,93.45467376708984,,732800,68483584.93652344,,,
2017-07-28,94.05943457102367,94.66420426581405,93.91713262621172,94.32624053955078,,858900,81016807.99942017,,,
2017-07-31,94.17505607939079,94.18395164786607,93.56139077587864,94.13948059082031,,595300,56041232.79571533,,,
2017-08-01,94.8776573531391,95.33123635381611,94.7442509664305,95.21561431884766,,1088900,103680282.43179321,,,
2017-08-02,95.06441077123463,95.117770604596,94.10389305875151,94.57525634765625,,573500,54238909.51538086,,,
2017-08-03,95.36680503760115,95.65140214245072,95.03773687857844,95.31343841552734,,858600,81836118.22357178,,,
2017-08-04,95.8203788222422,96.00714503929687,95.3223355767631,95.482421875,,515200,49192543.75,,,
2017-08-07,94.93990967827358,95.07331606064874,94.65531256236083,94.80650329589844,,465800,44160869.23522949,,,
2017-08-08,95.12668251232827,95.31344874650459,94.46855290827871,94.6286392211914,,671600,63552594.10095215,,,
2017-08-09,93.6058611672562,94.17505540967481,93.51692583912777,93.99718475341797,,562500,52873416.42379761,,,
2017-08-10,93.0989163491003,93.2412115078936,92.28958930889101,92.32516479492188,,783900,72373696.68273926,,,
2017-08-11,92.8054283821329,93.10781663605654,92.4318959378718,92.90325927734375,,573700,53298599.84741211,,,
2017-08-14,94.10390389402696,94.44186763844199,93.98828864665529,94.00607299804688,,653700,61451769.91882324,,,
2017-08-15,93.97050587908127,94.41518931000178,93.65033326599205,94.17505645751953,,533600,50251810.12573242,,,
2017-08-16,94.05054037110938,94.5752635332426,94.00606931637627,94.4151840209961,,520600,49152544.80133057,,,
2017-08-17,93.88156251785787,93.97050463112534,92.96551574797991,92.98330688476562,,377800,35129093.34106445,,,
2017-08-18,93.17897101664815,93.4902548729056,92.9299493599072,93.22344207763672,,488300,45521006.76651001,,,
2017-08-21,93.18785216792801,93.41019386780772,92.80542417272171,93.32125854492188,,396300,36983214.76135254,,,
2017-08-22,93.67701034065261,93.97050302462435,93.4902441195789,93.74816131591797,,427200,40049214.514160156,,,
2017-08-23,93.66812275004678,94.13948612699706,93.63254725938417,93.8815689086914,,321900,30220477.031707764,,,
2017-08-24,93.55249360072638,93.64142892150943,92.89435729920575,93.03665924072266,,550200,51188769.914245605,,,
2017-08-25,93.35683562512287,93.79262346443531,93.27678908342776,93.49024200439453,,378700,35404754.64706421,,,
2017-08-28,93.9171436666637,93.99719021636287,93.40130923407666,93.71259307861328,,346500,32471413.501739502,,,
2017-08-29,92.57418569718101,93.59695886035001,92.5208258612117,93.18785095214844,,923100,86021705.21392822,,,
2017-08-30,92.9299396487118,93.1700724964261,92.62755817864848,92.96551513671875,,480300,44651336.920166016,,,
2017-08-31,93.02776564158168,93.47244904023678,92.71648861958914,93.33904266357422,,764200,71329696.40350342,,,
2017-09-01,94.01496599419924,94.04164591322194,93.49024282587186,93.68589782714844,,378600,35469480.9173584,,,
2017-09-05,93.49912820323145,93.9349228158309,92.80542319258596,93.1700668334961,,354600,33038105.699157715,,,
2017-09-06,94.29067298514154,94.57527011337572,93.76594978650037,94.33514404296875,,684600,64581839.611816406,,,
2017-09-07,95.97158102857232,96.38068896954479,95.70476825669301,96.06051635742188,,1045000,100383239.59350586,,,
2017-09-08,96.81647128082345,97.00323749630068,96.21170157985082,96.31842803955078,,851100,81976614.10446167,,,
2017-09-11,97.43013441136799,98.11494385308765,97.38566335780315,97.99932861328125,,1069100,104771082.22045898,,,
2017-09-12,97.76810485823789,98.01712650781926,97.46571657993833,97.7770004272461,,839000,82034903.35845947,,,
2017-09-13,97.60801764919321,97.74142404177084,97.35899600189151,97.6524887084961,,586400,57263419.37866211,,,
2017-09-14,96.86094791925389,97.35009562075096,96.68307047616625,97.11885833740234,,403400,39177747.453308105,,,
2017-09-15,97.61689696985316,97.93706954461456,97.23446899362871,97.59910583496094,,726500,70905750.38909912,,,
2017-09-18,97.80367300948039,98.08827012840658,97.72362646507555,97.88371276855469,,1057700,103531602.9953003,,,
2017-09-19,98.39954951860008,98.42622943892913,97.88371510780304,98.12384796142578,,641100,62907198.92807007,,,
2017-09-20,98.04379074635717,98.22166817141265,96.91429793490728,97.74140930175781,,636400,62202632.87963867,,,
2017-09-21,97.51017730634678,97.83924547146805,97.16332479042478,97.50128173828125,,459700,44821339.21508789,,,
2017-09-22,98.0882638528282,98.30170998203417,97.65247602664476,98.07047271728516,,464400,45543927.52990723,,,
2017-09-25,97.69693871643668,97.7058342840645,96.38067969138048,96.8965072631836,,482800,46781633.70666504,,,
2017-09-26,96.13165184449231,96.30063370373645,95.500202245909,95.98046112060547,,768800,73789778.50952148,,,
2017-09-27,95.54468946898086,96.35400984612653,95.54468946898086,96.03384399414062,,663900,63756869.02770996,,,
2017-09-28,96.36290337774432,96.89652216687918,96.36290337774432,96.76312255859375,,414700,40127666.92504883,,,
2017-09-29,96.73641877141431,97.527961424359,96.58522805183165,97.5190658569336,,549400,53576974.78179932,,,
2017-10-02,97.80366886954002,98.46179840694933,97.77698895097792,98.3283920288086,,557300,54798412.87765503,,,
2017-10-03,98.4173373193505,98.90648500790564,98.4084417510988,98.6663589477539,,378200,37315616.95404053,,,
2017-10-04,97.91038605069342,98.34618066054519,97.7680908935421,97.93707275390625,,545100,53385498.3581543,,,
2017-10-05,98.09717169421879,98.66636596687059,97.86593440053805,98.64857482910156,,574200,56644011.66687012,,,
2017-10-06,97.68805007248794,98.69303894042969,97.68805007248794,98.69303894042969,,787200,77691160.25390625,,,
2017-10-09,99.11103612785224,99.88478088378906,99.02209402159417,99.88478088378906,,789100,78819080.59539795,,,
2017-10-10,100.02709084475077,100.09824182132941,99.44010546597289,99.92036437988281,,561100,56065316.453552246,,,
2017-10-11,99.77807192236249,100.32058625918258,99.75139200175343,100.19607543945312,,522700,52372488.63220215,,,
2017-10-12,100.098236612605,100.52512887920183,100.06266112616689,100.18717193603516,,322600,32320381.66656494,,,
2017-10-13,100.24052459871021,100.64963248547282,100.14269371433981,100.24942016601562,,345000,34586049.95727539,,,
2017-10-16,99.68913096704361,99.68913096704361,99.2177676032477,99.46678924560547,,515600,51285076.53503418,,,
2017-10-17,98.8264549618996,99.13773202799494,98.595217661944,99.02210998535156,,328400,32518860.919189453,,,
2017-10-18,99.75138505659605,99.760273839293,98.84422710706401,99.40452575683594,,533000,52982612.228393555,,,
2017-10-19,99.95593985101581,101.0676484148765,99.43121666583225,100.85420227050781,,1799600,181497222.40600586,,,
2017-10-20,100.21385487338941,100.24053479268915,99.49346991097488,99.6357650756836,,776100,77327317.27523804,,,
2017-10-23,100.10713817715333,100.62297261837361,99.8403321727964,99.89369201660156,,720300,71953426.3595581,,,
2017-10-24,99.77806937193495,100.06266649337493,99.2711305373284,99.87590026855469,,560300,55960466.92047119,,,
2017-10-25,100.69412690259396,101.04987503873438,99.89369529261084,100.28501892089844,,795600,79786761.0534668,,,
2017-10-26,100.77415572553794,101.37003667261851,100.1871771321914,100.85420227050781,,561000,56579207.47375488,,,
2017-10-27,101.72578319141522,101.75246989799147,100.92535841273188,101.52123260498047,,582300,59115813.74588013,,,
2017-10-30,100.85420520026963,101.22773766009841,100.84530963160778,101.20995330810547,,400300,40514344.30923462,,,
2017-10-31,101.59236816004385,101.81470985043713,101.00538284044723,101.56568145751953,,303000,30774401.481628418,,,
2017-11-01,103.4867237883199,103.96698268568576,103.10429578404693,103.40667724609375,,916200,94741197.6928711,,,
2017-11-02,103.16655361046642,103.28216885713847,102.19714701022328,102.73965454101562,,587400,60349273.07739258,,,
2017-11-03,102.42837404021314,102.47284509491514,101.93922636514249,102.1971435546875,,917900,93806758.06884766,,,
2017-11-06,102.70408994326156,102.75744978457662,101.98369815885431,102.26829528808594,,688800,70442401.7944336,,,
2017-11-07,101.841398030984,102.01037311536909,101.24551709552982,101.58348083496094,,1140500,115855959.89227295,,,
2017-11-08,101.3878137796587,102.09041435605559,101.20104756851472,101.92143249511719,,485900,49523624.04937744,,,
2017-11-09,100.09824393006706,100.36504991986178,99.37785215136063,100.17828369140625,,635300,63643263.62915039,,,
2017-11-10,100.59628651970205,100.60518208823375,99.68912851872852,100.1338119506836,,487000,48765166.41998291,,,
2017-11-13,98.72860912296059,99.9648284165459,98.66635371915882,99.93814849853516,,518100,51777954.737091064,,,
2017-11-14,100.61406723669938,100.71189813102177,100.0448730071858,100.5696029663086,,435500,43798062.09182739,,,
2017-11-15,100.11602209147279,100.8808780951865,99.98261571215895,100.3917236328125,,663800,66640026.14746094,,,
2017-11-16,100.88978918036382,101.39672807146081,100.77416713402134,101.33447265625,,487300,49380288.525390625,,,
2017-11-17,101.46786304653754,101.63684492331858,101.02317961107653,101.16548156738281,,393700,39828850.09307861,,,
2017-11-20,101.07654042668538,101.61905472958632,100.96981396559114,101.41449737548828,,299600,30383783.41369629,,,
2017-11-21,102.19714589090034,102.78412447146944,102.15267483518173,102.53510284423828,,287000,29427574.516296387,,,
2017-11-22,102.02816904384397,102.84638494083126,100.9787158593322,101.2544174194336,,385000,38982950.70648193,,,
2017-11-24,102.99757865465844,103.58456406639786,102.85528347884132,103.53120422363281,,294100,30448527.16217041,,,
2017-11-27,103.1665629221043,103.39780022165002,102.78413487434187,102.9353256225586,,394000,40556518.295288086,,,
2017-11-28,103.24659336924003,103.29106442544573,102.44616864018187,102.73965454101562,,282700,29044500.338745117,,,
2017-11-29,102.55289413984104,102.55289413984104,100.08935083467571,100.4717788696289,,614500,61739908.11538696,,,
2017-11-30,100.90756142556752,101.09432764878916,100.28500734816207,100.80973052978516,,796100,80254626.47476196,,,
2017-12-01,99.21776746001787,99.76028180237022,98.51516680704792,99.4134292602539,,660800,65692394.05517578,,,
2017-12-04,100.17829107530068,100.17829107530068,99.05768683663982,99.11105346679688,,569200,56414011.63330078,,,
2017-12-05,98.54184309404161,99.69801585040565,98.37286123255382,98.98652648925781,,533700,52829109.187316895,,,
2017-12-06,98.47070519174969,100.10713704638056,98.26614781725532,99.7869644165039,,482100,48107295.54519653,,,
2017-12-07,99.48457697162097,100.16938646462164,99.38674607471648,99.98262023925781,,350800,35073903.17993164,,,
2017-12-08,100.56960706779353,100.75637329584475,99.98262167792049,100.0982437133789,,256900,25715238.80996704,,,
2017-12-11,99.0754664143979,99.69802048249312,98.99541987116825,99.6357650756836,,547600,54560544.955444336,,,
2017-12-12,100.03598859268946,100.4717764593998,99.78696016923853,100.20496368408203,,467600,46855841.01867676,,,
2017-12-13,100.65853700492009,100.93423854794011,100.12491826974279,100.40951538085938,,324900,32623051.54724121,,,
2017-12-14,101.69020545055344,102.20603986764885,101.20995330810547,101.20995330810547,,614500,62193516.30783081,,,
2017-12-15,100.98760683053374,102.01037326254115,100.84530487997208,101.6368408203125,,854300,86828353.11279297,,,
2017-12-18,103.44226576892727,103.53120789046042,102.99758230258631,103.09541320800781,,472300,48691963.65814209,,,
2017-12-19,102.81081097876442,102.8819619583413,101.87697981680877,102.45506286621094,,426400,43686838.806152344,,,
2017-12-20,101.1743734457308,101.22773328473403,100.14270465613176,100.64075469970703,,471000,47401795.46356201,,,
2017-12-21,100.38283485010048,100.91645358202554,100.25832403882897,100.3917236328125,,369800,37124859.39941406,,,
2017-12-22,99.86700649989373,100.1782835468705,99.56461823616577,100.12492370605469,,262600,26292804.96520996,,,
2017-12-26,99.99151566227032,100.05377107063437,99.54683223528971,99.92926025390625,,158000,15788823.120117188,,,
2017-12-27,100.27611005162288,100.80972879239248,100.13380810190809,100.58738708496094,,317500,31936495.399475098,,,
2017-12-28,100.30278542848298,100.51623155805846,99.6357603363957,99.96482849121094,,487800,48762843.338012695,,,
2017-12-29,99.80474943717813,100.22275294419279,99.60019207522159,99.92926025390625,,287800,28759641.10107422,,,
2018-01-02,98.92427067295824,99.98261253513643,98.83532856602167,99.9559326171875,,540600,54036177.17285156,,,
2018-01-03,100.16938493930853,101.11211840554805,100.09824074882275,100.77415466308594,,506200,51011877.0904541,,,
2018-01-04,102.08153004393377,102.54400462423294,102.01037906460607,102.32166290283203,,539300,55182072.803497314,,,
2018-01-05,102.67739770859649,103.61123559331214,102.59735795093364,103.46004486083984,,475300,49174559.32235718,,,
2018-01-08,102.35722987938823,102.65072257516272,102.06374396894448,102.09931945800781,,515400,52621989.24865723,,,
2018-01-09,101.70799914472794,101.79693447758996,100.89867200942237,101.5301284790039,,515900,52379393.282318115,,,
2018-01-10,101.06764485384767,101.22773115281633,100.1338069789754,100.3828353881836,,705800,70850205.21697998,,,
2018-01-11,98.31061679947749,98.40844770016876,97.27005916703118,97.51018524169922,,2291200,223415336.42578125,,,
2018-01-12,97.67916264445451,98.39065205238555,97.39456552421598,97.94596862792969,,1603200,157026976.90429688,,,
2018-01-16,99.59130692475472,99.94704825105052,98.23056988888291,98.43512725830078,,927200,91269049.99389648,,,
2018-01-17,97.90150464455685,99.03099756045052,97.74141833986879,98.88870239257812,,977100,96624151.10778809,,,
2018-01-18,99.4134284334841,99.76917654137917,98.79976311699839,99.31559753417969,,898000,89185406.58569336,,,
2018-01-19,100.5784996643849,100.72080162562722,100.18718284163049,100.67633056640625,,821900,82745876.0925293,,,
2018-01-22,99.76918422925472,100.31169860889959,99.43122723264453,100.30280303955078,,671500,67353332.24105835,,,
2018-01-23,101.40560323820331,101.96590868519088,101.15658161080013,101.62794494628906,,524600,53314019.91882324,,,
2018-01-24,102.24161160892523,102.57067978404307,101.41450017229329,101.71688842773438,,562100,57175062.98522949,,,
2018-01-25,101.53900725404563,101.63683814615013,100.17827711792162,100.35614776611328,,639000,64127578.42254639,,,
2018-01-26,101.23662290577734,101.90364799545469,101.08543218059636,101.86807250976562,,1563000,159219797.33276367,,,
2018-01-29,101.13879265380785,101.52122064571267,100.39172102028976,100.97870635986328,,1948500,196757009.3421936,,,
2018-01-30,100.48067441496684,100.6318651580842,97.99933997275683,98.55074310302734,,6145800,605673156.9625854,,,
2018-01-31,99.92036316428893,100.8719854121267,99.58240620764775,100.72079467773438,,5107400,514421386.73706055,,,
2018-02-01,99.80475226523657,100.10713374719295,99.03989620633061,99.29781341552734,,1354200,134469098.92730713,,,
2018-02-02,98.58632292372091,98.58632292372091,96.9143155365089,97.07440185546875,,1298000,126002573.60839844,,,
2018-02-05,95.85595952081583,96.89651712326585,93.73926882711444,94.15727233886719,,1350600,127168812.02087402,,,
2018-02-06,93.32126698465234,96.47852212261006,93.08114091261118,96.37179565429688,,1713100,165094523.13537598,,,
2018-02-07,94.0950184665929,94.82429903560516,93.24122029207683,93.46356201171875,,1971700,184282105.21850586,,,
2018-02-08,93.17896491186063,93.26790702801055,90.36856910305785,90.41304016113281,,1058700,95720285.61859131,,,
2018-02-09,91.18678664744137,91.684829937274,88.22519325897751,90.70652770996094,,1377200,124921029.9621582,,,
2018-02-12,91.53362174510475,91.81821882580532,90.87549226823401,91.38243103027344,,959300,87663166.08734131,,,
2018-02-13,91.24013739997983,91.56030999306941,90.87550053777406,91.42691040039062,,933900,85383591.6229248,,,
2018-02-14,91.1423210689673,93.53471336794394,91.10674557944132,93.49913787841797,,1121300,104840583.30307007,,,
2018-02-15,93.68590710271256,93.97051102801346,92.49415869950477,93.8815689086914,,1204200,113052185.27984619,,,
2018-02-16,93.03666897465426,93.89935592570124,92.98330913366769,93.29458618164062,,547200,51050797.55859375,,,
2018-02-20,92.48525465614928,93.32126164679032,92.35184827472118,92.6987075805664,,1600800,148392091.0949707,,,
2018-02-21,92.60976591999598,93.16117579942754,91.78265449351386,91.8271255493164,,1195800,109806876.73187256,,,
2018-02-22,91.98721034599431,93.03666346366109,91.56031128739667,92.61865997314453,,1183100,109577136.6142273,,,
2018-02-23,92.45857915108694,93.34794602262721,92.30738841140447,93.29458618164062,,1388100,129502215.07873535,,,
2018-02-26,92.76984345570595,93.70368125667866,92.23622476314861,93.65921020507812,,1813500,169850977.70690918,,,
2018-02-27,93.78372787506284,94.08611612036515,92.55640411376953,92.55640411376953,,993300,91936276.20620728,,,
2018-02-28,93.49024502972183,93.9971838590943,92.88547530473973,92.93883514404297,,946200,87938725.81329346,,,
2018-03-01,91.44470416883455,91.64926154089306,89.9594630778507,90.71542358398438,,1966200,178364665.85083008,,,
2018-03-02,90.44861553795542,91.4713888811564,89.89721237499917,91.34687805175781,,795800,72693845.55358887,,,
2018-03-05,91.62256974698352,93.17896173185952,91.5870010441344,93.02777099609375,,1018900,94785995.86791992,,,
2018-03-06,93.49024925667732,93.67701548801345,93.11671000867422,93.45467376708984,,656600,61362338.79547119,,,
2018-03-07,95.51800910311792,95.99826805686294,95.03775014937288,95.97158813476562,,1356700,130204653.62243652,,,
2018-03-08,96.46073037388679,96.8342628326194,96.12277340436644,96.35400390625,,1154100,111202155.90820312,,,
2018-03-09,96.41627215661251,97.1188660603548,96.29175454388411,97.04772186279297,,876200,85033213.8961792,,,
2018-03-12,96.77201261045296,97.17223179654725,96.25618495255027,96.92321014404297,,717900,69581172.56240845,,,
2018-03-13,97.36788404922845,97.4123483197655,95.51799940455933,95.71366119384766,,730900,69957114.96658325,,,
2018-03-14,96.5852400001811,96.6297110574797,95.51800247832169,96.12277221679688,,492800,47369302.1484375,,,
2018-03-15,96.31843640481914,96.94099051047887,96.09609468346483,96.48741149902344,,819500,79071433.7234497,,,
2018-03-16,95.58914901061436,96.273958477984,95.42016714313482,95.62471771240234,,578400,55309336.724853516,,,
2018-03-19,94.41519918425259,94.5041345226717,93.59697642893512,94.48634338378906,,485600,45882568.34716797,,,
2018-03-20,92.58308997027612,93.56139217190426,92.58308997027612,93.29458618164062,,878000,81912646.66748047,,,
2018-03-21,93.20564428488146,94.13947536300856,93.14338887967298,93.47245025634766,,693900,64860533.23287964,,,
2018-03-22,93.13448560753915,93.74815082621002,92.37852523958978,92.44078063964844,,936500,86570791.06903076,,,
2018-03-23,92.72538288755801,92.84099812686868,91.08005569266564,91.1423110961914,,800800,72986762.72583008,,,
2018-03-26,93.12558861415484,93.49023222700686,91.3824306538776,93.23231506347656,,627500,58503277.70233154,,,
2018-03-27,93.29458048817258,93.68589727374459,91.08894779580984,91.63146209716797,,815200,74697967.90161133,,,
2018-03-28,92.4496850588865,93.56139366606565,92.08504816410378,92.47637176513672,,1044200,96563827.39715576,,,
2018-03-29,93.14340506420028,94.13059615108813,92.72540150574129,93.52583312988281,,670000,62662308.197021484,,,
2018-04-02,93.45467663023557,93.54361196426353,91.08895739017169,91.86270904541016,,452400,41558689.572143555,,,
2018-04-03,92.39632250032986,92.63645535220523,91.32908498295006,92.2006607055664,,1043500,96211389.44625854,,,
2018-04-04,91.0444861385855,93.16117678169401,91.00891065063445,92.91215515136719,,690300,64137260.70098877,,,
2018-04-05,93.80152122800648,94.36181989166548,93.47245305614491,93.77484130859375,,468300,43914758.18481445,,,
2018-04-06,94.13058185300649,94.67309616111145,93.4368768125655,93.70368957519531,,598600,56091028.579711914,,,
2018-04-09,96.00714343451503,96.12276546123312,95.2689741466844,95.31343841552734,,821500,78299989.65835571,,,
2018-04-10,96.03383409097134,96.37179104647483,95.39348888237063,95.82038116455078,,969900,92936187.6914978,,,
2018-04-11,95.4379481633835,96.05161342043077,95.03773582159708,95.13556671142578,,794600,75594721.30889893,,,
2018-04-12,95.79371067856498,96.22060978811538,95.68698420484459,95.97158813476562,,602600,57832479.010009766,,,
2018-04-13,96.53187999843844,96.60303097586507,95.92711026097348,96.167236328125,,483500,46496858.76464844,,,
2018-04-16,96.39846466748692,96.49629555603835,95.81148612150845,96.00714111328125,,390700,37509990.032958984,,,
2018-04-17,96.45182788040852,97.5012809881662,96.33621263776745,97.33230590820312,,587200,57153530.029296875,,,
2018-04-18,97.4568213419218,97.47460569342934,96.7275407941616,96.94988250732422,,639000,61950974.922180176,,,
2018-04-19,96.81646822165797,97.00323443123386,95.24228522114255,95.93599700927734,,900300,86371178.1074524,,,
2018-04-20,94.98438439345128,94.98438439345128,94.14837736466829,94.27288818359375,,1004000,94649979.73632812,,,
2018-04-23,94.67310079503632,94.9132336502229,93.89046039052131,94.2551040649414,,1179600,111183320.75500488,,,
2018-04-24,98.35507313613373,98.83533203204685,96.49629974365234,96.49629974365234,,3034900,292856620.0920105,,,
2018-04-25,96.56745335744209,96.94098580269792,95.70476643482941,96.84315490722656,,1009200,97734111.93237305,,,
2018-04-26,97.23447749607473,98.02601343474615,97.07439119469565,97.72362518310547,,1801400,176039338.4048462,,,
2018-04-27,99.0576705186038,99.2266523798237,98.31060567278338,99.03099060058594,,946400,93722929.50439453,,,
2018-04-30,98.48848830194932,99.17330461261977,98.44402402828521,98.56853485107422,,412400,40649663.77258301,,,
2018-05-01,98.19499328930358,99.38674156430176,97.9815403682914,99.36006164550781,,896400,89066359.2590332,,,
2018-05-02,100.07154541699333,100.26720719095539,99.3600560761576,99.59129333496094,,984800,98077505.67626953,,,
2018-05-03,100.42730116273003,100.76526490191131,99.31559262138208,100.62296295166016,,737600,74219497.47314453,,,
2018-05-04,100.1605009214906,101.5745910101298,100.11602986315707,101.40560913085938,,896300,90889847.46398926,,,
2018-05-07,101.69909410554237,101.93033137771539,101.18325972351423,101.37892150878906,,894700,90703721.07391357,,,
2018-05-08,101.378927678804,102.36612544798675,101.27220799694473,102.09931945800781,,982800,100343211.16333008,,,
2018-05-09,102.03705793117588,102.59735658333841,101.69909419800106,102.33943939208984,,814600,83365707.32879639,,,
2018-05-10,102.70407744256663,103.78021041853309,102.61513533742612,103.57565307617188,,1717800,177922256.85424805,,,
2018-05-11,103.09539999531172,103.5489789727416,102.88195385871603,103.3266372680664,,549000,56726323.86016846,,,
2018-05-14,103.12207321566198,103.3977815255745,102.27717750691076,102.44615936279297,,1085900,111246284.45205688,,,
2018-05-15,100.90755591713008,101.3611348832397,100.14269992931004,101.06764221191406,,524700,53030191.86859131,,,
2018-05-16,101.07654946047737,102.02817177129597,100.56961059929979,101.5301284790039,,616500,62593324.20730591,,,
2018-05-17,101.61016324239735,102.43727468943797,101.35224604005882,101.8769760131836,,532500,54249489.72702026,,,
2018-05-18,101.57628172779617,102.33478898403023,101.24218332816014,102.2535171508789,,1224800,125240107.80639648,,,
2018-05-21,103.1113449893705,103.33709011325355,102.46119793031615,102.68694305419922,,397200,40787253.78112793,,,
2018-05-22,102.39799647468327,102.81336670392827,101.92844272740113,102.1361312866211,,649600,66347630.88378906,,,
2018-05-23,101.15188306618141,102.67792247394341,101.15188306618141,102.60568237304688,,779600,79991389.97802734,,,
2018-05-24,102.89462544598497,103.17455408625386,101.98262009919598,102.96686553955078,,1999200,205851357.58666992,,,
2018-05-25,102.65082374169349,103.17455408625386,102.52440702255056,102.96686553955078,,2068300,212966367.99545288,,,
2018-05-29,99.93285945045427,100.36629316146748,99.0750306524261,99.58972930908203,,1017300,101312631.62612915,,,
2018-05-30,101.02545665433517,101.72075550275179,100.22180455415096,101.49501037597656,,671300,68133600.46539307,,,
2018-05-31,101.74783956598199,102.06388135242824,101.0164275903215,101.84716796875,,408600,41614752.83203125,,,
2018-06-01,103.35514817054415,103.35514817054415,102.19933422199861,102.69597625732422,,518100,53206785.29891968,,,
2018-06-04,103.06619862844988,103.7705223497294,102.98493368639215,103.4906005859375,,535700,55439914.73388672,,,
2018-06-05,104.89925182348516,105.14306043686834,104.1497762922629,104.44776153564453,,640700,66919680.81588745,,,
2018-06-06,105.15208666651785,105.59455211464626,104.58321137646078,105.54940032958984,,1384900,146175364.51644897,,,
2018-06-07,106.45237840016553,106.56976339366352,105.14305933482913,105.58551788330078,,1074800,113483314.62097168,,,
2018-06-08,106.61490063546225,107.51788107851324,106.11825863610659,107.22892761230469,,911700,97760613.30413818,,,
2018-06-11,107.73460110668232,108.863326730176,107.51788771594599,108.36669158935547,,722700,78316608.0116272,,,
2018-06-12,108.88140536167725,109.07103046612936,108.34864321081096,108.52924346923828,,755500,81993843.44100952,,,
2018-06-13,109.24258436882218,109.6037710589464,108.42990053765364,108.80915069580078,,460100,50063090.23513794,,,
2018-06-14,108.95363482515165,110.11847365457686,108.8452746806772,109.60377502441406,,536100,58758583.79058838,,,
2018-06-15,109.27869943653421,109.44123620560886,108.75497597102225,109.42317962646484,,544100,59537152.03475952,,,
2018-06-18,106.96706948965821,107.92422661767837,106.94901291085544,107.87908172607422,,1986000,214247856.3079834,,,
2018-06-19,105.39588634860863,107.21087910473474,105.39588634860863,107.01222229003906,,1515600,162187724.1027832,,,
2018-06-20,107.21990585435917,107.67139611789014,106.66908718171582,107.08445739746094,,855200,91578627.9663086,,,
2018-06-21,107.49079760095863,107.49079760095863,106.13632687547658,106.49752044677734,,644500,68637651.927948,,,
2018-06-22,106.24469594704765,106.79550775033236,104.89924995305243,106.39820098876953,,1446000,153851798.62976074,,,
2018-06-25,105.05275609375626,105.26044465587822,104.16783899405927,104.98954772949219,,1453400,152591808.67004395,,,
2018-06-26,104.39358037221135,104.62835724066758,103.60798482537399,104.03238677978516,,1077300,112074090.27786255,,,
2018-06-27,104.75477278604174,105.34171150598131,103.43642204433448,103.69828033447266,,521200,54047543.71032715,,,
2018-06-28,101.36859642142907,102.4792586175128,101.31441290487261,102.22642517089844,,1037500,106059916.11480713,,,
2018-06-29,103.86081447227096,104.58320163068579,103.84275789344812,104.43872833251953,,613000,64020940.46783447,,,
2018-07-02,102.56955452769552,104.19492222836956,102.51537790073793,104.1317138671875,,521700,54325515.12451172,,,
2018-07-03,104.70059443752882,104.70059443752882,103.83373391619014,104.00530242919922,,1279300,133053983.39767456,,,
2018-07-05,104.41163298498562,105.26043686156098,104.0865594530714,105.1520767211914,,896400,94258321.57287598,,,
2018-07-06,105.17918900029873,105.82030443422393,104.96246868437242,105.76612091064453,,852600,90176194.68841553,,,
2018-07-09,107.86102177719104,107.88811698007098,107.04834480985632,107.79781341552734,,808800,87186871.49047852,,,
2018-07-10,107.68946629663508,108.4750549950453,107.68946629663508,108.05968475341797,,512000,55326558.59375,,,
2018-07-11,106.20857443189925,106.96707478466321,106.0821577064386,106.38916778564453,,654000,69578515.73181152,,,
2018-07-12,106.65103915418482,108.00551005338534,106.65103915418482,107.85200500488281,,755400,81471404.58068848,,,
2018-07-13,107.88813100910218,108.33962133375006,107.5088739006093,108.27641296386719,,804200,87075891.30554199,,,
2018-07-16,108.42086997277384,109.08004877882824,108.411838238665,108.87236022949219,,1450800,157952020.22094727,,,
2018-07-17,108.10482585763687,110.08235534428944,108.06870581116895,109.83854675292969,,741700,81467250.12664795,,,
2018-07-18,109.84758068716602,110.83182613865239,109.50444368344488,110.12750244140625,,1738900,191500713.99536133,,,
2018-07-19,106.6239467410022,107.2469986460383,105.54036592976574,106.01895141601562,,1390500,147419351.94396973,,,
2018-07-20,105.6938799798448,105.93768170597208,104.90828439264335,105.10694122314453,,1451300,152541703.79714966,,,
2018-07-23,105.77514283262929,105.77514283262929,105.043730779524,105.47715759277344,,715800,75500549.40490723,,,
2018-07-24,107.09348915213751,107.16572924772296,105.55842501151724,105.99185180664062,,738400,78264383.37402344,,,
2018-07-25,106.65102492547496,107.88811066181086,106.09117454838685,107.69847869873047,,645300,69497828.30429077,,,
2018-07-26,107.96937649147843,108.81818035330109,107.78878314986248,108.08676147460938,,952700,102974257.65686035,,,
2018-07-27,109.20648026207121,109.20648026207121,107.39148725573884,107.49984741210938,,794200,85376378.81469727,,,
2018-07-30,107.4727385819901,107.52692209790439,105.40491925131798,105.44103240966797,,708400,74694427.35900879,,,
2018-07-31,105.54940010088701,105.74805693199256,104.55612283455439,104.78186798095703,,1363500,142870076.9920349,,,
2018-08-01,105.04372140478117,105.21528301216682,104.51999107041692,104.7005844116211,,1039400,108825787.43743896,,,
2018-08-02,103.73440124907088,104.35746002197266,103.65313630783747,104.35746002197266,,751100,78382888.22250366,,,
2018-08-03,104.2852222651801,104.54708745257535,103.67119521281755,104.48387908935547,,448600,46871468.15948486,,,
2018-08-06,103.84276535235271,104.43873583423199,103.50866006197842,104.05947875976562,,290500,30229278.579711914,,,
2018-08-07,104.72768755250469,104.74574413231625,103.95112372590538,104.37551879882812,,321900,33598479.50134277,,,
2018-08-08,104.76380157470703,105.17014696035879,104.54708816920973,104.76380157470703,,330400,34613960.0402832,,,
2018-08-09,105.00760725573265,105.20626407573008,104.33037185439314,104.4658203125,,457500,47793112.79296875,,,
2018-08-10,101.36859818122886,102.31672362249252,101.33247813262908,101.91038513183594,,820000,83566515.80810547,,,
2018-08-13,103.36418034289562,103.75246223874355,102.78627336617235,103.03007507324219,,635900,65516824.73907471,,,
2018-08-14,103.40932641198962,103.5357500232067,102.41604921501579,103.0932846069336,,690300,71165294.36416626,,,
2018-08-15,101.92844901292484,102.35285100287972,101.24218870795497,102.23546600341797,,1340500,137046642.1775818,,,
2018-08-16,104.33036001554248,105.4500538230591,104.07752659667041,104.8179702758789,,877900,92019696.10519409,,,
2018-08-17,104.27619519722164,105.58551421709504,104.18589163237954,105.55842590332031,,468700,49475234.22088623,,,
2018-08-20,106.30790269841744,106.45237600337789,105.77514059396331,106.28080749511719,,748300,79529928.24859619,,,
2018-08-21,106.68715830648726,106.7413349374566,106.17245964469299,106.53365325927734,,426100,45393989.653778076,,,
2018-08-22,107.50885303647635,107.54497308214188,106.9580343961671,107.52691650390625,,829900,89236588.0065918,,,
2018-08-23,108.12289123411198,108.50214830828749,107.55401595664121,107.716552734375,,525500,56605048.46191406,,,
2018-08-24,108.58340280142023,109.20646153762962,108.28541758939015,109.17034149169922,,324600,35436692.84820557,,,
2018-08-27,109.86563828836242,110.50675363128721,109.5495964839903,110.3532485961914,,394800,43567462.54577637,,,
2018-08-28,110.61512158140225,110.62415331622027,110.00109450848463,110.19071960449219,,493800,54412177.34069824,,,
2018-08-29,110.25392327512517,110.57899682278055,110.09138650129748,110.20877838134766,,1498900,165191937.915802,,,
2018-08-30,109.32385781404771,110.064301609129,109.14326445493327,109.46833801269531,,716300,78412170.51849365,,,
2018-08-31,108.45699958666137,109.10714671595431,107.80685245736841,108.12289428710938,,443700,47974128.19519043,,,
2018-09-04,106.3349852971131,107.28311068581573,106.14536021937258,106.89482879638672,,926400,99027369.39697266,,,
2018-09-05,105.93767909551785,106.00991919377365,104.1407497088731,104.2129898071289,,863700,90008759.29641724,,,
2018-09-06,104.70962232897504,104.87215910133501,103.43642335315086,104.1407470703125,,618500,64411052.06298828,,,
2018-09-07,104.33940851081623,105.3778306638341,104.08656816213175,105.21529388427734,,569000,59867502.22015381,,,
2018-09-10,106.59685867231335,106.93095707296303,106.17245670362267,106.78648376464844,,533100,56927874.49493408,,,
2018-09-11,106.53365039537604,107.92423440697124,106.21760168536395,107.716552734375,,395400,42591124.951171875,,,
2018-09-12,108.73691163041194,109.6489238767478,108.1770681219083,109.30579376220703,,655100,71606225.49362183,,,
2018-09-13,109.7843717381706,110.01011686501047,109.11616120250453,109.41414642333984,,723700,79183017.76657104,,,
2018-09-14,109.43220872345128,109.83854719174832,109.17937528636028,109.62183380126953,,429400,47071615.43426514,,,
2018-09-17,108.65566305006573,108.92655311100525,108.10484430353439,108.16805267333984,,1791100,193739799.143219,,,
2018-09-18,107.69847669580136,109.02585907751201,107.68945185139914,108.61048889160156,,490800,53306027.94799805,,,
2018-09-19,107.73460373361563,108.17706914903397,107.49080202424184,107.89714050292969,,770400,83123957.04345703,,,
2018-09-20,108.14094587683468,108.75497288824535,107.67139216206475,108.47504425048828,,835500,90630899.47128296,,,
2018-09-21,109.44123313097717,110.55190216998332,109.17937485017512,109.83854675292969,,715800,78622431.76574707,,,
2018-09-24,110.10944850267623,110.62414713140511,109.68504654949378,110.19974517822266,,424800,46812851.751708984,,,
2018-09-25,112.25854391231115,114.34442681936785,111.91541377666046,114.32637023925781,,2447800,279848089.0716553,,,
2018-09-26,113.92906188964844,114.82301765360708,113.84779694157692,113.92906188964844,,866100,98673960.50262451,,,
2018-09-27,113.78457818597751,114.11867657202893,113.08927932193457,113.19763946533203,,855800,96874539.85443115,,,
2018-09-28,110.5880260381098,111.73480827401949,110.5880260381098,111.06660461425781,,1342000,149051383.39233398,,,
2018-10-01,111.59033055291893,111.74383558273703,110.94921523203645,111.3104019165039,,520600,57948195.23773193,,,
2018-10-02,110.19974356109562,110.70541044809102,109.67601320573914,110.3532485961914,,627800,69279769.46868896,,,
2018-10-03,111.28331918999426,111.29235092431762,110.64220383693076,110.85891723632812,,359500,39853780.74645996,,,
2018-10-04,111.13884028277084,111.14786512744439,109.63988936363428,110.2177963256836,,536500,59131847.72872925,,,
2018-10-05,108.7820637014266,109.35093894554221,107.87005145266173,108.43892669677734,,528100,57266597.188568115,,,
2018-10-08,106.21759105946478,106.58781636195285,104.98953705926164,105.94670104980469,,1522400,161293257.67822266,,,
2018-10-09,106.25371753271874,108.17707047470425,106.25371753271874,107.79781341552734,,1796100,193615652.67562866,,,
2018-10-10,105.07082097128631,105.20626943629466,101.83814883743827,102.04583740234375,,2665200,271972565.84472656,,,
2018-10-11,102.49731516388891,103.12939873773672,100.69135422238747,101.95552825927734,,2087900,212872947.45254517,,,
2018-10-12,103.62604639995828,104.13171328659543,101.42277172670565,103.4183578491211,,967400,100046919.38323975,,,
2018-10-15,101.95554026461126,102.92172920651616,101.82009180021065,102.2625503540039,,726800,74324421.59729004,,,
2018-10-16,104.70060198203161,106.0370163544748,104.18590329511134,106.02798461914062,,2058900,218301017.53234863,,,
2018-10-17,104.9263402803202,105.07082047943814,103.89694297378766,104.55612182617188,,963300,100718912.15515137,,,
2018-10-18,99.92383302894068,100.40241162803154,96.60086426089657,96.6279525756836,,2493100,240903148.56643677,,,
2018-10-19,98.24428981770953,99.1472703973238,98.04563298792318,98.44293975830078,,1064200,104762976.49078369,,,
2018-10-22,99.49039640352724,99.63486970788105,97.54898686018535,98.08174896240234,,1098100,107703568.53561401,,,
2018-10-23,95.95071724881187,97.91018343131742,95.59855537782498,97.28712463378906,,980000,95341382.14111328,,,
2018-10-24,95.977796326608,96.10421304304218,93.2869114570925,93.34109497070312,,1336100,124713036.99035645,,,
2018-10-25,94.65041703311785,97.08846166089214,93.80161314692928,96.20354461669922,,1087100,104582873.35281372,,,
2018-10-26,94.70459629090672,96.30287570019733,93.75647086006845,95.18318176269531,,782000,74433248.13842773,,,
2018-10-29,96.20354926487236,96.35705430598867,92.83542875967908,94.16281127929688,,788000,74200295.28808594,,,
2018-10-30,94.20796024802583,95.39086253652435,93.81064661070644,95.34571075439453,,877800,83694464.90020752,,,
2018-10-31,96.44735333682982,97.45869406435449,96.32093660703862,96.85369873046875,,827000,80098008.85009766,,,
2018-11-01,96.66405983130284,96.79950138731182,95.68883929287361,96.3209228515625,,760600,73261693.92089844,,,
2018-11-02,97.4767510570168,97.94630481753764,96.5737704751484,97.18779754638672,,563600,54775042.697143555,,,
2018-11-05,97.3142135475656,97.38645364698063,96.39317639220673,97.17877197265625,,523400,50863369.25048828,,,
2018-11-06,96.42026533844928,97.14265255893886,96.20355192798044,96.52862548828125,,601200,58033009.64355469,,,
2018-11-07,97.59413354305701,98.88539592634315,97.40450846582968,98.8673324584961,,981800,97067947.00775146,,,
2018-11-08,97.46772400821888,98.13592769472253,96.98011367832866,97.16973876953125,,1311000,127389527.52685547,,,
2018-11-09,97.44966459456235,97.97339499541012,96.79951746098516,97.80182647705078,,912500,89244166.66030884,,,
2018-11-12,93.10632342588427,93.29594851134942,91.21909052715904,91.58028411865234,,1350400,123670015.67382812,,,
2018-11-13,92.2304331798927,94.13572269884178,92.19431313105066,93.66617584228516,,1828900,171306068.99795532,,,
2018-11-14,95.00258037311093,95.21026892546635,93.21468278846294,93.7564697265625,,789300,74001981.55517578,,,
2018-11-15,93.76549685864191,95.79720309296658,93.23274164178808,95.24639129638672,,760000,72387257.3852539,,,
2018-11-16,93.90094067981607,95.08384982468101,93.56684230242828,94.4517593383789,,1112300,105058691.91207886,,,
2018-11-19,94.08154947321475,94.15378268431667,91.36357597999493,91.72476959228516,,1704300,156326524.8161316,,,
2018-11-20,89.36798649119515,91.20103591271418,89.24156976482797,90.27999877929688,,936300,84529162.85705566,,,
2018-11-21,91.63447937076623,92.32073970437702,91.38163900190392,91.66156768798828,,890800,81652124.49645996,,,
2018-11-23,90.21678006320009,91.73378060552139,90.21678006320009,91.1919937133789,,524800,47857558.30078125,,,
2018-11-26,92.32071894411831,92.79929747861114,91.56221867568306,92.77220916748047,,832300,77214309.690094,,,
2018-11-27,91.7428156139147,92.47423448915073,91.14685207804226,91.97759246826172,,764200,70289276.1642456,,,
2018-11-28,92.75415991410152,94.89421933274319,92.50132647132484,94.731689453125,,695900,65923782.69042969,,,
2018-11-29,94.54205526748656,94.79489559353584,93.52168978612401,93.90093994140625,,782600,73486875.59814453,,,
2018-11-30,93.63005682005748,93.8016184424446,93.00699802679192,93.62102508544922,,698900,65431734.43222046,,,
2018-12-03,95.26443891343337,95.33667900393074,94.58720356570754,95.07481384277344,,666900,63405393.351745605,,,
2018-12-04,95.09288337011233,95.21930010110047,92.80834358829016,92.92573547363281,,884200,82164935.30578613,,,
2018-12-06,90.60507509195878,91.85119279773829,89.90075128740287,91.66156768798828,,1596300,146319360.5003357,,,
2018-12-07,92.72706908566819,93.20564764497072,90.55088278943512,90.94819641113281,,683700,62181281.886291504,,,
2018-12-10,91.69768344598035,92.4471521144061,90.74051931739133,92.01372528076172,,871700,80208364.32723999,,,
2018-12-11,92.84446061709843,92.91670071508227,91.22812459298332,91.70670318603516,,981800,90037641.18804932,,,
2018-12-12,93.58489990054468,94.15377514413744,93.26885809854872,93.31400299072266,,830900,77534605.08499146,,,
2018-12-13,93.57587595736672,93.95513304053264,92.88058393508699,93.42237091064453,,1071800,100130097.14202881,,,
2018-12-14,91.72475576124147,92.17624598622588,91.02043211253682,91.1919937133789,,673500,61417807.76596069,,,
2018-12-17,90.61409748554055,91.09267607831264,89.53052357319605,89.95492553710938,,789900,71055395.6817627,,,
2018-12-18,90.58700606076319,90.81275119218347,90.01813080969416,90.37029266357422,,724800,65500388.122558594,,,
2018-12-19,92.12207393517711,92.33879423035084,89.25962720607498,90.39738464355469,,854400,77235525.43945312,,,
2018-12-20,90.7585691111295,91.20102761314959,89.37701009213208,90.38834381103516,,854000,77191645.61462402,,,
2018-12-21,89.68403195866397,89.8104486901783,86.45135979177998,86.81255340576172,,2155000,187081052.5894165,,,
2018-12-24,86.5597135204638,87.52590240489164,85.78314971923828,85.78314971923828,,405500,34785067.21115112,,,
2018-12-26,85.97278114934394,88.925531536667,85.61158753549589,88.8352279663086,,559000,49658892.433166504,,,
2018-12-27,88.23023330145422,89.44925572950007,87.26404433828363,89.38604736328125,,978900,87500001.76391602,,,
2018-12-28,90.30709496113771,90.48768833191119,89.34090596018903,89.57567596435547,,534500,47878198.802948,,,
2018-12-31,90.61409630584474,90.75857649984698,89.52149067318332,89.89171600341797,,429300,38590513.680267334,,,
2019-01-02,89.00679088171935,89.90073968061044,88.79910232783823,89.55760955810547,,506300,45343017.7192688,,,
2019-01-03,87.34531365813893,87.43561033739378,86.18949274041367,86.19852447509766,,807800,69631168.07098389,,,
2019-01-04,87.89612700918188,89.57567145170596,87.507851970499,89.1603012084961,,1038100,92557308.6845398,,,
2019-01-07,89.79238451074352,90.46961989619858,89.17835748569648,90.03618621826172,,861600,77575178.0456543,,,
2019-01-08,91.53513540914895,91.63446381489824,90.68633153790753,91.44483184814453,,548600,50166634.75189209,,,
2019-01-09,92.80834874779049,93.16051064500593,92.3658901647344,92.69096374511719,,516400,47865613.677978516,,,
2019-01-10,92.60065444730087,93.37721824031645,92.17625250353716,93.31400299072266,,663800,61941835.1852417,,,
2019-01-11,92.2846026782794,92.50132295458691,91.72475918747091,92.08595275878906,,576900,53124386.14654541,,,
2019-01-14,90.88498382291223,91.67960414013633,90.88498382291223,91.30035400390625,,629000,57427922.66845703,,,
2019-01-15,91.06559095790796,92.55551030653511,91.06559095790796,92.49230194091797,,443100,40983338.99002075,,,
2019-01-16,91.86021844430913,92.63677541358501,91.84215497456134,92.32976531982422,,442500,40855921.15402222,,,
2019-01-17,92.43811622987249,93.84676360479328,92.37490787046437,93.57586669921875,,338000,31628642.944335938,,,
2019-01-18,95.02966514903305,95.83331723662258,94.46982165248879,95.48115539550781,,484400,46251071.673583984,,,
2019-01-22,93.46752182646179,93.75647533668469,92.90767138638206,93.30498504638672,,680400,63484711.82556152,,,
2019-01-23,94.60526229982513,94.80391910862325,93.60296030040674,94.0002670288086,,539100,50675543.95523071,,,
2019-01-24,95.31862186095641,95.36377364281158,94.56012152799136,95.17414855957031,,1999100,190262640.385437,,,
2019-01-25,96.16742648746381,96.20354653538313,95.34571089798752,95.72496795654297,,1036500,99218929.28695679,,,
2019-01-28,95.62563488011186,97.8018142697844,95.1741446369472,96.56473541259766,,2299600,222060265.55480957,,,
2019-01-29,93.34109303104297,93.8106398410134,92.23945576284235,92.72706604003906,,2048500,189951394.78302002,,,
2019-01-30,92.0678957204299,93.14244477561063,91.17394690811707,92.57356262207031,,1275500,118077579.12445068,,,
2019-01-31,92.5284169708219,93.68423095893567,92.38393677771029,93.38624572753906,,1027200,95926351.61132812,,,
2019-02-01,93.74744501994702,94.41564873072078,93.44043492471415,93.86483001708984,,566200,53146266.75567627,,,
2019-02-04,93.17857217588673,94.17184947784683,92.9437952862322,94.099609375,,564900,53156869.3359375,,,
2019-02-05,95.57145777433497,96.05906809635033,95.35474437205976,95.9597396850586,,709500,68083435.30654907,,,
2019-02-06,95.78817396220418,95.86943890112791,95.01161017402521,95.05675506591797,,349900,33260358.597564697,,,
2019-02-07,93.81065283947987,94.08154977185622,92.91670398535018,93.42237091064453,,659600,61621395.85266113,,,
2019-02-08,93.82870424745168,94.30728279582576,93.48556725865949,93.93705749511719,,724500,68057398.1552124,,,
2019-02-11,94.18087343168233,94.37952336430538,93.63005474907635,93.99124145507812,,636500,59825425.18615723,,,
2019-02-12,94.38855464229556,94.85810838053905,94.16280950753864,94.47885131835938,,794300,75044551.60217285,,,
2019-02-13,95.1019061177212,95.92362168068621,95.02966602421327,95.0477294921875,,385100,36602880.627441406,,,
2019-02-14,95.43601329301791,95.97780022677975,95.04773139413624,95.66175842285156,,494900,47343004.24346924,,,
2019-02-15,96.39316676369468,96.48346343434639,95.58048294944058,96.45637512207031,,328800,31714856.14013672,,,
2019-02-19,95.77011297758858,96.59182856816349,95.77011297758858,96.38414001464844,,292700,28211637.782287598,,,
2019-02-20,96.23967446761677,96.94399823675745,96.23967446761677,96.49250793457031,,730400,70478127.79541016,,,
2019-02-21,96.79951817141952,97.14265521065653,96.44735628634649,96.60086822509766,,298400,28825699.07836914,,,
2019-02-22,97.59413864963834,97.95533224433973,97.46772192487207,97.81085205078125,,337100,32972038.22631836,,,
2019-02-25,97.26906248559344,97.58510428900371,96.83562880577749,96.91690063476562,,408200,39561478.83911133,,,
2019-02-26,96.20354475955446,97.18779021270734,96.1493681332729,97.13361358642578,,327300,31791831.72683716,,,
2019-02-27,96.35705564942329,96.69116093991833,95.93265367990647,96.6279525756836,,471400,45550416.844177246,,,
2019-02-28,96.6550402929577,96.90787374833366,96.37511852296217,96.7363052368164,,543300,52556834.63516235,,,
2019-03-01,97.52190585912595,98.04563626622073,97.26907239065132,97.86503601074219,,473400,46329308.04748535,,,
2019-03-04,97.521894450042,97.55801449691202,96.26675210038536,96.90786743164062,,404200,39170160.01586914,,,
2019-03-05,97.17876258939326,97.75666955052255,96.8988339534878,97.49480438232422,,269400,26265100.300598145,,,
2019-03-06,97.75667455695533,97.77473113639282,97.02525563963466,97.15167236328125,,270100,26240666.705322266,,,
2019-03-07,97.0072030927119,97.04332314228309,95.81526901364292,96.031982421875,,306400,29424199.4140625,,,
2019-03-08,96.41122366331102,97.56704447476397,96.33899046006565,97.49480438232422,,537200,52374208.91418457,,,
2019-03-11,96.31190867937475,97.44965921108607,96.31190867937475,97.2690658569336,,476000,46300075.34790039,,,
2019-03-12,96.94399083953319,97.75667469929797,96.86271900895933,97.53092956542969,,410300,40016940.4006958,,,
2019-03-13,97.99143734320741,98.6867361614246,97.9462924533299,98.29845428466797,,472400,46436189.80407715,,,
2019-03-14,98.72286282273409,99.09308125699442,98.34361265421529,98.89442443847656,,394200,38984182.11364746,,,
2019-03-15,100.80874660784916,101.8291121346331,100.79069002835338,101.57627868652344,,769100,78122315.93780518,,,
2019-03-18,101.12478256750255,101.44082435935532,100.70941237118257,101.2602310180664,,429600,43501395.24536133,,,
2019-03-19,102.33479176233823,102.70501022129321,102.01874993415832,102.43412017822266,,506100,51841908.22219849,,,
2019-03-20,102.75015419332277,103.7614948557917,102.38896060749855,103.4183578491211,,679600,70283115.9942627,,,
2019-03-21,102.31673082978897,103.39127996144165,102.2535224625856,103.32807159423828,,385000,39781307.56378174,,,
2019-03-22,101.73881784940691,102.13613149959798,100.31210691389802,100.88098907470703,,780000,78687171.47827148,,,
2019-03-25,100.60105954659507,101.06157463558333,100.2850108642143,100.77262115478516,,437200,44057789.96887207,,,
2019-03-26,102.10000785138138,102.91269170303525,101.91941450176705,102.87657165527344,,1123000,115530389.96887207,,,
2019-03-27,102.65986472427433,102.94881823537477,101.72076409089907,102.54247283935547,,1172700,120251557.89871216,,,
2019-03-28,103.2287305668594,103.4725322708085,102.56052692530031,103.12940216064453,,1867900,192635410.29586792,,,
2019-03-29,104.81798335277148,104.88119171537525,103.95112285597908,104.25813293457031,,1325700,138215006.83135986,,,
2019-04-01,104.53805439394625,104.7005911671951,104.19492426784085,104.58320617675781,,973200,101780376.2512207,,,
2019-04-02,104.44775625056975,104.66447653798761,104.11365786355796,104.57417297363281,,582000,60862168.6706543,,,
2019-04-03,105.35073897647075,105.63969247652274,105.10693725953729,105.13402557373047,,688800,72416316.81518555,,,
2019-04-04,105.86543006321287,105.973790201452,104.52902280423544,104.7005844116211,,1130800,118395420.85266113,,,
2019-04-05,103.39127217507041,103.87888249500119,103.36418386105116,103.4906005859375,,686600,71056646.36230469,,,
2019-04-08,103.27388936419656,103.7976128544097,102.73209551559785,103.77955627441406,,868500,90132544.62432861,,,
2019-04-09,100.59203326797457,100.6642733643904,99.58069258573742,99.6619644165039,,1094500,109080020.05386353,,,
2019-04-10,101.07061442791499,101.48598465910564,100.78166092407824,101.37762451171875,,834100,84559076.60522461,,,
2019-04-11,101.29636000915502,101.48598510101156,100.99837476943976,101.43180847167969,,508100,51537501.88446045,,,
2019-04-12,101.72979989093443,101.72979989093443,101.29636616236573,101.42278289794922,,354100,35913807.42416382,,,
2019-04-15,101.36860607041015,102.14516995275578,101.33248601899926,101.85621643066406,,638000,64984266.08276367,,,
2019-04-16,101.33248204010496,101.35957035530063,100.32114130789729,100.41143798828125,,1081400,108584929.04052734,,,
2019-04-17,101.85620748947582,101.85620748947582,101.1428520374205,101.41374206542969,,881000,89345506.75964355,,,
2019-04-18,101.85620718157762,102.3528423426906,101.56725368572442,102.00971221923828,,485500,49525715.282440186,,,
2019-04-22,101.7207478093922,102.93977002394217,101.7207478093922,102.7501449584961,,418100,42959835.60714722,,,
2019-04-23,102.52441298253495,103.75246708776541,102.50634951349618,103.66217041015625,,770700,79892434.73510742,,,
2019-04-24,113.61301362721264,117.5319528345985,113.4233885365771,116.55673217773438,,4694100,547128956.5155029,,,
2019-04-25,114.73270398213091,116.74634670686943,114.55211063173817,116.5296401977539,,2788400,324931248.727417,,,
2019-04-26,116.05106194566063,116.06008679076938,115.05777784811994,115.1119613647461,,1387200,159683312.80517578,,,
2019-04-29,114.73270398213091,116.66508176595111,114.69658393421342,116.5296401977539,,1894800,220800362.2467041,,,
2019-04-30,115.15710462837157,116.3941835318486,115.15710462837157,116.35807037353516,,903600,105141152.38952637,,,
2019-05-01,116.5386595843879,117.3423116676251,115.42799744202385,115.45508575439453,,748600,86429677.19573975,,,
2019-05-02,114.74173755245059,115.13001946228333,113.45950683223819,113.75749206542969,,721500,82076030.52520752,,,
2019-05-03,114.21801062994285,115.15711125158083,113.87488049267311,115.03972625732422,,441100,50744023.25210571,,,
2019-05-06,113.07122650181864,114.28121714194162,112.9448097749161,114.15480041503906,,408300,46609405.00946045,,,
2019-05-07,112.72809926457694,112.91773126058384,110.84990477793288,111.49102020263672,,707500,78879896.79336548,,,
2019-05-08,111.72577990798145,112.6558487174782,111.50003478376594,112.240478515625,,674200,75672530.61523438,,,
2019-05-09,112.24048731454324,112.60167403024715,111.25623491342361,112.30369567871094,,1096600,123152232.68127441,,,
2019-05-10,112.65585586784137,113.5949564708867,111.41877002851152,113.5498046875,,867400,98493100.5859375,,,
2019-05-13,112.30369766387842,112.54749939020769,111.20206024960112,111.2833251953125,,509500,56698854.18701172,,,
2019-05-14,111.64451417365716,113.48659531448685,111.5993623906722,113.05316162109375,,924700,104540258.55102539,,,
2019-05-15,112.330789241484,114.55212071497805,112.30370092546016,113.92906188964844,,936900,106740138.08441162,,,
2019-05-16,116.90007330669049,119.08760150260753,116.86346110881396,118.17231750488281,,751500,88806496.60491943,,,
2019-05-17,117.28448463274583,117.76958400828742,116.44242507584109,116.57056427001953,,455500,53097892.0249939,,,
2019-05-20,114.20912660263578,115.07865051786118,113.7514846419052,114.58439636230469,,1040200,119190689.09606934,,,
2019-05-21,116.49734200430396,116.89091438876697,115.92987041488924,116.15869140625,,705600,81961572.65625,,,
2019-05-22,117.11973467160672,118.07163082787648,116.89091368163022,117.79704284667969,,695600,81939623.00415039,,,
2019-05-23,116.21359651771711,116.25020871124899,115.24339782983922,115.87493896484375,,431200,49965273.681640625,,,
2019-05-24,116.79937458511333,117.08311034871714,116.48817443978442,116.70784759521484,,271200,31651168.267822266,,,
2019-05-28,115.9024015083144,116.67124364048331,115.28916295132755,115.32577514648438,,500500,57720550.46081543,,,
2019-05-29,114.35557002241028,114.35557002241028,113.1290859939419,113.7240219116211,,640000,72783374.0234375,,,
2019-05-30,113.6782594783926,114.65761298836667,113.63249947246834,114.33726501464844,,405100,46318026.05743408,,,
2019-05-31,112.8636638679611,113.03757005647414,112.45178887555522,112.65315246582031,,684300,77088552.23236084,,,
2019-06-03,113.88878444980655,114.13590804868902,111.77448071770795,112.43347930908203,,970500,109116691.66946411,,,
2019-06-04,113.48604765490566,115.21593364971831,112.79958473686692,115.17017364501953,,1238500,142638260.0593567,,,
2019-06-05,116.47903515279124,116.51564734804224,114.9871178743278,115.56375122070312,,813900,94057337.11853027,,,
2019-06-06,114.8498297401075,116.0946094510735,114.5569391640457,115.77426147460938,,914600,105887139.54467773,,,
2019-06-07,117.37602528277668,118.8038660893519,117.12889469206158,118.65741729736328,,808100,95887058.91799927,,,
2019-06-10,118.77640185876588,119.60015182562898,118.45604689047207,118.46519470214844,,348600,41296966.873168945,,,
2019-06-11,118.60250366796885,118.71233327998664,116.93668704942516,117.50416564941406,,562000,66037341.0949707,,,
2019-06-12,116.954986967987,117.76958915934901,116.93668436075913,117.4400863647461,,899900,105684333.71963501,,,
2019-06-13,118.41026943860685,118.4194312155985,117.52244297007222,117.89771270751953,,451700,53254396.82998657,,,
2019-06-14,117.22957091608137,117.3119431203608,116.59802275102278,116.83599853515625,,426600,49842236.975097656,,,
2019-06-17,117.71466431949797,118.21807326363228,117.44007635304979,117.57737731933594,,516700,60752230.86090088,,,
2019-06-18,120.4788249232317,121.20189306332071,119.98456379334256,120.60696411132812,,921900,111187560.2142334,,,
2019-06-19,120.02119196616532,120.78087934043415,119.62761259500492,120.67103576660156,,430100,51900612.48321533,,,
2019-06-20,123.27045384150202,123.38029742864813,121.97991389614454,123.01417541503906,,908200,111721474.11193848,,,
2019-06-21,122.62059430027439,123.0873840961114,122.11718532469034,122.9684066772461,,1456100,179054296.96273804,,,
2019-06-24,123.86537426611365,123.9294368779721,123.2887409287664,123.49925231933594,,715600,88376064.9597168,,,
2019-06-25,124.59760825525785,124.61590387859997,121.65954063838326,121.74191284179688,,677800,82516668.52416992,,,
2019-06-26,122.6022898247678,123.60910781793541,122.47415062255789,122.6755142211914,,3671600,450415418.01452637,,,
2019-06-27,122.34599978808413,123.51756208722229,122.15379798610597,123.27043151855469,,1819600,224302877.1911621,,,
2019-06-28,124.42370119920196,125.84239410126287,124.25894282740396,125.21084594726562,,3042600,380966519.8791504,,,
2019-07-01,126.94987873877515,127.2336145234809,126.25426797736353,126.58377075195312,,2370200,300028853.4362793,,,
2019-07-02,126.73022054448548,127.76448190026748,126.70274917743635,127.5448226928711,,993200,126677517.89855957,,,
2019-07-03,128.39603838096596,128.70723158904312,128.00247296477283,128.30450439453125,,1097000,140750041.32080078,,,
2019-07-05,126.34579149880496,126.56546467667174,125.47627453136849,126.45563507080078,,472200,59712350.88043213,,,
2019-07-08,126.60207745634897,126.95903762351023,126.26341291182479,126.7485122680664,,477100,60471715.20309448,,,
2019-07-09,125.9156316189112,126.62955205016974,125.79664022499277,126.56547546386719,,471600,59688278.228759766,,,
2019-07-10,125.91562888899486,126.64784492949983,125.57696430582928,125.99800109863281,,675900,85162048.94256592,,,
2019-07-11,125.3481129234062,125.84237399370073,124.84470404296634,125.7782974243164,,525600,66109073.1262207,,,
2019-07-12,124.70745140019494,125.31154222306802,124.51523560523489,125.18340301513672,,486500,60901725.56686401,,,
2019-07-15,125.22917310854629,125.71427254815244,124.93627550252856,125.51290893554688,,384000,48196957.03125,,,
2019-07-16,123.84707819500585,124.55185079911932,123.50842757763186,123.67317199707031,,595700,73672108.55865479,,,
2019-07-17,124.18571773631089,124.49692488881446,122.60228043750023,122.84941101074219,,735500,90355741.79840088,,,
2019-07-18,116.021396868699,117.53161680118383,114.96881891678154,116.62548065185547,,3146800,366997062.5152588,,,
2019-07-19,115.49053132204583,115.65528271555195,113.92539657526885,114.07183837890625,,1481700,169020242.9260254,,,
2019-07-22,115.17932984040239,115.30747601884809,113.98031009086064,114.25489807128906,,1492400,170514009.8815918,,,
2019-07-23,114.5111769945462,115.1152607780104,114.0535350137457,114.98712158203125,,871000,100153782.89794922,,,
2019-07-24,116.49733969226405,116.82684247192915,116.03054292389477,116.79938507080078,,748300,87400979.84848022,,,
2019-07-25,116.05800979992857,116.10376980843758,114.51117766123714,114.7674560546875,,669900,76882718.81103516,,,
2019-07-26,116.12207347490269,116.46987885069197,115.98477949025408,116.23190307617188,,366900,42645485.23864746,,,
2019-07-29,116.8085428821374,116.8085428821374,115.49968652440576,115.71935272216797,,440500,50974374.87411499,,,
2019-07-30,113.35791549583466,113.52266688569927,112.20465576678242,112.57992553710938,,708000,79706587.28027344,,,
2019-07-31,113.74233387557564,114.26404544996224,111.74701457680429,112.60738372802734,,465100,52373694.17190552,,,
2019-08-01,113.1016468348638,114.74000607968085,112.22297500770536,112.64400482177734,,618700,69692845.78323364,,,
2019-08-02,112.18635202427123,112.32364601161176,110.93241051505248,111.37174987792969,,656800,73148965.31982422,,,
2019-08-05,109.85237147217424,109.97136284927274,107.8845166580977,108.67166137695312,,759600,82546993.9819336,,,
2019-08-06,107.94859205985354,108.47945144747479,106.62142613314441,107.68315887451172,,921500,99230030.90286255,,,
2019-08-07,108.92794560008018,110.31917414117973,108.2780948290415,110.2642593383789,,1024900,113009839.39590454,,,
2019-08-08,110.5571502701985,111.49989163088847,110.4564684760411,111.22530364990234,,475900,52932122.006988525,,,
2019-08-09,109.24829493821181,109.89814571728094,108.51606497086102,109.60525512695312,,403000,44170917.81616211,,,
2019-08-12,109.36727511636184,109.78830488725659,108.72657915697033,109.01031494140625,,240900,26260584.869384766,,,
2019-08-13,108.72658039675466,111.1703868479513,108.52521681206059,110.68528747558594,,681900,75476297.52960205,,,
2019-08-14,107.61908137526348,108.06756852574411,106.68548789770242,106.96923065185547,,776700,83083001.44729614,,,
2019-08-15,107.5275631354685,108.33301050967778,106.74956617981967,107.23467254638672,,589600,63225562.93334961,,,
2019-08-16,107.94858607779523,109.28489974221114,107.93943128348043,108.90048217773438,,295800,32212762.628173828,,,
2019-08-19,110.06289535657318,110.07205015136134,109.35812978525733,109.55948638916016,,279400,30610920.497131348,,,
2019-08-20,108.80894105321326,108.90047502422435,107.94857898681383,107.99433898925781,,341500,36880066.76483154,,,
2019-08-21,111.18869783502842,111.57311541987912,110.74020366964024,110.96902465820312,,639100,70920303.65905762,,,
2019-08-22,109.9988192360336,110.18187322256703,108.68996298143989,109.34896850585938,,348800,38140920.21484375,,,
2019-08-23,109.1384526677293,110.007976581584,107.381109217229,107.56416320800781,,393400,42315741.80603027,,,
2019-08-26,108.64419143034768,108.79064019987331,108.02179812598705,108.73572540283203,,329500,35828421.520233154,,,
2019-08-27,110.68528853496491,110.8683425320412,109.1384564223395,109.7883071899414,,447500,49130267.46749878,,,
2019-08-28,108.21402515893841,108.87302374129423,107.46349259455931,108.37877655029297,,461700,50038481.13327026,,,
2019-08-29,109.46795715034298,110.1086600942177,109.22083356061881,109.72423553466797,,322700,35408010.80703735,,,
2019-08-30,110.54798626510681,110.61205585759066,108.55266712095883,109.05607604980469,,598100,65226439.08538818,,,
2019-09-03,108.74488869944719,109.09270108506998,108.08588310885946,108.28724670410156,,514500,55713788.429260254,,,
2019-09-04,109.6693107246628,110.43815279053474,109.38557496549159,110.33747100830078,,532600,58765737.059020996,,,
2019-09-05,112.3144863151349,113.1199336316843,112.0399053354999,112.85450744628906,,568700,64180358.38470459,,,
2019-09-06,112.41517330597982,112.6714516920597,111.50904416003674,111.60972595214844,,329100,36730760.81085205,,,
2019-09-09,112.17720108389287,112.26873506730638,110.81342992439413,111.26191711425781,,513400,57121868.24645996,,,
2019-09-10,109.35812400533712,110.54798889160156,108.83641245898426,110.54798889160156,,600900,66428286.52496338,,,
2019-09-11,109.83407386956236,110.21849145217087,109.43134669746068,109.77000427246094,,1057800,116114710.51940918,,,
2019-09-12,110.32833316197973,111.06055616526648,109.89814856872914,110.6395263671875,,492000,54434646.97265625,,,
2019-09-13,109.80661032278043,109.87067991629604,108.78148984346886,108.88217163085938,,525900,57261134.060668945,,,
2019-09-16,107.18890059877542,107.73806955502849,106.95092482394297,107.55501556396484,,437200,47023052.80456543,,,
2019-09-17,108.82725787694092,109.94390536013498,108.70826649993897,109.84322357177734,,376700,41377942.319488525,,,
2019-09-18,109.46795145541249,109.95305079808558,108.50690756419087,109.54117584228516,,371000,40639776.23748779,,,
2019-09-19,110.12696829427044,110.49308328321538,109.64186890171999,109.66017150878906,,299700,32865153.401184082,,,
2019-09-20,109.47712091336459,110.59376852202456,108.94625451202413,109.284912109375,,1143900,125011010.96191406,,,
2019-09-23,108.79064305568093,109.24828499786938,108.58012468972703,108.82725524902344,,644000,70084752.3803711,,,
2019-09-24,109.54117653164278,109.7791522989456,108.27808727391906,108.62589263916016,,996400,108234839.42565918,,,
2019-09-25,107.31703996869645,107.54586094943994,106.4017560457225,107.3261947631836,,1036200,111211403.01361084,,,
2019-09-26,107.56416034874134,108.10418147838963,107.08821579553067,107.69230651855469,,1813500,195299997.87139893,,,
2019-09-27,108.89132716436973,108.97369936385104,106.84109317488927,107.4909439086914,,1339800,144016366.64886475,,,
2019-09-30,107.3261901274371,108.31469141442534,107.14312916091197,107.88451385498047,,1270000,137013332.5958252,,,
2019-10-01,108.1133361385615,108.1133361385615,106.46582233514043,107.22550964355469,,799100,85683904.75616455,,,
2019-10-02,105.12951161690357,105.2759534129211,103.37216816632049,104.03117370605469,,702700,73102705.76324463,,,
2019-10-03,104.38813107826866,105.5047715650416,103.32639840758569,105.35832977294922,,505500,53258635.70022583,,,
2019-10-04,105.23934568552191,105.6329180410627,104.735936748297,105.59630584716797,,803700,84867751.0093689,,,
2019-10-07,104.40643149751577,105.30341276889965,104.40643149751577,104.82746124267578,,637700,66848472.034454346,,,
2019-10-08,104.2325303619286,104.74509410593654,103.2440290348277,103.33555603027344,,797800,82441106.60095215,,,
2019-10-09,106.03563562921634,106.85023772014402,105.78851205526398,106.21869659423828,,1061600,112761768.30444336,,,
2019-10-10,105.22103990544868,106.3193848128582,104.85492493631216,105.4864730834961,,1062100,112037183.0619812,,,
2019-10-11,115.06950244143131,117.06482178603083,114.84068144770687,115.50883483886719,,2234300,258081389.68048096,,,
2019-10-14,115.27086209183611,115.83833366770958,115.08780111327829,115.37154388427734,,877700,101261604.06723022,,,
2019-10-15,115.17017561809126,117.05565823069287,114.84067285314275,116.40580749511719,,830900,96721585.44769287,,,
2019-10-16,117.93434477846914,118.32791018068622,117.58653240171918,117.81535339355469,,1091500,128595458.22906494,,,
2019-10-17,118.94113786349642,119.09673444775122,117.47669202962118,117.70551300048828,,972200,114433299.7390747,,,
2019-10-18,118.78554940084474,118.95030777351825,117.11057810364159,118.19062042236328,,1655800,195700029.29534912,,,
2019-10-21,121.71443988187454,122.02564699852991,120.14931235258764,121.46732330322266,,1210500,147036194.85855103,,,
2019-10-22,122.01650369730305,122.62974228072115,120.4330663411302,120.63442993164062,,1092200,131756924.37133789,,,
2019-10-23,119.81981608170474,120.67102338635854,119.77404909448039,120.50627899169922,,709100,85451002.43301392,,,
2019-10-24,120.33239103465594,120.98223486678843,120.25916663723771,120.62527465820312,,809400,97634097.30834961,,,
2019-10-25,120.22254114497174,121.02798144847603,119.85641921963033,120.69847869873047,,569200,68701574.07531738,,,
2019-10-28,121.3391933276765,121.90666487652122,121.16528715209532,121.52224731445312,,440900,53579158.84094238,,,
2019-10-29,120.68019534374207,121.2110477487303,120.50628915729342,120.57951354980469,,513800,61953754.06188965,,,
2019-10-30,121.0554413384607,122.19039838119166,120.06693306888026,121.94326782226562,,485100,59154679.220581055,,,
2019-10-31,121.48563753407267,121.96158910940487,121.04630513860258,121.34835052490234,,413800,50213947.44720459,,,
2019-11-01,122.58396278073755,122.8860081356829,122.00734343595427,122.36430358886719,,1526900,186838055.1498413,,,
2019-11-04,123.55419102696133,123.77385024657723,122.89518543586293,123.07823944091797,,468600,57674463.00201416,,,
2019-11-05,122.25447732908482,122.39176432775017,121.4215656275178,122.24531555175781,,486100,59423447.88970947,,,
2019-11-06,123.43518811774581,123.76469088253992,123.00500356465002,123.66400909423828,,457600,56588650.56152344,,,
2019-11-07,123.28873855211737,124.19487464103474,123.21551416417337,123.63655090332031,,269200,33282959.503173828,,,
2019-11-08,123.92028911957397,124.88134002685547,123.66401073978213,124.88134002685547,,327000,40836198.18878174,,,
2019-11-11,124.44201742040106,125.50373623450234,124.44201742040106,125.19254302978516,,448700,56173894.0574646,,,
2019-11-12,124.23148030294466,124.70743184324645,123.71892355159997,123.9019775390625,,582600,72185292.11425781,,,
2019-11-13,123.07823453585515,123.3894277286592,122.7670413430511,122.92263793945312,,450700,55401232.91931152,,,
2019-11-14,122.7853250567765,123.14228520592775,122.46498408330015,123.02330780029297,,345400,42492250.51422119,,,
2019-11-15,122.89519204931804,124.15827452845676,122.72128584701333,124.00267791748047,,383800,47592227.784729004,,,
2019-11-18,122.83109121843964,124.2772413931705,122.34599188993084,123.72806549072266,,731900,90556571.13265991,,,
2019-11-19,125.40303920334713,125.41220098045403,123.90197420079882,124.24063873291016,,423600,52628334.56726074,,,
2019-11-20,123.82875015509005,124.44200264574546,122.87686106363932,123.56332397460938,,300900,37180204.18395996,,,
2019-11-21,123.96605569836912,124.41453587845821,123.70977731942558,123.95689392089844,,273500,33902210.48736572,,,
2019-11-22,124.68912418285218,124.87217817314546,123.7646924538904,123.9385986328125,,225800,27985335.571289062,,,
2019-11-25,124.28639175395007,124.69828067229835,123.92943159987223,124.24063873291016,,278700,34625866.01486206,,,
2019-11-26,123.9385959247154,124.35047088540674,123.44433479898667,123.87451934814453,,660500,81819120.02944946,,,
2019-11-27,123.49925229675956,124.13080043447695,123.13314431617302,123.9385986328125,,443900,55016343.93310547,,,
2019-11-29,123.98437348897362,124.71658949660728,123.92029690693685,124.43285369873047,,227700,28333360.787200928,,,
2019-12-02,123.49925437180309,123.49925437180309,121.13783411493192,122.14463806152344,,626900,76572473.60076904,,,
2019-12-03,121.60462429910142,122.87686841153302,121.35749372585946,122.84941101074219,,654800,80441794.32983398,,,
2019-12-04,123.78299741901135,124.13079579773976,123.43518507415924,124.05757141113281,,354600,43990814.822387695,,,
2019-12-05,124.04842700346327,124.09419399211373,123.10568569498491,123.42604064941406,,486700,60071453.984069824,,,
2019-12-06,124.03011372626449,124.06673290254548,123.27042642885613,123.56332397460938,,347100,42888829.751586914,,,
2019-12-09,123.6731570815433,124.09419382398337,123.38027349360051,123.43518829345703,,227500,28081505.336761475,,,
2019-12-10,122.87687469577293,123.709786472024,122.74873549682086,123.28874969482422,,300600,37060598.15826416,,,
2019-12-11,122.87686629202274,123.70061623378771,122.73957929043667,123.48095703125,,262400,32401403.125,,,
2019-12-12,123.63656053651978,125.29322229022567,123.38942995371903,125.11931610107422,,680000,85081134.94873047,,,
2019-12-13,125.42136943320297,126.98651126859498,125.10101443645797,126.76683807373047,,745400,94492001.10015869,,,
2019-12-16,126.88580258188173,127.66378546236675,126.82172600965905,127.58141326904297,,497100,63420720.53604126,,,
2019-12-17,124.29557065209383,124.35963327004816,122.56568444156903,122.68466186523438,,1439300,176580033.82263184,,,
2019-12-18,122.02565906759365,122.40091486099881,121.37580133850305,122.0897216796875,,663700,81030948.2788086,,,
2019-12-19,121.76022513484394,122.21786711880294,121.52225633099026,121.80599212646484,,454100,55312101.024627686,,,
2019-12-20,122.58396148893493,123.05076519898742,122.19954394108925,123.02330780029297,,474300,58349954.889678955,,,
2019-12-23,121.87922197231461,122.95010258675141,121.76023058200197,122.43754577636719,,296800,36339463.58642578,,,
2019-12-24,122.75787422575699,122.97754739318876,122.28193664550781,122.28193664550781,,117900,14417040.330505371,,,
2019-12-26,122.5748185741038,123.17890930175781,122.5748185741038,123.17890930175781,,170000,20940414.581298828,,,
2019-12-27,124.36877729418006,124.37792510511748,123.3253542362477,123.54501342773438,,357200,44130278.79638672,,,
2019-12-30,123.25213617002599,123.25213617002599,121.70530410875159,122.0897216796875,,257200,31401476.416015625,,,
2019-12-31,121.88835363586931,122.72126532545578,121.82429102612161,122.6388931274414,,299300,36705820.71304321,,,
2020-01-02,123.94774947340957,125.52203896743025,123.9294398840955,125.2199935913086,,2967500,371590330.98220825,,,
2020-01-03,122.00735907183886,123.4901146714811,122.00735907183886,122.62974548339844,,507800,62271384.75646973,,,
2020-01-06,121.8792113229159,122.84941005295983,121.85175392233914,122.83110046386719,,442900,54401894.39544678,,,
2020-01-07,122.72127633414816,122.96840691648386,122.13549515218116,122.30023956298828,,621200,75972908.81652832,,,
2020-01-08,122.55650863880145,124.03927805395027,122.42836945143047,123.63655090332031,,513300,63462641.57867432,,,
2020-01-09,124.92712768963796,125.6593437724292,124.58846308691413,125.51290893554688,,457800,57459809.71069336,,,
2020-01-10,125.8972983404274,126.37324986042611,125.20167366517003,125.37557983398438,,464000,58174269.04296875,,,
2020-01-13,125.9888134182604,126.80341546705604,125.69592985549714,126.61121368408203,,555500,70332529.20150757,,,
2020-01-14,125.85153979247602,126.24510517681462,125.42135523007724,125.62271881103516,,342100,42975532.10525513,,,
2020-01-15,125.69592486347796,126.0162658110866,124.6525018989757,124.8447036743164,,491700,61386140.79666138,,,
2020-01-16,125.09186067330953,125.69595145585569,124.39624987185125,125.65933227539062,,1074900,135071216.26281738,,,
2020-01-17,127.26109103766494,128.13062207768084,126.995664802273,128.10316467285156,,507500,65012356.07147217,,,
2020-01-21,127.13293070378354,128.3136547797764,127.13293070378354,127.71871185302734,,579500,74012993.51882935,,,
2020-01-22,128.46010548516546,128.75298908111768,127.5997363542208,127.75533294677734,,473100,60441048.01712036,,,
2020-01-23,126.68443981277598,126.81257899189947,125.11015048861698,126.43730926513672,,622100,78656650.09384155,,,
2020-01-24,127.83769689022617,128.2312762180751,126.94987041595786,127.27937316894531,,595700,75820322.59674072,,,
2020-01-27,123.44433931387756,128.55162532516763,123.32536189980344,124.70743560791016,,1275600,159076804.8614502,,,
2020-01-28,121.24766557289531,121.46733874797388,119.92965445467325,121.23851776123047,,2188800,265366867.67578125,,,
2020-01-29,120.70765672035606,121.18359433816579,120.24085294848939,120.49713134765625,,1368500,164900324.24926758,,,
2020-01-30,119.32556464160812,120.18593379314845,119.03268103864481,119.87474060058594,,1631500,195575639.28985596,,,
2020-01-31,120.90901018532274,120.98222060798673,119.16081456408241,119.69168090820312,,1023600,122516404.57763672,,,
2020-02-03,120.65273372108011,121.6503898476574,120.49712316360994,121.40325927734375,,536300,65108567.95043945,,,
2020-02-04,123.43520628143446,124.55185392832416,123.27044789173091,124.00267791748047,,418400,51882720.44067383,,,
2020-02-05,125.84237399370073,125.85152180384605,124.76233185329137,125.7782974243164,,663700,83479056.0005188,,,
2020-02-06,124.56097920555426,125.31151868684584,124.20401905292435,124.9271011352539,,497800,62188710.945129395,,,
2020-02-07,124.43285782192577,124.49693440608576,123.23383800865115,123.61825561523438,,511700,63255461.39831543,,,
2020-02-10,123.27044050189741,123.9019886866697,123.27044050189741,123.77384948730469,,381200,47182591.42456055,,,
2020-02-11,124.93625815613265,125.68679769275181,124.6525223685265,124.98202514648438,,454100,56754337.619018555,,,
2020-02-12,126.66614647076175,126.7759760766327,125.95222610035076,126.45563507080078,,464800,58776579.1809082,,,
2020-02-13,124.73489037323458,126.03459185195585,124.72574256192196,125.80577087402344,,365800,46019750.98571777,,,
2020-02-14,125.40304388502881,126.19018860880797,125.19253249556583,125.79662322998047,,289800,36455861.41204834,,,
2020-02-18,125.43051010508397,126.31833668036197,125.40305270305475,126.08951568603516,,457000,57622908.66851807,,,
2020-02-19,126.75767238270058,128.05737384521578,126.72105320565848,127.86515808105469,,499500,63868646.46148682,,,
2020-02-20,127.0871750583321,127.59057003026213,125.97052758342103,126.70274353027344,,524000,66392237.60986328,,,
2020-02-21,125.62270833389174,125.81492408736565,124.42368872572173,125.05523681640625,,379400,47445956.84814453,,,
2020-02-24,119.2889652845618,120.74426349133296,119.20659307650882,119.8289794921875,,676500,81064304.62646484,,,
2020-02-25,119.82897772864021,120.01203173255017,116.7536229781271,116.95498657226562,,837300,97926410.25695801,,,
2020-02-26,117.77873348423654,118.82217060802273,115.96647515064059,116.1495361328125,,802800,93244847.60742188,,,
2020-02-27,114.61184964119367,117.40346829448795,113.98030152351616,114.23657989501953,,1581300,180642303.78799438,,,
2020-02-28,110.95071539766798,113.66910969605608,110.19102808526458,113.10163116455078,,1389900,157199957.15560913,,,
2020-03-02,113.61419210289131,115.9207115248403,111.52734585269323,115.81087493896484,,931600,107889411.09313965,,,
2020-03-03,116.46072874104986,118.19976965607624,112.54331452212328,113.3121566772461,,907000,102774126.1062622,,,
2020-03-04,114.39218643325482,115.09695197318747,112.90026918702715,115.01457977294922,,840200,96635249.92523193,,,
2020-03-05,112.15889016469097,113.33045244170664,110.03543179183458,111.00563049316406,,1395200,154875055.6640625,,,
2020-03-06,110.08119791939318,112.0307572078167,109.54118373916663,111.19784545898438,,1255800,139642254.32739258,,,
2020-03-09,103.9854107771618,106.34684505906257,101.18464410699164,102.05416107177734,,1571800,160408730.37261963,,,
2020-03-10,107.52754925579676,108.52520529565126,104.13184004345831,107.99433898925781,,1521900,164356584.50775146,,,
2020-03-11,105.54138602185692,106.191236763649,101.59651458212197,103.07927703857422,,1626600,167668752.03094482,,,
2020-03-12,96.85535412800652,98.62185255518526,92.15079485246451,92.8464126586914,,1746100,162119121.14334106,,,
2020-03-13,98.58522413481921,99.35406621162583,91.73890474390916,99.17100524902344,,1819600,180451561.15112305,,,
2020-03-16,85.51498259804964,94.37493181074771,85.50582780298491,89.23103332519531,,1344500,119971124.3057251,,,
2020-03-17,89.42323731640542,94.26509015212052,87.26316667937019,94.23763275146484,,1561500,147152063.54141235,,,
2020-03-18,87.1624956937935,89.75274402646569,85.33192775047216,88.73677825927734,,1067200,94699889.75830078,,,
2020-03-19,84.66375993724006,88.0228501420584,83.199307107911,86.15567016601562,,1753800,151099814.3371582,,,
2020-03-20,88.36150557943773,90.63140566476784,85.85362973283436,86.31127166748047,,1372400,118453589.2364502,,,
2020-03-23,89.68866965634123,92.43452142524414,88.91067971843117,89.99071502685547,,1974900,177722663.10653687,,,
2020-03-24,97.9536815556304,98.36556350740635,94.97900883051754,96.99263763427734,,1608000,155964161.31591797,,,
2020-03-25,95.61056208442328,99.75679732591588,93.81660635214487,97.38621520996094,,1012200,98574327.03552246,,,
2020-03-26,100.31511747498124,105.55969747393583,100.31511747498124,105.4864730834961,,1978300,208683889.70108032,,,
2020-03-27,101.14802599947299,103.39962356118676,99.59203917570974,100.93750762939453,,881300,88956225.4737854,,,
2020-03-30,102.5941713061201,103.54606742149241,101.45006640539312,103.33555603027344,,605100,62528344.95391846,,,
2020-03-31,101.72465904607918,103.64675397095239,100.8734446815273,101.13887786865234,,1138600,115156726.34124756,,,
2020-04-01,98.0452175004539,98.7957500468313,95.95836426566241,96.58991241455078,,1070500,103399501.23977661,,,
2020-04-02,95.04307943807169,97.08416566375433,94.47560787362434,96.09565734863281,,1026700,98661411.39984131,,,
2020-04-03,95.88514467911145,96.60821980833363,95.03393036071695,96.27871704101562,,954300,91878779.67224121,,,
2020-04-06,99.53713029263267,102.59417535618702,99.44560329357377,102.52095794677734,,1252400,128397247.73254395,,,
2020-04-07,104.51627175475691,104.57118655469156,102.09992279476394,102.356201171875,,929400,95129853.36914062,,,
2020-04-08,104.40643825459996,105.89834855572599,103.39047252743869,105.27595520019531,,1214600,127868175.18615723,,,
2020-04-09,109.90729684734087,111.4724315418776,109.21167909985935,111.12462615966797,,1371800,152440762.16583252,,,
2020-04-13,109.92559732353449,112.25041931678231,109.80661292791463,112.01244354248047,,1060800,118822800.10986328,,,
2020-04-14,114.03521832926943,115.41729898055794,112.40601409627098,112.88196563720703,,1110900,125400575.62637329,,,
2020-04-15,107.53670934363456,109.87984100440876,107.22551615246574,108.59844207763672,,1144700,124312636.64627075,,,
2020-04-16,110.22764968702103,110.35578888522298,108.20487293476174,109.1750717163086,,693300,75691077.22091675,,,
2020-04-17,112.55246540423182,113.21147094769563,111.6463362735002,112.95519256591797,,709300,80119118.08700562,,,
2020-04-20,110.98733535482513,113.62335065545963,110.96902576504253,112.17720031738281,,919400,103135717.97180176,,,
2020-04-21,108.85470984800385,109.1018334178812,104.88237426080339,106.17292785644531,,1671500,177468048.91204834,,,
2020-04-22,107.43601927476273,107.65569243367374,106.53904498325919,107.17974090576172,,996500,106804611.81259155,,,
2020-04-23,105.4681676257646,108.34215853372643,105.36748583739774,105.39494323730469,,918200,96773636.88049316,,,
2020-04-24,106.40176324224582,106.68549904297844,105.21189126867738,106.62142944335938,,715700,76308957.0526123,,,
2020-04-27,106.57567302653425,107.47264745143741,106.26447282999233,106.96009063720703,,657300,70304867.57583618,,,
2020-04-28,109.12931626839695,109.14761887616395,106.85025404141643,106.96009063720703,,693500,74176822.85690308,,,
2020-04-29,107.90281640203355,109.55033018456375,107.76552242297905,109.05607604980469,,571800,62358264.28527832,,,
2020-04-30,110.03543422637762,110.03543422637762,107.60077564184954,108.49775695800781,,651600,70697138.43383789,,,
2020-05-01,106.96007870889936,107.86620782816492,106.24615837353484,107.06076049804688,,654300,70049855.59387207,,,
2020-05-04,106.12717358608147,107.28958813912963,105.6695316008322,107.26213073730469,,552900,59305232.08465576,,,
2020-05-05,106.56650192932548,108.19570611081603,106.35598356536285,106.69464111328125,,757700,80842529.5715332,,,
2020-05-06,104.98306271566183,105.4681690585021,103.4453854524254,103.56437683105469,,1047900,108525110.4812622,,,
2020-05-07,107.11567656125523,107.17974615664434,105.2668061064108,105.45901489257812,,801900,84567584.0423584,,,
2020-05-08,106.34684112646897,107.15228846388653,106.0264861673352,106.8593978881836,,476200,50886445.27435303,,,
2020-05-11,105.14781630253546,106.34684301001444,105.01052929826047,105.51393127441406,,408200,43070786.74621582,,,
2020-05-12,106.38346013516525,106.59397154018322,104.64441917545393,104.72679138183594,,652600,68344704.05578613,,,
2020-05-13,106.557357126432,106.62142672441723,103.34471544923518,104.41559600830078,,696000,72673254.82177734,,,
2020-05-14,101.23039910783268,103.61013587859419,100.51647877491042,103.54606628417969,,653200,67636290.49682617,,,
2020-05-15,102.80469107119762,103.77488980555958,102.48434309127266,103.61929321289062,,749500,77662660.26306152,,,
2020-05-18,106.54821142353283,107.93944000006121,106.16378684495008,107.5275650024414,,621500,66828381.649017334,,,
2020-05-19,107.54586015710058,108.50691106236759,107.26212437764895,107.29873657226562,,742100,79626392.41027832,,,
2020-05-20,109.9530618827519,110.92326764896903,109.31236589068052,110.1086654663086,,865100,95255006.49490356,,,
2020-05-21,110.22192862239271,110.44476602121291,107.8356905202349,107.88211822509766,,948200,102293824.5010376,,,
2020-05-22,107.35287752915228,108.2813749775086,106.94433638503602,107.77069854736328,,802600,86496762.65411377,,,
2020-05-26,114.68800728625571,114.7251480360625,112.41319126061039,112.78459167480469,,957600,108002524.98779297,,,
2020-05-27,114.75299956235027,114.84585497697125,112.87743777930746,114.1866226196289,,860300,98234751.43966675,,,
2020-05-28,114.44660632522307,116.25717365609336,114.42803240784939,114.79014587402344,,778700,89387086.59210205,,,
2020-05-29,118.16987478300979,118.97767016555233,115.97862718024129,118.94053649902344,,1773300,210917253.37371826,,,
2020-06-01,118.53199078786213,119.32120513916016,118.08630888397634,119.32120513916016,,664600,79300872.93548584,,,
2020-06-02,120.1011498042841,121.15034227980296,119.58117933579425,121.13178253173828,,721400,87384467.918396,,,
2020-06-03,122.21811578837247,124.40937019205775,121.87456212054224,124.0101089477539,,774400,96033428.36914062,,,
2020-06-04,124.14010667898945,125.80212505441939,124.01941164412212,124.73434448242188,,842400,105076211.79199219,,,
2020-06-05,126.09924172435254,127.29701141919699,125.65356689656608,126.10853576660156,,778700,98200716.80145264,,,
2020-06-08,125.95066962730138,126.90702083854244,125.08717382535892,126.84203338623047,,565500,71729169.87991333,,,
2020-06-09,127.55699879450478,128.05838124100447,126.49851214722912,126.96276092529297,,664000,84303273.25439453,,,
2020-06-10,127.75196344008438,128.0119415981487,126.37779115206621,126.8141860961914,,603700,76557724.14627075,,,
2020-06-11,125.90426547325694,125.95997305588912,120.11971590232866,120.24042510986328,,1119100,134561059.740448,,,
2020-06-12,122.49665993845191,122.95162878250848,118.51341217157682,120.83465576171875,,1082100,130755180.99975586,,,
2020-06-15,118.81981910432367,121.99527866433701,118.42056491983966,121.09463500976562,,795700,96355001.07727051,,,
2020-06-16,123.99154153169823,125.21716494933855,122.47810034310768,123.98226165771484,,709100,87915821.7414856,,,
2020-06-17,125.46785797875404,126.03424195848464,124.33509001929283,124.90147399902344,,648100,80948645.29876709,,,
2020-06-18,125.29143806311853,125.90424973094487,124.18652391990773,125.47713470458984,,446900,56075731.4994812,,,
2020-06-19,129.00544349338657,129.57182752884694,126.2570846899032,127.23200988769531,,1036100,131825085.44464111,,,
2020-06-22,129.2747111808263,130.90887595212925,128.65261951638652,130.8995819091797,,1635000,214020816.4215088,,,
2020-06-23,132.40373897026117,132.82155997953393,130.64887939711846,130.98313903808594,,1356900,177731021.3607788,,,
2020-06-24,128.63402927261143,129.395403974929,125.27287306907913,126.13638305664062,,858000,108225016.66259766,,,
2020-06-25,125.20789508488639,128.11408266162758,124.5022279088329,127.81697082519531,,929700,118831437.77618408,,,
2020-06-26,128.699045397519,128.8940361159575,126.23853256810543,126.99989318847656,,450300,57188051.902770996,,,
2020-06-29,128.20694049345633,128.87545984769883,126.9813169547624,128.5319061279297,,626600,80538092.37976074,,,
2020-06-30,128.3369300666997,130.388901679444,128.02124430593102,129.98965454101562,,463800,60289201.77612305,,,
2020-07-01,128.70830661315625,130.71386442170535,128.50403604926257,130.0639190673828,,472000,61390169.79980469,,,
2020-07-02,132.44087356265263,133.3507970819902,132.21802907786227,132.6358642578125,,536500,71159141.1743164,,,
2020-07-06,136.68411337851217,137.3340587482187,135.95987234627174,137.0090789794922,,695300,95262412.61444092,,,
2020-07-07,134.66926189932326,135.29136764913267,133.62934930456098,133.75933837890625,,670200,89645508.58154297,,,
2020-07-08,134.81783264046206,136.6748276194429,134.54857460231864,136.4427032470703,,433500,59147911.85760498,,,
2020-07-09,144.3163402831164,144.47419730457813,140.4630818416315,141.75369262695312,,1718400,243589545.41015625,,,
2020-07-10,141.79084882134666,142.52435555750847,140.50951783379574,142.51507568359375,,714100,101770015.5456543,,,
2020-07-13,144.4927781527655,145.1148697851118,139.67387380301463,140.13812255859375,,989100,138610617.02270508,,,
2020-07-14,140.47236940433822,142.9328960849126,140.25881896323813,142.84933471679688,,776300,110893938.54064941,,,
2020-07-15,144.39994362942497,145.98766651353372,143.61071504107377,145.41200256347656,,944200,137298012.82043457,,,
2020-07-16,144.42777994406654,145.38413117595593,143.47142871217716,144.0285186767578,,476100,68571977.7420044,,,
2020-07-17,144.36278997317845,145.39342278373684,143.60142937648317,145.1055908203125,,456800,66284233.88671875,,,
2020-07-20,146.4147775179765,148.46674912176996,146.17335909323754,148.34605407714844,,491600,72926920.18432617,,,
2020-07-21,151.34509032882312,152.21788023314178,150.20304238717608,150.89012145996094,,718300,108384374.24468994,,,
2020-07-22,153.07210492877343,153.46207219523387,151.90220312939203,152.70999145507812,,701900,107187143.00231934,,,
2020-07-23,151.96717295921113,152.85853672752785,149.29309582200747,149.73878479003906,,682700,102226668.37615967,,,
2020-07-24,146.2012281625232,147.6589619259184,145.76483318745153,147.2782745361328,,890400,131136575.64697266,,,
2020-07-27,150.6765700471165,153.56419777904372,150.49087338451048,153.0813751220703,,1168700,178906203.10516357,,,
2020-07-28,150.24947244887986,150.5465842820434,148.75459090519638,148.89385986328125,,596100,88755629.86450195,,,
2020-07-29,152.12502358201635,153.60133117358941,151.88361933782897,152.8863983154297,,459300,70220722.74627686,,,
2020-07-30,146.85114786661143,149.07025602065642,145.12414218667817,148.71742248535156,,790300,117531378.99017334,,,
2020-07-31,149.18167606706172,149.26523743308792,145.69981080517732,147.83535766601562,,701000,103632585.72387695,,,
2020-08-03,149.28382539837355,150.7787069248806,148.94956573506303,150.5558624267578,,443700,66801636.15875244,,,
2020-08-04,147.3061134255356,148.81028891481964,147.29683355150948,148.80099487304688,,466400,69400784.00878906,,,
2020-08-05,150.48159772091628,151.31723980990014,149.52523225462693,150.08233642578125,,338100,50742837.94555664,,,
2020-08-06,149.14456235142563,150.62087001964784,148.60603208543463,150.3980255126953,,446400,67137678.58886719,,,
2020-08-07,149.7480703466752,150.27732070339204,148.56887459659768,149.64593505859375,,370900,55503677.31323242,,,
2020-08-10,148.2067526228453,148.29960803130234,146.64688376853977,148.22532653808594,,378800,56147753.69262695,,,
2020-08-11,150.36087089896725,150.4908599679774,147.54752491644678,147.77035522460938,,502300,74225049.42932129,,,
2020-08-12,148.84742421889374,151.48435358152815,148.84742421889374,150.98297119140625,,315400,47620029.11376953,,,
2020-08-13,149.59951530540192,150.88084641168504,148.56888249551065,149.3488311767578,,399900,59724597.58758545,,,
2020-08-14,148.97741761801313,149.4416663573449,147.95607889213156,148.64315795898438,,274500,40802546.85974121,,,
2020-08-17,149.55307322103553,150.07302946413293,148.30887601905812,149.0052490234375,,310700,46295930.87158203,,,
2020-08-18,151.33581427082902,151.47508323024425,149.2466948731145,150.2123260498047,,641700,96391249.62615967,,,
2020-08-19,152.19003927747497,152.41286962571309,149.39525253950146,149.77593994140625,,554700,83080713.88549805,,,
2020-08-20,149.36736235800657,151.93002408043301,149.2652270840295,151.3264923095703,,430500,65146054.93927002,,,
2020-08-21,147.8260734962189,149.05168266555535,147.75179200599462,148.847412109375,,390300,58095144.94628906,,,
2020-08-24,152.72853658089312,152.7842441559216,151.20580146988374,152.1714324951172,,446100,67883676.03607178,,,
2020-08-25,153.9634603423538,153.9820200913456,152.18073269683046,153.74061584472656,,339900,52256435.32562256,,,
2020-08-26,154.1398730394442,156.59110600257682,154.1398730394442,156.41470336914062,,401900,62863069.28405762,,,
2020-08-27,156.07112763984287,156.12683521810075,152.83068071737384,153.99130249023438,,471500,72606899.12414551,,,
2020-08-28,154.40912031688873,155.04978578916106,153.54561036842506,154.79908752441406,,292800,45325172.82714844,,,
2020-08-31,153.6477663901514,154.77125462862637,152.4592906921891,153.58277893066406,,405700,62308533.41217041,,,
2020-09-01,153.83345808651842,154.55769916654793,152.90496059202883,154.46484375,,537800,83071192.96875,,,
2020-09-02,155.67188947844275,157.1946247650564,154.3998383083667,156.9346466064453,,503100,78953820.70770264,,,
2020-09-03,155.51403784044294,155.61617312326365,149.22810634556086,150.34230041503906,,480500,72239475.34942627,,,
2020-09-04,148.95883187761876,149.76663425400346,142.9328927867695,148.03033447265625,,702500,103991309.96704102,,,
2020-09-08,144.58563905910052,147.13900731170534,143.61071380182904,143.62928771972656,,985400,141532300.11901855,,,
2020-09-09,149.3302351422296,151.97644417133407,148.39245788996917,150.8343963623047,,994700,150034974.06158447,,,
2020-09-10,150.84372671237128,151.45652436243614,147.1854438922535,147.63111877441406,,503900,74391320.75042725,,,
2020-09-11,148.99598136211506,149.31166708304843,146.9718496295941,148.16033935546875,,385800,57160258.923339844,,,
2020-09-14,149.40452438489257,150.0730436657794,148.411025337444,149.20953369140625,,389100,58057429.55932617,,,
2020-09-15,149.22809884475322,149.80376268203673,148.37388296216474,149.18167114257812,,566500,84511416.70227051,,,
2020-09-16,149.80379087897597,150.1287706876256,147.50112092867448,147.60325622558594,,567600,83779608.23364258,,,
2020-09-17,147.94678817169174,149.51595121270353,147.60324863055217,148.95884704589844,,593100,88347492.18292236,,,
2020-09-18,150.5187136719283,150.57442124893765,147.86321054843035,148.6988525390625,,713200,106052021.63085938,,,
2020-09-21,144.5299213152596,145.00344993025448,142.21795748682004,144.73419189453125,,599900,86826041.7175293,,,
2020-09-22,145.18914723561937,146.0712311808093,143.88925642336153,145.98765563964844,,361500,52774537.51373291,,,
2020-09-23,144.19565855771188,144.5113442942602,140.97377123393255,141.23374938964844,,449500,63484570.35064697,,,
2020-09-24,141.9301338656793,143.9263979002207,140.89950103440142,142.3758087158203,,513700,73138452.9373169,,,
2020-09-25,139.20962788062386,142.09725576580476,138.74537911559636,141.1873321533203,,632200,89258631.3873291,,,
2020-09-28,144.7805929015528,146.3683296906778,144.38134581973978,145.84837341308594,,777100,113338770.97930908,,,
2020-09-29,145.21700562578818,146.2569324762763,144.96632149760822,145.37486267089844,,488200,70972007.95593262,,,
2020-09-30,144.90131382209998,145.80195750714265,143.53642139910733,144.669189453125,,507200,73376212.890625,,,
2020-10-01,145.2077180926418,146.16406934888334,144.30707441750218,145.6069793701172,,462700,67372349.35455322,,,
2020-10-02,143.67570874579496,144.7434752073777,142.83077261762216,143.25787353515625,,542400,77703070.60546875,,,
2020-10-05,143.7221176336452,145.54197891480976,143.6664100520963,145.4027099609375,,290700,42268567.78564453,,,
2020-10-06,144.55776942218026,145.1891408840142,142.74720223868988,143.0350341796875,,667800,95518795.82519531,,,
2020-10-07,142.422210904553,143.5456989551693,141.5122874496439,143.2857208251953,,880900,126220391.47491455,,,
2020-10-08,144.42779502001727,145.1148741314948,143.95425220778483,144.95703125,,377100,54663296.484375,,,
2020-10-09,145.4862774637721,146.4333488932526,145.40271608792762,145.9040985107422,,282500,41217907.82928467,,,
2020-10-12,146.851157502684,148.05820699994823,146.65616680781392,147.41754150390625,,313900,46274366.27807617,,,
2020-10-13,145.81123694821187,146.3776209735376,144.83632593561177,145.4027099609375,,357700,52010549.353027344,,,
2020-10-14,147.0368636993284,147.35254944699204,145.3005779194309,146.18264770507812,,369100,53956015.267944336,,,
2020-10-15,141.82799227774328,143.03504185408207,141.26160823941686,142.80291748046875,,574700,82068836.67602539,,,
2020-10-16,144.51134131359166,145.9690890981249,143.6478454930057,144.0285186767578,,679300,97838572.73712158,,,
2020-10-19,144.9013172667823,145.11486772434677,141.31731635789774,141.6051483154297,,388300,54985279.09088135,,,
2020-10-20,140.9737762814549,141.88369985904006,139.6274577480616,139.88743591308594,,545700,76336573.777771,,,
2020-10-21,137.6311803504053,139.144635807901,137.4919113926132,137.76116943359375,,847600,116766367.21191406,,,
2020-10-22,136.10844878864398,137.96544383863244,134.98497471733978,137.0833740234375,,844500,115766909.36279297,,,
2020-10-23,137.4733319316479,139.09820248984965,136.62839584112373,138.9774932861328,,1204100,167342799.66583252,,,
2020-10-26,109.81339315838294,110.20336748129671,105.1337721221532,106.7957763671875,,11290200,1205745674.3408203,,,
2020-10-27,110.0548013445543,110.1847904205249,105.71871996384245,106.31295776367188,,6608600,702579812.677002,,,
2020-10-28,101.8283136800268,102.45040527163336,99.99917256941268,100.3798599243164,,5486700,550754177.4467468,,,
2020-10-29,99.16353352611348,102.01402050143055,98.47644029171235,100.86267852783203,,2824800,284916894.3054199,,,
2020-10-30,100.27773138104251,100.41700742473539,98.10505060137938,99.19139099121094,,2615900,259474759.6939087,,,
2020-11-02,98.70856085282806,98.72713476864851,97.15797182386495,98.26288604736328,,2235600,219676508.04748535,,,
2020-11-03,100.74197454935215,102.77538625640439,100.5934115552874,101.8654556274414,,1834500,186872178.34854126,,,
2020-11-04,103.65745758085272,105.64444161138204,102.96108447434366,104.40953826904297,,1836800,191779439.89257812,,,
2020-11-05,108.69919547504996,108.75490305484502,106.06226613460812,107.40858459472656,,2559800,274944494.84558105,,,
2020-11-06,108.35564664614817,108.47635584505717,106.74935006813106,106.88862609863281,,1770200,189214245.9197998,,,
2020-11-09,111.46611220193165,111.5125328201496,106.9814682006836,106.9814682006836,,3263900,349176814.0602112,,,
2020-11-10,110.7604622357113,110.76974919374406,108.25351485736944,108.429931640625,,2269500,246081729.85839844,,,
2020-11-11,110.49120883224812,111.16901516299764,110.02696005564204,110.9647445678711,,1725700,191491859.70077515,,,
2020-11-12,110.81616052935449,111.06685878811594,108.83846366651767,109.033447265625,,1525700,166352330.49316406,,,
2020-11-13,111.07614860440547,111.81894940605382,110.7233221197529,111.70752716064453,,1052100,117527489.32571411,,,
2020-11-16,111.93966003350846,112.0603692461779,109.9991035946196,110.44477844238281,,849100,93778661.37542725,,,
2020-11-17,109.05202405903971,109.2377278017309,108.10495976487174,108.62491607666016,,1367600,148555435.22644043,,,
2020-11-18,110.0176675182356,110.91831123260458,109.45128347278445,109.49771118164062,,1600800,175283936.0595703,,,
2020-11-19,109.47913662570014,110.19407653808594,109.0334547372904,110.19407653808594,,1469900,161974273.10333252,,,
2020-11-20,108.92202846458697,109.29342884387603,108.38350535268451,108.65276336669922,,1374000,149288896.86584473,,,
2020-11-23,109.40485614695723,109.56269901320258,107.91926164490881,108.9963150024414,,1365400,148823568.5043335,,,
2020-11-24,108.81061501432931,108.86632259273992,107.42714875689857,108.44850158691406,,1705000,184904695.20568848,,,
2020-11-25,108.25350938138378,109.69268319710596,108.21637571887791,109.64625549316406,,1040400,114075964.21508789,,,
2020-11-27,110.89045747122347,111.43826759973273,110.61190538575768,110.72332763671875,,504900,55904208.1237793,,,
2020-11-30,112.97958073971313,113.16527741381697,111.43827142592997,112.49676513671875,,1918100,215780045.20874023,,,
2020-12-01,113.42525358108685,114.37231787728373,112.97957168154664,114.2237548828125,,1288500,147177308.1665039,,,
2020-12-02,113.7037955316715,114.0473421343013,113.04456320003588,113.74093627929688,,582000,66197224.91455078,,,
2020-12-03,113.06313425008763,114.2701837993888,113.06313425008763,113.65737915039062,,602800,68512668.15185547,,,
2020-12-04,114.90155837607014,115.9321911027593,114.85513067044968,115.72792053222656,,624800,72306804.74853516,,,
2020-12-07,114.31661364277186,114.96655905292613,114.21447835205137,114.40946197509766,,537300,61472203.91921997,,,
2020-12-08,114.186627517418,115.22654020059167,114.04735147338614,115.12440490722656,,516700,59484780.015563965,,,
2020-12-09,116.28502181324025,116.42429785129816,113.49024951321287,114.1866226196289,,871500,99513641.61300659,,,
2020-12-10,112.39462527342242,114.43731694105195,112.13464002281842,114.20519256591797,,765100,87378392.83218384,,,
2020-12-11,112.45961398957678,113.05385179242771,111.30827204816389,112.20891571044922,,1005500,112826064.74685669,,,
2020-12-14,112.43175390071487,113.40667906613328,112.41318706844072,112.63602447509766,,942300,106136925.86288452,,,
2020-12-15,114.17733904443119,114.43731721177647,113.59238108403052,114.27018737792969,,643900,73578573.65264893,,,
2020-12-16,115.25438424545993,116.50786145186518,115.2358174136337,116.06217956542969,,657600,76322489.28222656,,,
2020-12-17,118.98694207045111,119.57189999527056,118.66197646490994,119.46976470947266,,955100,114105572.27401733,,,
2020-12-18,119.3583591447378,119.3583591447378,117.40850868375695,118.23487091064453,,1318200,155857206.83441162,,,
2020-12-21,115.24510461343667,116.67499151874955,114.36302779656354,116.35929870605469,,831600,96764392.80395508,,,
2020-12-22,117.40849761632022,117.69633663769929,116.60070938296559,116.9256820678711,,860400,100602856.85119629,,,
2020-12-23,117.77061132548954,117.96560202076448,116.80498022632119,116.99067687988281,,616500,72124752.29644775,,,
2020-12-24,116.91639002105128,117.2785034375948,116.61927113865987,117.04637908935547,,223500,26159865.726470947,,,
2020-12-28,120.09185850531412,121.63316769468156,118.92195680192211,121.54960632324219,,1626100,197651814.84222412,,,
2020-12-29,122.51523617932968,122.89592353559709,120.52825219516754,120.65824127197266,,1058500,127716748.38638306,,,
2020-12-30,121.21535067413998,121.92100366918446,121.01108009204206,121.29891204833984,,407200,49392916.986083984,,,
2020-12-31,121.32676588472077,121.50318267548415,120.37969447352906,121.06678771972656,,379000,45884312.54577637,,,
2021-01-04,122.24597794202626,122.37596701860856,118.50412725966223,119.99901580810547,,1005400,120647010.49346924,,,
2021-01-05,119.83188022615886,121.00179609609846,119.67403735768622,120.68609619140625,,879800,106179627.42919922,,,
2021-01-06,119.77617125079138,121.49389720326964,119.25621494475921,120.46326446533203,,1000000,120463264.46533203,,,
2021-01-07,118.90339134700186,120.22185613860765,118.67126696465404,119.59048461914062,,981200,117342183.50830078,,,
2021-01-08,120.85324076004696,121.94886103454759,119.73904656815287,121.78173828125,,909800,110797025.48828125,,,
2021-01-11,118.88480976797563,120.48182654902948,118.838389144822,120.05472564697266,,1335200,160297069.6838379,,,
2021-01-12,120.0825802929202,120.32398453633488,118.76411557689148,120.14756774902344,,649200,77999800.98266602,,,
2021-01-13,119.49762681730705,119.86903432230952,118.88481505986374,118.90338897705078,,871000,103564851.79901123,,,
2021-01-14,116.99997286533439,118.18844854112628,116.86998378103675,117.08353424072266,,1060600,124178796.41571045,,,
2021-01-15,116.55428207336739,117.31564968796168,115.46794177276455,116.06217956542969,,1564300,181556067.49420166,,,
2021-01-19,117.41779062035866,118.1513044805582,116.28502255989542,117.99346160888672,,892400,105297365.13977051,,,
2021-01-20,117.67776533510093,118.87552790081175,117.57563004845225,118.5041275024414,,917100,108680135.33248901,,,
2021-01-21,118.47626971699096,118.96837930146397,117.7520428607215,118.75482177734375,,797500,94706970.36743164,,,
2021-01-22,117.4456429394282,119.18193575767425,117.24137236270823,118.36486053466797,,934300,110588289.19754028,,,
2021-01-25,118.55055547113115,124.04726579465905,117.58491726677994,120.36112976074219,,1742100,209681124.15618896,,,
2021-01-26,122.72877873431338,125.32857427097595,122.6637912839634,125.23573303222656,,1883900,235931597.45941162,,,
2021-01-27,122.4224047558197,124.10298301496096,121.30819638782185,122.73809051513672,,1829500,224549336.59744263,,,
2021-01-28,121.45674446557592,123.04448127741674,121.02034954755081,121.11320495605469,,1437200,174063898.1628418,,,
2021-01-29,120.52826057983383,120.95537567204721,117.07424867844831,117.17638397216797,,2396600,280824921.82769775,,,
2021-02-01,120.82537766619676,120.83465754030516,119.33049620543207,120.29612731933594,,1314700,158153318.58673096,,,
2021-02-02,120.71394833816215,121.15034327295194,119.62760802211528,120.29612731933594,,1308600,157419512.210083,,,
2021-02-03,120.67681171297914,122.00455623298693,120.41683356685529,121.27104949951172,,835300,101297707.64694214,,,
2021-02-04,121.85600246541895,123.03518394898812,121.41031351780248,122.8494873046875,,732700,90011819.34814453,,,
2021-02-05,121.75387900908134,122.07884462622752,120.89036898599889,120.97393035888672,,572500,69257575.13046265,,,
2021-02-08,122.30168267750241,122.59879448803092,121.38246512092904,122.097412109375,,554800,67739644.23828125,,,
2021-02-09,121.52174684294828,122.70092836537368,121.41031751849945,122.1345443725586,,630300,76981403.31802368,,,
2021-02-10,121.96742497321803,121.96742497321803,119.86902584736819,120.39826202392578,,701500,84459380.80978394,,,
2021-02-11,122.45953666089993,123.28589888236633,122.13455686361914,123.04449462890625,,782000,96220794.79980469,,,
2021-02-12,121.54960872407693,122.57094745325213,121.43817939220989,122.49666595458984,,799700,97960583.7638855,,,
2021-02-16,121.81887290545323,122.06029133022152,121.06679217420911,121.41033172607422,,587900,71377134.02175903,,,
2021-02-17,117.77061356414168,118.04916563365225,116.32215980398286,117.27851104736328,,1692100,198446968.5432434,,,
2021-02-18,118.01202150295236,119.89687722938575,117.26922781200341,119.47904205322266,,1197400,143064204.9545288,,,
2021-02-19,118.98694859461452,119.03337630302227,117.49207414134246,117.7520523071289,,773800,91116538.07525635,,,
2021-02-22,117.07423515578596,117.82632287574927,116.5821326613628,116.73998260498047,,740800,86480979.11376953,,,
2021-02-23,115.46794122534547,116.76783904709029,114.33517322473747,115.93218994140625,,1394200,161632659.2163086,,,
2021-02-24,115.86719800119482,117.56635004018626,115.17082491149735,117.51063537597656,,606100,71223196.1013794,,,
2021-02-25,116.57285385045641,117.10209709621051,114.4651607412463,114.8458480834961,,735200,84434667.51098633,,,
2021-02-26,115.31938809397147,115.48651792939529,114.05663091163008,114.53016662597656,,727700,83343602.25372314,,,
2021-03-01,115.13369149749896,115.85791842349889,115.0594099964031,115.5236587524414,,551200,63676640.7043457,,,
2021-03-02,116.7956967611621,116.82355055164196,115.85791233972373,116.37786865234375,,584500,68022864.22729492,,,
2021-03-03,115.0315521860719,115.79291983602296,113.95449879330206,114.31661224365234,,781300,89315569.14596558,,,
2021-03-04,114.85512956901542,115.85790849626521,112.24605405047727,113.31382751464844,,1044800,118390286.98730469,,,
2021-03-05,113.47167698753617,114.73443413602446,112.38533662834179,114.27947235107422,,1146100,130975703.26156616,,,
2021-03-08,113.75951091787732,115.85791725753735,113.51810666755598,114.27018737792969,,817500,93415878.18145752,,,
2021-03-09,117.584919171131,118.56912422363852,116.7956977374859,117.20423889160156,,927100,108660049.87640381,,,
2021-03-10,117.61276818508175,117.7798980064436,116.59142242514737,116.9256820678711,,901200,105373424.67956543,,,
2021-03-11,118.02131091658964,118.17915378226508,117.37136553800055,117.77989959716797,,890400,104871222.60131836,,,
2021-03-12,115.45865524414214,115.56079052924927,114.3444611497212,114.966552734375,,789300,90743100.07324219,,,
2021-03-15,114.10305280008915,114.53016078352361,113.33239820473253,113.99163055419922,,797500,90908325.36697388,,,
2021-03-16,113.80593256360892,114.25161445808148,113.42525229138352,113.43453216552734,,635100,72042271.37832642,,,
2021-03-17,113.62023905216223,115.28225038958934,113.08170881422804,114.7808609008789,,740000,84937837.06665039,,,
2021-03-18,113.47167806337006,114.21447889324348,112.9517217327829,113.08171081542969,,1071800,121200977.65197754,,,
2021-03-19,113.49024669200257,114.88299287021289,113.48095973399663,114.36302947998047,,789000,90232430.25970459,,,
2021-03-22,113.6945037416301,115.25437965623289,113.6666499530632,114.15875244140625,,829600,94706101.02539062,,,
2021-03-23,113.31382861249098,114.33517438138225,113.11884499983775,113.57380676269531,,989700,112403996.55303955,,,
2021-03-24,112.87744462736178,113.38812110326471,112.2460660225518,112.4317626953125,,860800,96781261.328125,,,
2021-03-25,112.00464054921385,112.90528417460423,111.49397122161616,112.79386901855469,,1008500,113752616.9052124,,,
2021-03-26,112.75673962659408,113.97306909510755,112.23677620513415,113.93592834472656,,936800,106735177.67333984,,,
2021-03-29,112.94243073602688,114.25161555799659,112.8960030293672,113.69451141357422,,1153800,131180727.26898193,,,
2021-03-30,112.93314022613312,113.1374107948138,112.40389697267553,112.84957885742188,,689800,77843639.49584961,,,
2021-03-31,112.76601780440062,114.084489629527,112.75673792985037,114.01020812988281,,851500,97079692.22259521,,,
2021-04-01,116.19216854872448,116.85140087807441,116.01575176908392,116.75855255126953,,786800,91865629.14733887,,,
2021-04-05,117.44564256835797,122.6823747972173,117.28779969916344,122.37596893310547,,2431300,297532693.2670593,,,
2021-04-06,119.68331632163056,120.26827425215127,119.2097877198142,119.26549530029297,,1741500,207700860.0654602,,,
2021-04-07,120.51897574381884,121.05750598237651,120.16614216772139,120.50968170166016,,987200,118967157.7758789,,,
2021-04-08,123.09092533029032,124.11226412075371,122.16242779291557,123.65729522705078,,1591000,196738756.7062378,,,
2021-04-09,123.12804317727107,124.35365240189839,123.04448180990366,124.22366333007812,,972400,120795090.22216797,,,
2021-04-12,122.79379073860609,123.33232097278785,122.65452178482938,122.93305969238281,,704600,86618633.85925293,,,
2021-04-13,123.61088140842313,124.93862608338581,123.51802598779372,124.81791687011719,,1056500,131870129.17327881,,,
2021-04-14,129.0611489485385,129.0611489485385,125.82068766231932,126.247802734375,,1427600,180231363.18359375,,,
2021-04-15,128.48548089346232,129.40468429608703,128.19764895252948,129.24684143066406,,1148200,148401223.33068848,,,
2021-04-16,128.7733375631129,129.70183518584182,128.6247745432164,129.3397216796875,,636800,82363534.765625,,,
2021-04-19,129.20971363746008,129.80395146218314,128.9033077667478,129.55325317382812,,699800,90661366.57104492,,,
2021-04-20,129.52539775026372,129.8410834914746,128.56904648452382,129.1632843017578,,553000,71427296.21887207,,,
2021-04-21,128.71760767997907,131.85591946720882,128.6061783504805,131.7537841796875,,914000,120422958.74023438,,,
2021-04-22,132.18091603036484,135.02211635778457,132.04164706049082,133.47152709960938,,1113400,148607198.27270508,,,
2021-04-23,132.2737314072684,133.74074467160662,132.16230209735764,133.6479034423828,,806200,107746939.75524902,,,
2021-04-26,133.0629772700611,133.2765277326046,132.36660413034528,132.9794158935547,,572200,76090821.77429199,,,
2021-04-27,133.20224433724715,133.3229393661761,132.1808915217186,132.4501495361328,,518300,68648912.50457764,,,
2021-04-28,132.72871685896172,134.15861096517372,132.45016477107322,133.77792358398438,,1007100,134727746.84143066,,,
2021-04-29,133.76864660861787,133.88006177908906,132.28304488617778,133.49937438964844,,876500,117012201.65252686,,,
2021-04-30,132.03232848345195,132.29230662407417,129.49753452851218,129.93392944335938,,805600,104674773.55957031,,,
2021-05-03,131.196699969102,131.69808238676654,130.55603442537966,130.9367218017578,,589200,77147916.4855957,,,
2021-05-04,128.21619731364083,128.61545854651385,125.76496484476012,126.94416046142578,,1201700,152548797.62649536,,,
2021-05-05,129.20043977027356,129.46971201737776,128.04911177444714,128.27194213867188,,517100,66329421.27990723,,,
2021-05-06,130.2496113760518,131.5495020413834,129.57181225539645,131.54022216796875,,890100,117083951.75170898,,,
2021-05-07,131.77236261652493,132.52444331964372,131.32668778648184,131.60523986816406,,695300,91505123.28033447,,,
2021-05-10,130.81599746928984,130.97384032637603,129.37682367289162,129.54396057128906,,833100,107923073.55194092,,,
2021-05-11,126.82346577832678,128.30906739451217,126.60991532761474,127.97480773925781,,1113800,142538340.85998535,,,
2021-05-12,126.45206685870116,127.33413658086279,125.4585678112243,125.8114013671875,,705000,88697037.96386719,,,
2021-05-13,127.93388891971401,128.4529508155264,126.9995919076372,127.62245178222656,,611000,77977318.03894043,,,
2021-05-14,129.3966900982555,131.08598486517712,129.03806290958784,131.010498046875,,690800,90502052.05078125,,,
2021-05-17,129.80251161951188,130.18001776724938,129.26458515951816,129.6326446533203,,493600,63986673.400878906,,,
2021-05-18,130.19887463380144,131.07654927798674,129.95349207921527,130.2366180419922,,512800,66785337.731933594,,,
2021-05-19,128.55675383478396,129.58543089861683,128.028259724939,129.3872528076172,,848800,109823900.18310547,,,
2021-05-20,130.18000158776834,132.8885412593626,130.057310304954,132.2845458984375,,475000,62835159.30175781,,,
2021-05-21,132.42610457497656,132.690351622387,131.7371614010142,131.9825439453125,,335900,44332936.51123047,,,
2021-05-24,133.23771071650663,134.1248319791385,133.14334499944238,133.48309326171875,,371700,49615665.76538086,,,
2021-05-25,133.2943632872997,133.57747487256273,132.6242989346102,133.04898071289062,,436200,58035965.38696289,,,
2021-05-26,133.92667764381696,134.2192358992519,133.1056107974823,133.58692932128906,,324700,43375675.95062256,,,
2021-05-27,131.85043225323543,131.88817566323067,130.51975024483414,130.5669403076172,,713700,93185625.29754639,,,
2021-05-28,132.12411340248005,132.9923558482215,131.9542464545762,132.05804443359375,,485400,64100974.768066406,,,
2021-06-01,133.25659836873987,133.3320995875786,131.67111597428155,132.1524200439453,,449300,59376082.32574463,,,
2021-06-02,131.14263304339366,132.18074249022254,131.09544297754093,131.3125,,615700,80849106.25,,,
2021-06-03,130.13280712648515,130.61411118832729,129.7458687863691,130.0856170654297,,682700,88809450.77056885,,,
2021-06-04,131.2369875650104,132.0108642578125,130.97274049926943,132.0108642578125,,234400,30943346.58203125,,,
2021-06-07,132.86965113537468,133.3226584181078,132.67147304951501,132.98291015625,,279800,37208618.26171875,,,
2021-06-08,134.70051541404376,134.8137744344527,133.31321121720225,133.7001495361328,,545300,72906691.54205322,,,
2021-06-09,132.7281165022944,133.36042306806533,131.9731186445248,132.09580993652344,,486800,64304240.27709961,,,
2021-06-10,132.32229659607384,134.01159130523115,132.07691404363507,133.9644012451172,,505800,67759194.14978027,,,
2021-06-11,134.28526197812675,135.48382030610287,134.23808632143096,135.43663024902344,,409200,55420669.09790039,,,
2021-06-14,136.84283310855983,137.74883337427588,136.41815133416213,137.6355743408203,,611700,84191680.82427979,,,
2021-06-15,137.97531302933186,138.06024649821796,135.67257631474394,136.10670471191406,,880200,119801121.48742676,,,
2021-06-16,136.58801526856806,136.98438587594836,133.98328796276093,134.50234985351562,,615800,82826547.03979492,,,
2021-06-17,132.728112257895,134.34192030727576,132.69036884638734,133.83229064941406,,426500,57079471.9619751,,,
2021-06-18,132.79417320493687,133.03954136587592,131.7749283511834,132.29397583007812,,847100,112066226.92565918,,,
2021-06-21,132.8979720391633,133.11502902096873,131.84096948350086,132.86021423339844,,730500,97054386.49749756,,,
2021-06-22,132.17128493052772,133.40758665707037,131.8787267387973,133.29434204101562,,584100,77857225.18615723,,,
2021-06-23,132.93573566162513,133.21886164638553,130.81231237650076,130.9066925048828,,472200,61814140.200805664,,,
2021-06-24,133.6907293684515,134.3419147932214,133.05842284885352,133.284912109375,,707800,94339060.79101562,,,
2021-06-25,133.01124026518056,133.1811072201231,132.1524300363859,132.4638671875,,326800,43289191.796875,,,
2021-06-28,133.4642235122579,133.83228295493657,132.92629712698215,133.51141357421875,,406400,54259038.4765625,,,
2021-06-29,134.84209667856348,135.04027477990482,134.25696582608543,134.79490661621094,,331900,44738429.50592041,,,
2021-06-30,133.5586087883177,133.96441165598824,132.2373590043703,132.55824279785156,,421800,55913066.81213379,,,
2021-07-01,132.19960488005967,133.030103854072,131.90704666886475,132.60540771484375,,413300,54805815.00854492,,,
2021-07-02,132.9168611534871,133.79455029524453,132.71868303786803,133.7473602294922,,256500,34306197.898864746,,,
2021-07-06,134.53065622562366,134.95533797553963,133.12447304439732,133.7379150390625,,427800,57213080.05371094,,,
2021-07-07,139.38150024414062,139.49474487261304,137.5223241246648,139.38150024414062,,927000,129206650.72631836,,,
2021-07-08,136.3143307424194,138.428307234439,136.21995062028932,137.890380859375,,966200,133229685.98632812,,,
2021-07-09,138.28676105677746,139.93831250607397,138.03194622963514,139.7778778076172,,503800,70420094.83947754,,,
2021-07-12,140.03268981171848,141.1746115837093,139.55137132566563,140.58006286621094,,589100,82815715.03448486,,,
2021-07-13,140.40074257990764,142.1277951350189,140.37243142329802,141.18405151367188,,611300,86305810.69030762,,,
2021-07-14,141.73141101234154,142.1561071648644,140.73104507163018,141.7502899169922,,547100,77551583.61358643,,,
2021-07-15,139.97606334439095,140.41960960603623,139.04175195833832,139.38150024414062,,435000,60630952.60620117,,,
2021-07-16,140.24973492012512,140.42904850556323,139.06062318566055,139.34373474121094,,393200,54789956.50024414,,,
2021-07-19,136.6823920883606,137.2014539665607,136.08782899147815,136.66351318359375,,587100,80235148.59008789,,,
2021-07-20,134.62501428487516,136.40868905330498,134.50233741323268,135.9934539794922,,1081400,147063321.13342285,,,
2021-07-21,128.66056294621742,132.30341371149518,128.4340593047157,131.04823303222656,,2498800,327463324.70092773,,,
2021-07-22,130.60468468476992,132.37892737577698,130.60468468476992,131.49180603027344,,848000,111505051.51367188,,,
2021-07-23,132.13353545298338,132.18072551277496,130.27435942019318,130.9633026123047,,821700,107612545.75653076,,,
2021-07-26,131.2652999248528,131.50123583573952,130.4819909726626,130.8594970703125,,685800,89743443.09082031,,,
2021-07-27,133.6812904190736,133.79454945624624,132.17130912717144,133.4642333984375,,829700,110735274.4506836,,,
2021-07-28,133.69071545891143,135.26676546773328,133.2754659906453,134.92701721191406,,642900,86744579.36553955,,,
2021-07-29,135.56877001957804,136.512513672761,135.54990551479182,136.21995544433594,,499000,67973757.76672363,,,
2021-07-30,135.25735020966758,136.05952369197917,135.03084654386956,135.6348419189453,,709400,96219356.8572998,,,
2021-08-02,135.00253990382566,136.47477777982013,134.71941391219917,135.25735473632812,,382800,51776515.393066406,,,
2021-08-03,136.38039268088872,137.37132641528927,135.8613451822659,137.35244750976562,,742400,101970457.03125,,,
2021-08-04,137.6733284902286,138.77750683444768,137.4373925773514,138.15463256835938,,1003100,138582911.9293213,,,
2021-08-05,140.17424937445574,140.9009360491639,140.09874815107435,140.56118774414062,,574200,80710234.00268555,,,
2021-08-06,138.6925771602215,139.23993582074783,138.12632519365437,138.13575744628906,,490300,67727961.87591553,,,
2021-08-09,138.16406104036028,138.43775475602493,137.7865693502396,138.3150634765625,,480600,66474219.50683594,,,
2021-08-10,138.97567630321822,139.19274769785716,136.97494449443784,137.55062866210938,,390400,53699765.4296875,,,
2021-08-11,138.21125771500513,138.38113906395753,136.82395336683382,137.0693359375,,359500,49276426.26953125,,,
2021-08-12,138.1829448158974,139.5702491465896,137.62613951320745,139.43812561035156,,375600,52372959.97924805,,,
2021-08-13,139.45701606803092,139.99494250999484,139.14557890673112,139.9571990966797,,221400,30986523.880004883,,,
2021-08-16,139.15499354581996,140.11761606795426,138.79638076336585,139.6079864501953,,644100,89921504.0725708,,,
2021-08-17,139.48530912301405,140.60836632849032,139.35318559298065,140.54229736328125,,497000,69849521.78955078,,,
2021-08-18,140.34411429825224,140.674415911446,139.2210571325481,139.27767944335938,,317200,44178879.919433594,,,
2021-08-19,137.37131926043025,139.3154288169269,137.3618870083525,138.7491912841797,,543100,75354685.78643799,,,
2021-08-20,139.1361328989497,139.6457625835828,138.87188580335726,139.5230712890625,,305900,42680107.50732422,,,
2021-08-23,139.41923410509287,140.69329368969127,138.90017225950155,140.5706024169922,,259300,36449957.206726074,,,
2021-08-24,139.53251571624966,140.32525699037754,139.29657978463638,139.89112854003906,,290100,40582416.38946533,,,
2021-08-25,139.13612281285666,139.3815053841093,138.57931750182058,138.71144104003906,,358300,49700309.324645996,,,
2021-08-26,138.97568897095587,139.43812855775667,138.5981972595494,138.85301208496094,,261100,36254521.4553833,,,
2021-08-27,139.2493830225568,140.67443079683977,139.1361239885656,140.3535614013672,,338100,47453539.109802246,,,
2021-08-30,140.41961169729962,141.50492553773572,140.1836757842116,141.44830322265625,,291000,41161456.23779297,,,
2021-08-31,141.9013045774586,142.2693640477358,140.91037080351654,141.6936798095703,,451000,63903849.59411621,,,
2021-09-01,142.297666012826,142.95828368597486,141.63704833967716,141.6653594970703,,363500,51495358.17718506,,,
2021-09-02,141.15574241851127,141.2501081417932,140.48567810139986,140.5989227294922,,211500,29736672.157287598,,,
2021-09-03,139.82505767657884,141.56154247484457,139.40980818125772,141.40110778808594,,479200,67759410.85205078,,,
2021-09-07,142.24105045744082,142.42036406304203,141.193494382958,141.2029266357422,,383300,54123081.77947998,,,
2021-09-08,138.97567734069466,139.47586029662372,138.38112866500393,138.47549438476562,,544800,75441449.34082031,,,
2021-09-09,138.27731365859404,138.73030654581973,137.2863800174756,137.48455810546875,,345700,47528411.73706055,,,
2021-09-10,138.4188863041916,138.69258004052443,136.8050926466165,136.90890502929688,,434400,59473228.34472656,,,
2021-09-13,137.7205008419415,137.88094993118014,136.54082130591286,137.09764099121094,,542100,74320631.18133545,,,
2021-09-14,136.92775268921056,137.35243442051552,136.34263627720748,136.984375,,1336300,183052220.3125,,,
2021-09-15,137.36189468114102,137.48457156654376,135.23847141386247,136.13502502441406,,735800,100168151.41296387,,,
2021-09-16,136.58801733293532,136.8333999033928,135.67258482096466,136.71070861816406,,448800,61355766.02783203,,,
2021-09-17,136.89945956706683,136.9749607915263,134.37966560232456,135.25735473632812,,549300,74296864.95666504,,,
2021-09-20,131.5673087190427,132.463862327021,130.3498713184147,131.34080505371094,,829300,108920929.63104248,,,
2021-09-21,134.03046409271445,134.78546181892898,133.256587463239,133.8511505126953,,668000,89412568.54248047,,,
2021-09-22,133.8039680165831,134.52120797681016,133.28490615045214,133.8134002685547,,320200,42847050.76599121,,,
2021-09-23,135.7858400963076,136.84282836938232,135.5876475949135,136.72958374023438,,297400,40663378.2043457,,,
2021-09-24,134.23808828894815,134.74770347187797,133.58690293270507,134.56838989257812,,451700,60784541.71447754,,,
2021-09-27,134.14372642979254,134.56840820676206,133.32267403429242,134.4834747314453,,360900,48535086.03057861,,,
2021-09-28,131.22756242894854,131.30306365188093,129.72701342418026,129.83082580566406,,716800,93062735.9375,,,
2021-09-29,129.79305535003334,129.97236893698144,128.4151977668043,128.6699981689453,,432600,55662641.20788574,,,
2021-09-30,128.19813593426323,128.61338545072005,127.35820464884301,127.4431381225586,,458600,58445423.14300537,,,
2021-10-01,128.44351109972,128.52844456853998,126.42390035004348,128.30194091796875,,488700,62701158.52661133,,,
2021-10-04,127.56583380441035,127.60359161650916,125.60284518646604,126.24459838867188,,456300,57605410.24475098,,,
2021-10-05,125.84821393031935,126.5277104695456,125.73495490685869,125.91426849365234,,698800,87988890.82336426,,,
2021-10-06,125.66891227339087,128.15094836720164,125.49903092226512,128.1132049560547,,700100,89692054.78973389,,,
2021-10-07,127.91500025392689,129.2834399840296,127.77344447513633,128.02825927734375,,568700,72809671.05102539,,,
2021-10-08,129.04750247013786,129.05693472181102,127.74513172003248,127.82063293457031,,525300,67144178.48052979,,,
2021-10-11,127.65075450980041,128.1698163713328,127.33931739288099,127.51863098144531,,670200,85462986.48376465,,,
2021-10-12,127.81120446028724,128.00939697668477,126.90521855774898,127.05622100830078,,526100,66844277.87246704,,,
2021-10-13,133.1056054384236,133.8889144393919,132.19961954841682,133.68128967285156,,991600,132558366.83959961,,,
2021-10-14,135.7480951171199,137.2958342634353,135.46496911710403,136.88058471679688,,682000,93352558.77685547,,,
2021-10-15,137.59782336950764,138.13574974741843,137.0881937479238,137.81488037109375,,471400,64965934.606933594,,,
2021-10-18,137.16370544268815,137.36189795519448,136.71071250031287,137.1920166015625,,468400,64260740.576171875,,,
2021-10-19,137.37132311545204,137.8715060969218,136.24826587013442,136.2954559326172,,559400,76243678.04870605,,,
2021-10-20,137.09766131873548,137.10709357228365,135.46497423051554,135.56878662109375,,647000,87713004.94384766,,,
2021-10-21,131.39741530151903,133.07727773071255,130.03842223511882,131.61448669433594,,1417300,186537211.99188232,,,
2021-10-22,133.64353564830685,134.34191111670145,132.83191555275064,133.80397033691406,,764800,102333276.51367188,,,
2021-10-25,135.71034033000785,136.62577282645057,134.82321899115527,136.57858276367188,,742800,101450571.27685547,,,
2021-10-26,137.69218822719404,138.35282028068312,137.35243994839973,137.53175354003906,,848800,116736952.40478516,,,
2021-10-27,136.5030800815533,137.26751012907235,136.4275788619929,136.72958374023438,,538600,73642553.80249023,,,
2021-10-28,138.579326001513,139.5608275459522,138.54158258844373,139.17388916015625,,539000,75014726.25732422,,,
2021-10-29,136.37096105288384,137.3902059500451,136.19164745055193,136.6352081298828,,609900,83333813.43841553,,,
2021-11-01,137.4562418863109,138.25842966156563,136.93719445567,138.0130615234375,,615400,84933238.06152344,,,
2021-11-02,138.88130943483395,139.18329989385617,138.00362041252004,138.70199584960938,,443100,61458854.360961914,,,
2021-11-03,139.49474525655384,141.26898790955875,139.14556471754614,141.0236053466797,,427600,60301693.646240234,,,
2021-11-04,140.10818336476498,140.99529026619794,139.95718093033116,140.54229736328125,,456700,64185667.20581055,,,
2021-11-05,140.88204505435442,141.2406722345463,140.0515460688089,141.11798095703125,,550100,77629001.32446289,,,
2021-11-08,140.53288111855588,141.48605709376866,140.26863402839024,140.32525634765625,,390900,54853142.70629883,,,
2021-11-09,140.9009366875066,141.04249248174682,139.796758291275,139.98550415039062,,340200,47623068.51196289,,,
2021-11-10,138.84354191803814,139.3531714825527,137.45623779296875,137.45623779296875,,373400,51326159.19189453,,,
2021-11-11,137.52233415142794,137.74883782527226,136.75790405273438,136.75790405273438,,292200,39960659.564208984,,,
2021-11-12,135.87076675942183,135.8990779152901,134.38908240052197,134.39852905273438,,561900,75518533.47473145,,,
2021-11-15,134.34193101928872,134.70999051247637,133.36987609111662,133.42649841308594,,411800,54945032.04650879,,,
2021-11-16,133.56804439930687,134.92703762821796,133.4642320165321,134.25697326660156,,482600,64792415.298461914,,,
2021-11-17,134.21922754637163,134.2569709574651,133.60579991349877,133.98329162597656,,314500,42137745.21636963,,,
2021-11-18,132.84135927806736,134.464599609375,132.76585805331047,134.464599609375,,381900,51352030.59082031,,,
2021-11-19,134.37022126561143,134.84209307575853,132.85079346092238,133.02066040039062,,563000,74890631.80541992,,,
2021-11-22,130.2271844631169,130.40648365067685,128.28306055206318,128.31138610839844,,687200,88175584.5336914,,,
2021-11-23,127.37707382146391,128.08488151578172,126.64095497140414,127.84894561767578,,548000,70061222.19848633,,,
2021-11-24,124.14003129136864,126.1785209970846,123.9229742876369,126.14077758789062,,652400,82294243.29833984,,,
2021-11-26,125.14041542153237,125.63115175780923,122.96035546459179,123.32841491699219,,536500,66165694.60296631,,,
2021-11-29,124.84784027643195,125.61228472407615,123.90409663282624,125.45183563232422,,740900,92947265.01998901,,,
2021-11-30,123.46998618948136,123.98904808854334,120.53494279702427,121.21443939208984,,1516500,183821697.33810425,,,
2021-12-01,124.08341255200149,125.35747225487356,122.45074005010798,122.50736236572266,,1096300,134304821.36154175,,,
2021-12-02,122.34692396032172,123.32841100210503,121.62968398364872,122.84710693359375,,824500,101287439.66674805,,,
2021-12-03,123.18686569367634,123.35674705020038,120.85581757076596,121.72406005859375,,625300,76114054.75463867,,,
2021-12-06,123.17743184372908,125.24423285226105,122.73387115238268,125.13097381591797,,997900,124868198.77090454,,,
2021-12-07,125.2347835796932,127.34877460912134,125.2347835796932,126.93352508544922,,819900,104072797.21755981,,,
2021-12-08,126.85801245836223,127.14113841726609,126.27289603690949,126.952392578125,,519400,65939072.705078125,,,
2021-12-09,126.44276860102556,126.57489213434468,125.31971136762056,125.38578033447266,,346800,43483788.61999512,,,
2021-12-10,127.19776095872444,128.07544999287336,126.92408165153319,127.77344512939453,,556400,71093144.86999512,,,
2021-12-13,130.73681092903684,130.82174440420317,129.4533189473313,130.18943786621094,,875600,113993871.7956543,,,
2021-12-14,128.8965062625845,129.24568679633992,127.065641322727,127.97164154052734,,710700,90949445.64285278,,,
2021-12-15,128.415208927699,130.6801879903362,128.34913995818246,130.62356567382812,,606200,79184005.51147461,,,
2021-12-16,131.91648966997064,131.99199089197714,129.24569334308143,129.90631103515625,,559300,72656599.76196289,,,
2021-12-17,130.36873722069615,132.10522194721543,129.93460883887423,130.8311767578125,,1175200,153752798.92578125,,,
2021-12-20,128.53788232657334,129.14187768691812,127.97164477646686,128.707763671875,,773600,99568325.9765625,,,
2021-12-21,129.06636529042652,129.8874319875785,128.22643409017425,129.68923950195312,,487300,63197566.40930176,,,
2021-12-22,129.50993930020596,131.57674023355983,129.42500582632755,131.557861328125,,423200,55675286.9140625,,,
2021-12-23,131.34080527975513,132.4544303024042,131.34080527975513,132.19961547851562,,336400,44471950.646972656,,,
2021-12-27,131.98254357692954,133.39815892712735,131.98254357692954,133.34152221679688,,365100,48682989.76135254,,,
2021-12-28,132.75642257823193,133.6529761998322,132.36948421088908,133.54916381835938,,504400,67362198.22998047,,,
2021-12-29,132.50161355221704,132.83192961692527,131.85044247670737,132.161865234375,,465900,61574213.01269531,,,
2021-12-30,132.9829206486838,133.4925358814874,132.473291015495,132.50160217285156,,246600,32674895.095825195,,,
2021-12-31,132.3883552212281,132.99235056821587,132.124108156945,132.22792053222656,,254100,33599114.60723877,,,
2022-01-03,132.4261125733684,133.6057921064106,131.33136651061287,133.44534301757812,,811200,108250862.25585938,,,
2022-01-04,133.17166269289356,133.3698551891121,132.06748438637985,132.37892150878906,,749400,99204763.77868652,,,
2022-01-05,133.6718624818751,133.7190525488551,131.54843907125485,131.72775268554688,,902900,118936987.89978027,,,
2022-01-06,129.53824768179905,130.85005077388544,129.10413366880124,129.283447265625,,837300,108249030.39550781,,,
2022-01-07,129.35895175794008,130.64242932475855,128.93425558613538,130.48199462890625,,632300,82503765.20385742,,,
2022-01-10,129.39668622855953,130.8500450437645,128.8021231494197,130.8123016357422,,803500,105107684.36431885,,,
2022-01-11,129.99125840034188,131.15205908331978,129.7270113245483,130.982177734375,,720400,94359560.83984375,,,
2022-01-12,132.00140847012426,132.51103806191676,131.18035617270576,132.26565551757812,,591500,78235135.23864746,,,
2022-01-13,131.20868158147826,131.5578621320357,128.15094689970172,128.2642059326172,,657300,84308062.55950928,,,
2022-01-14,128.87761165624826,131.21809153320342,128.84930050292735,131.08596801757812,,1388800,182052192.3828125,,,
2022-01-18,128.75493468398994,130.05730548285354,128.07545252847936,128.44351196289062,,988000,126902189.81933594,,,
2022-01-19,129.5004980225789,130.8217333032265,129.00031506630629,129.0946807861328,,681300,87952206.01959229,,,
2022-01-20,131.44460916079947,131.95423877562467,129.18906250356054,129.30230712890625,,1018100,131642678.88793945,,,
2022-01-21,129.64205511149498,130.08561576027336,128.1037628192914,128.16038513183594,,1414800,181321312.88452148,,,
2022-01-24,124.72516515338286,126.39558105783695,122.375238263537,126.19740295410156,,1767900,223104388.68255615,,,
2022-01-25,123.44168045191878,126.37672397325859,122.5923024705964,124.87617492675781,,1474600,184142407.54699707,,,
2022-01-26,125.81990319902025,126.79195795139574,123.94184825782511,124.8384017944336,,1572900,196358322.1824646,,,
2022-01-27,116.948712164104,118.15670289217285,115.2122272925532,115.49534606933594,,2149000,248199498.70300293,,,
2022-01-28,112.96611158698627,115.16503601100791,112.34324452450112,115.10841369628906,,1479600,170314408.9050293,,,
2022-01-31,114.96685482509116,118.18502423041758,114.96685482509116,118.16614532470703,,1143000,135063904.10614014,,,
2022-02-01,119.43076462504537,120.6481876262997,118.27939619266002,120.4971923828125,,1289400,155369079.85839844,,,
2022-02-02,119.85543866617904,120.29899931563584,119.52512984217687,119.99700164794922,,989800,118773032.23114014,,,
2022-02-03,117.28846271763068,118.38320883616937,116.63727727814842,116.84490203857422,,1063900,124311291.27883911,,,
2022-02-04,117.53383484467153,119.32694921680603,117.29789893255364,119.0438232421875,,1343100,159887758.99658203,,,
2022-02-07,120.52550220523138,120.95019117323022,119.4118843961077,119.75163269042969,,1121800,134337381.55212402,,,
2022-02-08,118.23220988033196,118.81733356786813,117.73202687010908,118.61914825439453,,711300,84373800.15335083,,,
2022-02-09,118.48701837139068,119.26088787791006,117.90189471516668,119.18538665771484,,945900,112737457.23953247,,,
2022-02-10,116.59009404859282,119.06270506015044,116.52403227959131,116.88265228271484,,679500,79421762.22610474,,,
2022-02-11,116.67502395485164,117.19408583841332,113.26810882869157,113.57010650634766,,979100,111196491.28036499,,,
2022-02-14,111.91855119876992,112.81511194794442,110.8804346683189,111.69205474853516,,1384500,154637649.79934692,,,
2022-02-15,113.44741784882288,113.77772667040571,112.9283631863905,113.48516845703125,,703400,79825467.49267578,,,
2022-02-16,113.11712134192561,114.24017865776308,112.38100240220437,114.1080551147461,,766600,87475235.05096436,,,
2022-02-17,112.84342642577683,113.04161172558992,111.10694158920919,111.21074676513672,,724700,80594428.18069458,,,
2022-02-18,110.99369115570104,111.05031347059001,109.10620385734741,109.20057678222656,,831600,90811199.65209961,,,
2022-02-22,107.17152404785156,108.08695651866852,106.029595122461,107.17152404785156,,1052500,112798029.06036377,,,
2022-02-23,107.94540189953877,108.06809318875959,104.64229894691917,104.73667907714844,,1219500,127726380.13458252,,,
2022-02-24,101.5656950432961,105.70872912497336,101.32975912884892,105.652099609375,,1878600,198478034.32617188,,,
2022-02-25,107.20927842986774,108.577711058182,106.62416196827857,108.54939270019531,,909500,98725672.66082764,,,
2022-02-28,105.86915943766296,107.71889606635982,105.19910233238443,106.24665832519531,,1295500,137642545.86029053,,,
2022-03-01,104.88767124283783,105.62379015575843,102.75480852577063,103.10399627685547,,1442000,148675962.6312256,,,
2022-03-02,104.86879292695646,107.05827782232654,104.40635337219075,106.82234191894531,,1509900,161291054.06341553,,,
2022-03-03,105.20854272311063,105.26516503667823,102.54718598254662,102.87749481201172,,1281900,131878660.59951782,,,
2022-03-04,101.09381757773913,101.35806463515559,99.41394791237732,100.13119506835938,,1618000,162012273.62060547,,,
2022-03-07,101.980938025163,102.35843693079187,99.04589465418286,99.06477355957031,,1888000,187034292.48046875,,,
2022-03-08,100.12175641415409,102.83974262682342,98.28145924948619,100.2350082397461,,1672700,167663098.2826233,,,
2022-03-09,103.46261197998577,106.58640830395125,103.08512028662504,105.55772399902344,,1394800,147231913.4338379,,,
2022-03-10,102.00924658871295,103.2833062628321,101.43356959250588,102.40562438964844,,874200,89522996.84143066,,,
2022-03-11,104.64229119162503,104.88766655168831,101.54681323461438,101.622314453125,,959200,97476124.0234375,,,
2022-03-14,104.3308577001556,105.43503598241695,103.66079340901351,103.8589859008789,,1005100,104388666.72897339,,,
2022-03-15,104.64229584202721,104.76498712760761,102.93412209841831,104.50074005126953,,898900,93935715.23208618,,,
2022-03-16,106.07678880183198,108.04920959472656,105.1047339842663,108.04920959472656,,897600,96984970.53222656,,,
2022-03-17,107.24702771643825,109.21945568731797,107.12434363411462,109.20057678222656,,816300,89140430.82733154,,,
2022-03-18,105.93522640109109,109.0495833758105,105.93522640109109,108.87026977539062,,1406200,153093373.3581543,,,
2022-03-21,106.41653803914608,107.32253109656821,105.0952954636665,105.57660675048828,,1329300,140342983.35342407,,,
2022-03-22,105.5105398837222,106.92615531758149,105.31234738681256,106.38822174072266,,911200,96940947.65014648,,,
2022-03-23,104.27422694499974,104.70834813113582,103.51923639527303,103.61360931396484,,1007300,104369988.66195679,,,
2022-03-24,103.82123638100863,105.03866649992482,103.36823628087075,104.96316528320312,,712600,74796751.58081055,,,
2022-03-25,105.72760144736303,105.72760144736303,104.14211180501289,105.076416015625,,570700,59967110.62011719,,,
2022-03-28,104.63285963218352,105.64266503582299,104.15154836123236,105.51997375488281,,905600,95558888.23242188,,,
2022-03-29,108.80420286252021,109.47425996899702,107.34139737078856,108.28514099121094,,920500,99676472.28240967,,,
2022-03-30,107.09602879637691,107.77551815227216,106.4165322402893,106.78459167480469,,982400,104905182.86132812,,,
2022-03-31,106.73739941857097,106.94502416201547,104.65172693248329,104.71778869628906,,1323100,138552106.22406006,,,
2022-04-01,104.57622331375366,104.83103811128682,103.26442031961504,104.4063491821289,,749800,78283880.61676025,,,
2022-04-04,103.9439264295104,106.25609552295371,103.93448697682982,106.15229034423828,,1238900,131512072.5074768,,,
2022-04-05,104.86879834158563,105.48222596189568,104.04773876335643,104.57623291015625,,1559300,163065719.97680664,,,
2022-04-06,103.79293127632249,104.17986243424424,102.91524938128931,103.53811645507812,,766200,79330904.82788086,,,
2022-04-07,102.83030097782793,103.6230493396514,102.27349571432867,103.03792572021484,,1048700,108055872.7027893,,,
2022-04-08,101.8771234188613,103.29273888387667,101.75443933729598,102.36787414550781,,800000,81894299.31640625,,,
2022-04-11,102.11305907492061,102.42449620449317,101.36750793470885,101.50906372070312,,1088400,110482464.95361328,,,
2022-04-12,100.66913576678822,101.4901953535188,98.94208311893743,99.48945617675781,,1398600,139145953.40881348,,,
2022-04-13,98.42302702754543,100.04626727250232,98.2059628179647,99.9613265991211,,1154900,115445336.08932495,,,
2022-04-14,99.70652315139061,99.78202437529029,98.0455322265625,98.0455322265625,,914600,89672443.77441406,,,
2022-04-18,98.07383052951968,98.89489003136637,97.39433400387996,98.3569564819336,,1020800,100402781.17675781,,,
2022-04-19,98.42302648737852,99.40452075104005,98.30034240449308,99.319580078125,,1106300,109877251.44042969,,,
2022-04-20,100.55588727204717,101.45244084595768,99.98963533042733,100.86731719970703,,1350300,136201138.4147644,,,
2022-04-21,102.20743265793332,102.65098609264908,100.25388373412048,100.3576889038086,,1723500,172966476.8257141,,,
2022-04-22,99.14027874458827,99.74427413766647,97.95115966438111,98.00778198242188,,2378700,233131111.0015869,,,
2022-04-25,97.15841273237157,97.94172174510305,96.56385678305362,97.89453887939453,,1541400,150894642.22869873,,,
2022-04-26,97.45096953627133,97.54534245951021,94.15729907375234,94.17617797851562,,1362500,128315042.49572754,,,
2022-04-27,94.49704612383455,95.38416743112143,93.33624550278579,93.93080139160156,,1589600,149312401.89208984,,,
2022-04-28,95.31810690586119,97.39434001779303,94.71411155692854,96.9319076538086,,1185100,114874003.76052856,,,
2022-04-29,97.67746902110179,98.19653091530067,95.00667272948337,95.12936401367188,,1137200,108181112.75634766,,,
2022-05-02,95.54460293464149,96.65822070429498,95.07273112038479,96.64878845214844,,1658100,160253356.13250732,,,
2022-05-03,95.3841721965809,95.76167110366048,93.98742840044433,94.3743667602539,,1990000,187804989.85290527,,,
2022-05-04,94.17618497866523,96.81866302673257,93.0342559621521,96.79035186767578,,2117600,204963249.11499023,,,
2022-05-05,95.55403662766697,95.73335021033837,93.31736177083171,94.20448303222656,,2176800,205064318.66455078,,,
2022-05-06,91.75075884756957,92.16600835782374,90.15582977426845,90.73151397705078,,1988400,180410542.39196777,,,
2022-05-09,89.70283872862784,91.90175600795025,89.45746335833269,90.58052062988281,,2595300,235083625.19073486,,,
2022-05-10,92.70394833004987,92.90213364625689,90.75039912721704,91.38270568847656,,1520600,138956542.26989746,,,
2022-05-11,91.07126596234771,92.8738198639127,89.9387764159501,90.21245574951172,,1568900,141534321.82540894,,,
2022-05-12,89.91044787491671,92.32643634058743,89.65564027590132,91.51481628417969,,1578500,144456137.50457764,,,
2022-05-13,91.93950644922559,93.45893433139383,91.59032590003434,93.15693664550781,,1214000,113092521.08764648,,,
2022-05-16,92.62844914767314,92.77944440136397,91.4393300240121,92.05276489257812,,754300,69435400.55847168,,,
2022-05-17,94.38380443983856,94.43098730221661,92.27925293253732,93.48724365234375,,1174400,109791418.9453125,,,
2022-05-18,91.88287804265049,92.0055621193432,87.71153303279065,87.9946517944336,,2296700,202097316.77627563,,,
2022-05-19,90.53987354877242,93.64854328376843,90.35530158720876,92.62850952148438,,2220400,205672342.5415039,,,
2022-05-20,94.56170434302386,94.79485956532838,93.08509165993827,94.64913940429688,,2173600,205729369.4091797,,,
2022-05-23,95.8246069498906,96.99035346872566,95.42631306374892,96.98064422607422,,1688500,163751817.77572632,,,
2022-05-24,96.8640710252633,97.09721885733165,95.11545116729664,95.88289642333984,,2749800,263658788.5848999,,,
2022-05-25,93.85254788800394,95.26115887198709,93.49310579843872,94.54228210449219,,1331400,125873594.3939209,,,
2022-05-26,94.27027686164627,95.98004486550236,94.18284179533785,95.65946197509766,,760900,72787284.6168518,,,
2022-05-27,97.15550853618218,98.26296997070312,97.14579188173602,98.26296997070312,,1034400,101643216.13769531,,,
2022-05-31,96.8932045126145,97.44693519424301,95.92174665630938,96.99034881591797,,1459200,141528316.9921875,,,
2022-06-01,98.05895894431637,98.44753615973805,96.28118927838456,96.49491119384766,,1786100,172349560.8833313,,,
2022-06-02,96.67948763145894,99.21499336134347,96.49491566906421,99.20528411865234,,967700,96000953.44161987,,,
2022-06-03,97.71894411546488,98.18524715671234,97.16521342302843,97.56351470947266,,678900,66235870.13626099,,,
2022-06-06,99.2538467302986,99.47728529686088,97.75780075228536,97.98123931884766,,740600,72564905.83953857,,,
2022-06-07,97.6120985753669,99.14699651135822,97.43723584700889,99.07899475097656,,955900,94709611.0824585,,,
2022-06-08,97.69952274719387,98.15610915559233,96.78634993039695,97.0097885131836,,815000,79062977.63824463,,,
2022-06-09,95.98975414031827,96.61148661253979,94.01769576014978,94.02741241455078,,940000,88385767.66967773,,,
2022-06-10,92.86165375320938,92.88108706102422,90.98674718902127,91.48218536376953,,1284300,117490570.66268921,,,
2022-06-13,88.06266002727001,89.15068813071058,87.54778852665825,88.2278060913086,,1837900,162153884.81521606,,,
2022-06-14,89.10211604180438,89.2575454452437,87.34377968817599,87.7906494140625,,1629900,143089979.47998047,,,
2022-06-15,90.1221450193065,91.52104674991543,88.81067835267838,90.63702392578125,,1294400,117320563.76953125,,,
2022-06-16,89.72384975562618,90.40386730216612,89.2089782687266,90.11243438720703,,1466000,132104828.81164551,,,
2022-06-17,90.02500578415234,91.12275800300807,89.36441408655598,90.34558868408203,,1435500,129691092.55599976,,,
2022-06-21,91.63762758880256,92.19135830804481,91.30732804117194,91.40447235107422,,1023200,93525056.10961914,,,
2022-06-22,90.42330758570337,92.53136955423558,90.33587251632584,91.31704711914062,,915100,83564229.81872559,,,
2022-06-23,90.67587260561645,91.69590631776745,90.14157523248016,91.55018615722656,,919000,84134621.07849121,,,
2022-06-24,93.05595109048478,95.64974184783287,92.9879493354409,95.6011734008789,,1276900,122073138.31558228,,,
2022-06-27,94.96001076113127,95.50402481934374,94.10513046799228,94.52285766601562,,835700,78992752.15148926,,,
2022-06-28,93.80397222072294,94.27999192692552,92.73537001568789,92.74508666992188,,1405100,130316121.27990723,,,
2022-06-29,91.63763099135677,92.4827946716872,91.09360949475992,91.2490463256836,,1221400,111451585.18218994,,,
2022-06-30,87.34378249117198,88.64553250683804,86.42089304822908,88.13066101074219,,1805100,159084656.19049072,,,
2022-07-01,87.20777279553468,88.12094559717069,86.76090304901628,88.1112289428711,,1630000,143621303.17687988,,,
2022-07-05,85.07056670717472,86.64433114932599,84.8277022358842,86.61518859863281,,1580400,136886644.0612793,,,
2022-07-06,87.47006687440404,87.81007564412889,86.45003315359423,87.29520416259766,,1459800,127433539.03656006,,,
2022-07-07,87.31463692302827,88.14038210080756,87.30492768001234,88.1209487915039,,805600,70990236.34643555,,,
2022-07-08,87.50892584125867,88.64552975910348,87.1106245609205,88.00436401367188,,860400,75718954.79736328,,,
2022-07-11,86.62490157400325,86.79004764280486,85.68258619892752,85.79916381835938,,1008600,86537036.62719727,,,
2022-07-12,85.34257037645415,85.53686639283487,83.65223579793535,83.88538360595703,,1164700,97701306.28585815,,,
2022-07-13,82.15619405400102,84.06025064275201,82.06876640085484,83.4968032836914,,1170200,97707959.20257568,,,
2022-07-14,82.22419004368868,83.34136802923064,81.11672871169337,82.98192596435547,,1142100,94773657.64389038,,,
2022-07-15,84.51683859391646,85.5077224059668,84.16711315163147,85.48829650878906,,1065800,91113426.41906738,,,
2022-07-18,86.22660415810266,86.93576426536592,85.35229057714373,85.57572174072266,,1003100,85841006.4781189,,,
2022-07-19,87.9752205794529,89.78213277451697,87.615785918174,89.70441436767578,,1548200,138880374.32403564,,,
2022-07-20,89.15068831336158,90.08329442055789,88.87868128694417,89.69470977783203,,1609100,144327757.50350952,,,
2022-07-21,85.33286005268756,87.77122150478738,84.82770519589583,87.71293640136719,,2309800,202599340.49987793,,,
2022-07-22,92.07477336817483,93.06566452064365,90.60786994688834,91.07417297363281,,1907300,173705770.11260986,,,
2022-07-25,90.34557871739901,90.46215632586815,88.62610160938085,89.34497833251953,,1303800,116487982.74993896,,,
2022-07-26,88.28609301602772,88.36381142834513,87.30492585415436,87.71293640136719,,924000,81046753.23486328,,,
2022-07-27,87.04262714036115,88.92725785503116,86.84833852326834,88.70381927490234,,1545200,137065141.5435791,,,
2022-07-28,88.14037847819826,89.34498419825802,87.24663157786142,89.15068817138672,,1051800,93768693.81866455,,,
2022-07-29,89.89871604237584,90.68559457916672,89.56841649833162,90.54959106445312,,763300,69116502.85949707,,,
2022-08-01,91.1033204551406,91.94849149427921,90.7147358137561,91.113037109375,,1834700,167165089.1845703,,,
2022-08-02,88.93697519864536,89.49070591445054,88.51924799818632,88.58724975585938,,1076300,95346456.91223145,,,
2022-08-03,89.62671273709441,90.96732204281976,89.62671273709441,90.82160186767578,,777200,70586548.97155762,,,
2022-08-04,92.42450078502796,92.61878939358796,91.6861907315564,92.57022094726562,,876800,81165569.7265625,,,
2022-08-05,90.97703066250277,91.87077012071789,90.75359209213133,91.86105346679688,,815200,74885130.78613281,,,
2022-08-08,92.30791988233663,92.88108385693664,91.43361376334843,91.63761901855469,,629900,57722536.2197876,,,
2022-08-09,91.50162000675593,91.59876431234161,90.85073759489748,91.08389282226562,,643700,58630701.80969238,,,
2022-08-10,93.4542440080677,94.0565505548748,92.97823172764333,93.32795715332031,,931900,86972323.2711792,,,
2022-08-11,93.44453400707572,93.44453400707572,92.34678188086639,92.52164459228516,,792500,73323403.33938599,,,
2022-08-12,92.7839435804218,93.25023920922206,92.36621639831907,93.21138000488281,,674200,62843112.39929199,,,
2022-08-15,92.20107224300077,93.16281348244686,92.13306307527581,93.07537841796875,,1193300,111066849.06616211,,,
2022-08-16,91.50162040842253,91.99705859257494,91.02560070918287,91.5113296508789,,828000,75771380.95092773,,,
2022-08-17,90.42329896436249,90.90902789208901,89.90842748683401,90.29700469970703,,746900,67442832.81021118,,,
2022-08-18,90.0929985270237,90.31643709263449,89.48098275247527,89.82099151611328,,703600,63198049.630737305,,,
2022-08-19,89.71413447294643,89.84042874183099,88.85925419970975,89.00497436523438,,706800,62908715.881347656,,,
2022-08-22,86.89690490033443,86.95519741338126,85.71173250570257,85.90602111816406,,916700,78750049.559021,,,
2022-08-23,85.39115325365735,86.37232783504784,84.79856332533956,84.87628173828125,,765400,64964306.04248047,,,
2022-08-24,84.54598246408887,85.58544215274864,84.34197718818021,84.92485046386719,,753000,63948412.39929199,,,
2022-08-25,84.84712470015371,85.69229569424382,84.41968828788559,85.68257904052734,,704800,60389081.70776367,,,
2022-08-26,85.34257296291385,85.40086547541232,81.63160417137904,81.83560943603516,,1116400,91361274.37438965,,,
2022-08-29,81.95219450474995,82.62250287219605,81.73847256662881,82.1659164428711,,959800,78862846.60186768,,,
2022-08-30,83.24423163991264,83.41909436219525,81.69960969114365,82.10762023925781,,734500,60308047.06573486,,,
2022-08-31,82.89450439455933,83.83681974352069,82.64192326527466,82.78764343261719,,1234500,102201345.81756592,,,
2022-09-01,82.11732805284241,82.27276486108605,80.05784222505902,81.5830307006836,,1300300,106082414.82009888,,,
2022-09-02,82.4184838798426,83.11793474692715,80.40756634279228,80.89329528808594,,1080300,87389026.89971924,,,
2022-09-06,82.40877440615229,82.73906653044044,81.4081739675158,81.76760864257812,,1035900,84703065.79284668,,,
2022-09-07,82.18533964843701,83.34137696041591,81.94247516519007,83.12765502929688,,1992400,165623539.8803711,,,
2022-09-08,81.30131165581405,82.89450197250095,81.06815643022422,82.87506866455078,,960200,79576640.93170166,,,
2022-09-09,83.93396385443705,84.78884413633455,83.91453054596462,84.5848388671875,,649500,54937852.84423828,,,
2022-09-12,85.97402549169928,86.75119478848191,85.85744787369117,86.41117858886719,,818800,70753473.02856445,,,
2022-09-13,84.52654841649844,85.1385641852134,83.2733669182044,83.40937042236328,,1077500,89873596.63009644,,,
2022-09-14,83.09850779448026,83.90481961221617,82.7196398148955,83.84652709960938,,1289100,108086558.08410645,,,
2022-09-15,83.05964846759537,83.5356607519763,81.80646691710908,82.00076293945312,,1332700,109282416.76940918,,,
2022-09-16,80.63100144480404,81.72874614568319,80.53385714225783,81.54417419433594,,1093200,89144091.22924805,,,
2022-09-19,80.329852957469,81.86475074614604,80.32013630359391,81.85504150390625,,934900,76526278.30200195,,,
2022-09-20,80.38814082244929,81.23331185940583,80.01898949048665,80.56300354003906,,1331500,107269639.21356201,,,
2022-09-21,80.69900515437307,81.61217792604569,79.83440824096893,79.98983764648438,,1162200,92964189.31274414,,,
2022-09-22,79.6984061350291,79.94127060737684,78.65894648984622,79.04753112792969,,1612700,127479953.4500122,,,
2022-09-23,76.92003566221746,77.21147599249082,75.98743698163238,77.2017593383789,,2048200,158124643.47686768,,,
2022-09-26,77.79434584006597,78.77551292504089,76.89088974968217,77.35718536376953,,2899800,224320366.1178589,,,
2022-09-27,78.18293101031222,78.67836917731569,76.31772630591814,76.86174774169922,,2478700,190517214.12734985,,,
2022-09-28,77.10461299072404,79.43610592463976,76.75488756830961,79.13495635986328,,2057000,162780605.23223877,,,
2022-09-29,77.95949903660886,78.26064862378071,76.92975600049675,78.18293762207031,,2137300,167100392.57965088,,,
2022-09-30,79.13495924807368,80.25213730980285,78.87266887750764,78.93095397949219,,1390600,109761384.60388184,,,
2022-10-03,80.09669666334705,81.71903690357321,79.68868614567181,81.54417419433594,,1686600,137532404.196167,,,
2022-10-04,84.34197321054035,85.8283025875181,84.06996618882356,85.52715301513672,,1626500,139109914.37911987,,,
2022-10-05,83.72995496498667,84.9539865269445,83.14707432218552,84.69169616699219,,1225200,103764266.14379883,,,
2022-10-06,84.11853461739243,84.7305578277549,83.71052408490777,83.89510345458984,,1249700,104843710.78720093,,,
2022-10-07,82.95279452555624,83.07908139203647,81.74818873166193,82.11734008789062,,1140700,93671249.83825684,,,
2022-10-10,82.04933300684506,82.1173347630997,81.00015670037149,81.65103912353516,,1263900,103198748.34823608,,,
2022-10-11,81.2527323175154,82.10761253982406,80.4075613371306,80.64071655273438,,1287300,103808794.41833496,,,
2022-10-12,80.89329379675999,81.49560034600896,80.14527449591766,80.15499114990234,,1115600,89420908.12683105,,,
2022-10-13,78.66866492735971,82.9430738082692,78.20236186876168,82.71964263916016,,1515200,125336802.52685547,,,
2022-10-14,84.22539654384,85.08028423500849,82.10761803597299,82.19505310058594,,1207800,99275185.1348877,,,
2022-10-17,83.94367261385806,85.03170061364777,83.89509675888107,84.37110900878906,,1362700,114972510.24627686,,,
2022-10-18,87.64493331450142,87.73236096830601,85.80887846824884,86.47917938232422,,1526700,132027763.16299438,,,
2022-10-19,85.20657171278312,85.45915284261373,83.83681992472813,84.25454711914062,,1086400,91534139.99023438,,,
2022-10-20,84.42941284179688,85.93516819680049,84.23511680746243,84.42941284179688,,1103400,93159414.12963867,,,
2022-10-21,85.91573491408896,88.36380544318612,85.50771698287674,88.28608703613281,,1722400,152063956.31103516,,,
2022-10-24,88.03351605165204,88.58724674866019,86.64433098208629,88.41238403320312,,1447700,127994608.36486816,,,
2022-10-25,93.82340479609451,94.51313900860634,93.28909999193402,93.5708236694336,,2401400,224700975.95977783,,,
2022-10-26,93.48339715849386,96.31033579889787,93.40567874755136,94.9697265625,,1991000,189084725.5859375,,,
2022-10-27,94.94058293066287,96.07718688412622,94.45485398525439,94.65885925292969,,1024800,97006398.96240234,,,
2022-10-28,93.82340545231754,95.06687037436755,93.79426290127505,94.92115020751953,,1438000,136496613.9984131,,,
2022-10-31,93.7262628911854,94.12455678224602,93.30853569131068,93.31824493408203,,986200,92030453.1539917,,,
2022-11-01,94.43542271237223,94.61028543295369,92.45364768299439,93.10452270507812,,831300,77397789.72473145,,,
2022-11-02,93.90112703442615,94.38685599923497,91.28790283203125,91.28790283203125,,1372400,125283517.84667969,,,
2022-11-03,90.64673273807605,91.62790727567348,90.02500028556405,90.04443359375,,1126700,101453063.33007812,,,
2022-11-04,92.94908868231288,93.43481761409511,91.84162731078023,93.27938079833984,,1221300,113922107.76901245,,,
2022-11-07,94.18283446324614,94.95028704493778,93.395955985907,94.78514099121094,,1213200,114993333.05053711,,,
2022-11-08,95.07658463796022,96.42691048763676,93.97883249872487,95.1737289428711,,1403700,133595363.31710815,,,
2022-11-09,95.14458452258522,95.80517615928532,94.68799814567902,94.76571655273438,,947800,89818946.14868164,,,
2022-11-10,100.84704147209627,104.13057389295473,100.60417699891494,104.12085723876953,,2371200,246891376.6845703,,,
2022-11-11,105.92776796079872,107.39467143258835,105.4420390215498,107.0255126953125,,1997100,213740651.4038086,,,
2022-11-14,105.98605287782661,106.67578708096664,105.26717612424389,105.72376251220703,,1133700,119859029.56008911,,,
2022-11-15,107.18095113436888,107.87068534913702,104.99517087469293,106.67578887939453,,1627600,173625513.98010254,,,
2022-11-16,108.00669144873073,108.24955592784627,106.7340839498887,107.8901138305664,,1226300,132305646.59042358,,,
2022-11-17,107.34610142509749,108.97815104639699,107.28781632093403,108.62842559814453,,2138300,232280162.45651245,,,
2022-11-18,106.57864549655066,106.59807880509887,105.16031784959216,105.68490600585938,,1214000,128301475.89111328,,,
2022-11-21,106.34549064210869,106.71464195211841,105.3740328047446,105.4031753540039,,889800,93787745.42999268,,,
2022-11-22,105.35460718143798,106.53978701532397,104.89802819035013,106.49121856689453,,735500,78324291.25595093,,,
2022-11-23,105.94719278013498,106.89922475250359,105.85976512954402,106.71464538574219,,931600,99415363.64135742,,,
2022-11-25,106.68550185731297,107.50153031352298,106.6563593073832,107.49181365966797,,411200,44200633.77685547,,,
2022-11-28,106.49121436862818,107.04494505801618,104.72316134184237,104.91744995117188,,808600,84836250.03051758,,,
2022-11-29,104.27628904896629,104.42200921855805,103.35340699427807,103.86827850341797,,831300,86345699.91989136,,,
2022-11-30,104.83973074717977,107.76382098870134,104.4317202237029,107.70553588867188,,1019500,109805793.83850098,,,
2022-12-01,108.40498558137493,109.18215488092632,107.85125486422616,108.81300354003906,,1000900,108910935.2432251,,,
2022-12-02,107.98726434409036,109.27929772569539,107.48210208266237,108.83242797851562,,906900,98700128.93371582,,,
2022-12-05,107.5986774761644,108.07468976481441,106.81179154897586,107.1226577758789,,661200,70829501.32141113,,,
2022-12-06,106.36492429085287,106.36492429085287,104.21800320318178,104.69401550292969,,871000,91188487.50305176,,,
2022-12-07,104.4220094608502,104.97574017727511,103.70313267726813,104.79116821289062,,1010500,105891475.47912598,,,
2022-12-08,104.1014334895355,105.2671800201998,103.50884356981769,104.74259185791016,,902600,94540663.4109497,,,
2022-12-09,104.40258489178196,104.96603226980628,104.16943706390961,104.22772216796875,,543200,56616498.681640625,,,
2022-12-12,104.15971240525376,105.2865996630715,104.11113654784673,105.26717376708984,,951700,100182769.2741394,,,
2022-12-13,109.01700595956582,109.5998792131523,106.19005993279988,106.67578887939453,,1050900,112105586.53335571,,,
2022-12-14,106.74378986067912,107.8318253613427,105.89862624318557,106.57864379882812,,707500,75404390.4876709,,,
2022-12-15,104.81058593320316,104.9951652948232,102.34308212623922,102.56652069091797,,928400,95222757.80944824,,,
2022-12-16,101.72135696685973,102.48880960591165,101.13848370261296,102.3528060913086,,1505600,154102384.85107422,,,
2022-12-19,102.36252641696461,102.48881328172946,101.00248381051968,101.32306671142578,,886100,89782369.41299438,,,
2022-12-20,100.94419705740518,101.55621288507699,100.64304005921214,101.50763702392578,,1162300,117982326.51290894,,,
2022-12-21,101.81850135699746,102.5470947907971,101.50763512170836,101.80879211425781,,756700,77038712.99285889,,,
2022-12-22,101.20648802431545,101.25506388574837,99.72015856875262,101.01219940185547,,981500,99143473.71292114,,,
2022-12-23,100.27388378695005,100.74989607397204,99.7298697446392,100.54589080810547,,760600,76475204.54864502,,,
2022-12-27,100.3807479105698,100.91504531563984,99.83672643947786,100.39045715332031,,523500,52554404.31976318,,,
2022-12-28,99.93387176048479,100.47788578510338,98.87497884926911,98.90412139892578,,635400,62843678.73687744,,,
2022-12-29,100.43903027610783,101.37162895760117,100.33216931567922,101.13848114013672,,546800,55302521.48742676,,,
2022-12-30,99.87558460071054,100.34188765510682,99.43843150916796,100.24474334716797,,442500,44358298.931121826,,,
2023-01-03,101.0704845062663,102.07108499404332,100.33217439997384,101.01219940185547,,928800,93820130.80444336,,,
2023-01-04,104.06257279416624,104.11114124212794,102.7025302534339,103.8391342163086,,819200,85065018.75,,,
2023-01-05,104.24713731044093,104.27627985946391,102.97452992553723,103.12996673583984,,853400,88011113.61236572,,,
2023-01-06,103.53798598522576,106.25806369041186,102.48880966202573,105.99577331542969,,820900,87011930.31463623,,,
2023-01-09,107.54038553883981,109.6581640370904,107.54038553883981,108.25926971435547,,1481800,160418585.86273193,,,
2023-01-10,109.10443564216932,110.19247117097218,108.82271195850691,110.18275451660156,,1093400,120473823.78845215,,,
2023-01-11,110.95020386888305,111.63993807604908,110.73648194887532,111.59136962890625,,785900,87699657.39135742,,,
2023-01-12,112.01880856020243,113.35942521142876,110.87248793679508,113.3497085571289,,1082800,122735064.42565918,,,
2023-01-13,112.41711408244632,113.80629923409768,112.40739742778136,113.67029571533203,,755600,85889275.44250488,,,
2023-01-17,112.9028364661098,114.08801627047004,112.4365334206629,112.89311981201172,,826800,93340031.46057129,,,
2023-01-18,114.69032113206353,115.40920533844644,113.58285968201356,113.73829650878906,,1394900,158653549.80010986,,,
2023-01-19,111.57194269018592,112.81540766488854,111.3776540672521,112.36853790283203,,891100,100131604.12521362,,,
2023-01-20,112.26167363658685,113.80629556655651,111.9216648506299,113.77715301513672,,728500,82886655.9715271,,,
2023-01-23,112.33939316730822,113.68000242742383,112.30053396114948,113.37885284423828,,1059800,120158908.24432373,,,
2023-01-24,112.72797520672339,113.24284670604081,112.4851107325823,112.87369537353516,,1022100,115368204.04129028,,,
2023-01-25,112.12566691765034,113.19426910510393,111.24164409942765,112.84455108642578,,1310900,147927922.01919556,,,
2023-01-26,109.53187141160183,111.41650199209232,109.09471834844905,110.84333801269531,,1869700,207243789.08233643,,,
2023-01-27,109.33758616707381,110.76562300933705,109.0461458415958,109.97874450683594,,957900,105348639.36309814,,,
2023-01-30,113.18456060938892,113.71885800082296,112.4073913343124,112.77654266357422,,1587800,179066594.44122314,,,
2023-01-31,113.3011324947145,115.18576319719354,113.2428473922908,115.14690399169922,,1270400,146282626.8310547,,,
2023-02-01,115.96293003468791,117.95441424567198,114.92347039748361,117.57554626464844,,853900,100397758.9553833,,,
2023-02-02,119.20759344099022,119.76132412625671,118.70243861351224,119.46017456054688,,866500,103512241.25671387,,,
2023-02-03,116.74980524314408,118.43043059244593,116.6623701821941,117.18695831298828,,1098500,128729873.70681763,,,
2023-02-06,116.52637153397373,116.85667107230545,115.94349827933397,116.30294036865234,,519500,60419377.52151489,,,
2023-02-07,114.73889188984391,116.75952607823409,114.45716821257106,116.41950988769531,,538300,62668622.17254639,,,
2023-02-08,115.2537671855652,116.0989382452518,114.84575663742783,115.22462463378906,,872200,100498917.60559082,,,
2023-02-09,117.08981960306272,117.19668056508658,114.8068950184026,115.31204986572266,,636000,73338463.71459961,,,
2023-02-10,114.19487585542885,114.48630877014249,113.46628245119166,114.00057983398438,,662000,75468383.85009766,,,
2023-02-13,114.17544581402775,115.12747781725488,114.09772740322643,115.09833526611328,,374200,43069797.05657959,,,
2023-02-14,114.62231173131845,116.22521869530372,114.28230295996045,115.3703384399414,,616000,71068128.4790039,,,
2023-02-15,114.43773922913691,115.904635265929,114.36973747519049,115.86577606201172,,669500,77572137.07351685,,,
2023-02-16,114.22402644613362,115.23434359385647,113.77715668280857,114.59317779541016,,505000,57869554.78668213,,,
2023-02-17,113.1845587788237,114.08801489654323,112.85425924818578,114.00057983398438,,411000,46854238.31176758,,,
2023-02-21,111.87309551365871,112.45596877233231,111.44565166520144,111.50393676757812,,867000,96673913.17749023,,,
2023-02-22,112.23252809936946,112.58225353037425,111.5136513408087,111.9702377319336,,510600,57172003.38592529,,,
2023-02-23,112.9902625650966,113.43713229620536,111.58165161728931,112.6988296508789,,784500,88412231.8611145,,,
2023-02-24,110.7073361600369,111.0959207839906,109.3570103358151,109.94960021972656,,991700,109037018.53790283,,,
2023-02-27,111.89252422521737,112.24224967154596,111.4650803660078,111.84394836425781,,579900,64858305.656433105,,,
2023-02-28,110.81420695333624,111.56222630624596,110.51305736356733,110.57134246826172,,693500,76681226.0017395,,,
2023-03-01,111.83423960419529,111.83423960419529,110.16333077821949,110.96964263916016,,848900,94202129.63638306,,,
2023-03-02,109.82331673388289,111.36793121161918,109.77474087503622,111.26107025146484,,664900,73977485.61019897,,,
2023-03-03,112.55310611215484,113.63142490917971,112.47538770604031,113.56342315673828,,694500,78869797.38235474,,,
2023-03-06,116.08921401945332,116.77894820916849,115.64234429421401,116.31265258789062,,953700,110927376.77307129,,,
2023-03-07,115.4674841459038,115.54520255505334,113.27198726305947,113.5537109375,,469600,53324822.65625,,,
2023-03-08,113.38856012772487,114.19487191270088,112.88339790104601,114.05886840820312,,730100,83274379.8248291,,,
2023-03-09,114.04915675330216,115.11775894046461,112.64053837835739,112.67939758300781,,691900,77962875.1876831,,,
2023-03-10,114.60288928968225,114.65145773754868,111.9410967272826,112.1645278930664,,1005300,112758999.89089966,,,
2023-03-13,111.04734481421535,112.50453159384013,110.39646983144208,111.74679565429688,,1144700,127916556.98547363,,,
2023-03-14,114.70003558984936,115.10804613486684,113.80629608791516,114.74861145019531,,862000,98913303.07006836,,,
2023-03-15,111.07649802178523,112.3976814216773,110.45476552908731,112.300537109375,,1111300,124799586.88964844,,,
2023-03-16,113.05827325611884,116.96353835538662,112.89312718384485,116.86639404296875,,1052700,123025253.0090332,,,
2023-03-17,115.67148717499636,116.78866519710826,114.719455210408,115.81720733642578,,1040300,120484640.79208374,,,
2023-03-20,117.87669865572506,118.01270958115362,117.08010346995121,117.91555786132812,,771600,90983644.44580078,,,
2023-03-21,118.93558609437383,120.081906665621,118.63443652950191,119.95561981201172,,594200,71277629.29229736,,,
2023-03-22,119.31446208492055,120.91736914393951,118.73158881208705,118.75101470947266,,480500,57059862.56790161,,,
2023-03-23,120.49963888220329,121.70424460371314,119.53789763584824,120.20819854736328,,599500,72064815.02914429,,,
2023-03-24,119.59617915677669,120.01390633799926,118.54700287673366,119.77104187011719,,907100,108644312.0803833,,,
2023-03-27,120.31505861749322,120.83964676933522,119.4796042362229,119.73218536376953,,571100,68379051.06124878,,,
2023-03-28,120.02362600323806,120.12077031050106,119.23674006764597,119.94590759277344,,631400,75733846.05407715,,,
2023-03-29,120.05276782891958,121.00479241063485,120.01390862392205,120.77164459228516,,915900,110614749.28207397,,,
2023-03-30,121.92768090383026,122.47169494628906,121.53909626851593,122.47169494628906,,746000,91363884.42993164,,,
2023-03-31,122.24826189011468,123.15171805805468,122.14140833692477,122.93800354003906,,668200,82147173.9654541,,,
2023-04-03,122.57855794952064,122.82142242418591,121.98596803840654,122.71456146240234,,876300,107534770.20950317,,,
2023-04-04,123.32657110762919,124.21060130882006,123.28771931586351,124.16202545166016,,788200,97864508.46099854,,,
2023-04-05,124.35631443542705,124.57003634896462,122.67569650012743,123.12256622314453,,665600,81950380.078125,,,
2023-04-06,124.3466048395883,125.201492491307,123.56943559468678,125.03634643554688,,989500,123723464.79797363,,,
2023-04-10,123.95802943584731,123.95802943584731,122.20940962222757,123.81230926513672,,604300,74819778.48892212,,,
2023-04-11,123.0740038588946,123.42372929621239,122.74370431847865,122.92828369140625,,1146800,140974155.7373047,,,
2023-04-12,123.94830551266129,124.46317699556076,123.17114366717288,123.48200988769531,,1318400,162798681.8359375,,,
2023-04-13,123.43343871809135,124.82263122674672,123.43343871809135,124.39518737792969,,1132100,140827791.6305542,,,
2023-04-14,124.07460531536287,124.51175840973049,123.08371409773062,123.78316497802734,,980000,121307501.6784668,,,
2023-04-17,124.10374756228244,124.29803617893899,123.05457124441149,123.56944274902344,,1387900,171502029.59136963,,,
2023-04-18,124.4729069199522,124.63805298608281,123.71516352335428,123.99688720703125,,1417100,175715988.86108398,,,
2023-04-19,124.02602249227076,124.12316679538355,123.43343260815682,123.66658782958984,,1512200,187008614.11590576,,,
2023-04-20,123.30714512457669,124.07459771502238,122.79227365024059,123.23914337158203,,1512400,186386880.43518066,,,
2023-04-21,128.35872452247125,130.79707827672726,128.03814166801794,130.12677001953125,,2742800,356911704.8095703,,,
2023-04-24,129.09703522539172,129.9227803408357,128.15471990946932,128.75701904296875,,1406600,181109622.98583984,,,
2023-04-25,130.62224313857817,131.79769896297918,129.60220932127498,129.6216278076172,,1427200,184995987.20703125,,,
2023-04-26,131.7394042769642,131.7394042769642,129.32046880878778,129.54391479492188,,1346400,174417926.8798828,,,
2023-04-27,131.91425573398044,132.94401351280945,131.15651979221965,132.7497100830078,,967500,128435344.50531006,,,
2023-04-28,131.47711299950328,131.83656251427794,130.98167479040956,131.40911865234375,,747500,98228316.19262695,,,
2023-05-01,131.7005630420723,131.7005630420723,130.6028108014105,130.64166259765625,,467200,61035784.765625,,,
2023-05-02,129.79649201633532,130.66108896375945,129.6799218105208,130.52508544921875,,867600,113243564.13574219,,,
2023-05-03,132.19598132495747,133.4005943526724,131.4188121078275,131.904541015625,,1414800,186618544.62890625,,,
2023-05-04,130.03934046508422,130.7970763560214,129.63132997175416,130.2627716064453,,692500,90206969.33746338,,,
2023-05-05,130.3016573532537,131.1468210118833,130.17536307846197,130.91366577148438,,623800,81663944.70825195,,,
2023-05-08,132.17654801813,132.3125515193825,131.360527010615,131.904541015625,,718500,94773412.71972656,,,
2023-05-09,130.13650147804657,131.2439628457728,130.01991645499552,130.8359375,,674800,88288090.625,,,
2023-05-10,130.9913681773168,131.5451062468685,130.02963442765096,130.98165893554688,,733600,96088144.99511719,,,
2023-05-11,130.243365281367,130.30165038253074,129.01931886384477,129.87420654296875,,756900,98301786.93237305,,,
2023-05-12,130.15665345146587,130.38381379567002,129.66285020356344,129.9492645263672,,655500,85181742.89703369,,,
2023-05-15,128.74439217049934,132.38866279954368,128.48761988917423,129.67274475097656,,1864700,241800767.137146,,,
2023-05-16,129.69249693009706,132.23063787942857,129.5838596088616,131.5096893310547,,2324800,305733725.75683594,,,
2023-05-17,131.7467113188703,131.9244883389303,130.00852916876585,130.97637939453125,,995600,130400083.32519531,,,
2023-05-18,131.74670576561135,132.487410666999,131.46030650106724,132.24050903320312,,954700,126250013.97399902,,,
2023-05-19,132.91208391264718,133.44538478931716,132.6157989501953,132.6157989501953,,696700,92393427.12860107,,,
2023-05-22,131.81583852665787,132.27012906993852,131.60843453451392,131.6380615234375,,693500,91290995.6665039,,,
2023-05-23,130.88749724392437,131.164025877374,128.10245455855858,128.22096252441406,,1170700,150108280.82733154,,,
2023-05-24,128.02343550003155,128.02343550003155,127.1740933066955,127.608642578125,,717300,91533679.32128906,,,
2023-05-25,128.19133149755845,128.21108784780589,127.2432225915197,127.8357925415039,,1352200,172859558.67462158,,,
2023-05-26,128.51723697255682,129.99864670302168,128.42834093577287,129.7813720703125,,832100,107991079.69970703,,,
2023-05-30,130.27518617212277,130.4332068399329,128.5073619740679,128.62588500976562,,729100,93781132.76062012,,,
2023-05-31,128.86289240488634,129.2480583386068,127.54937394638344,128.82339477539062,,1325000,170690998.07739258,,,
2023-06-01,129.52458903466243,130.72947019430688,129.0011587847801,130.53195190429688,,783400,102258731.12182617,,,
2023-06-02,131.60843599583154,131.87509396878346,130.86773112516002,131.32203674316406,,532500,69928984.56573486,,,
2023-06-05,130.6603427291175,130.68996971848992,129.633223531943,129.87025451660156,,515100,66896168.101501465,,,
2023-06-06,130.52208074721884,130.60109107684582,129.89001317988254,130.20603942871094,,551900,71860713.16070557,,,
2023-06-07,131.10476943181342,131.60844334691865,129.85050489457493,130.06777954101562,,805200,104730576.08642578,,,
2023-06-08,130.37392693224083,131.6380620301085,130.32455866363088,131.55906677246094,,417100,54873286.75079346,,,
2023-06-09,131.3022795500466,131.9442328089777,130.41343973882394,131.07513427734375,,499300,65445814.544677734,,,
2023-06-12,130.32455628423045,132.28001287340538,130.1072816554689,132.11212158203125,,1084100,143222751.00708008,,,
2023-06-13,132.99109938144747,134.15646785721233,132.36890244321518,133.61328125,,766600,102427941.40625,,,
2023-06-14,132.97134761413162,134.67003211540643,132.80345630605777,133.87994384765625,,505900,67729863.5925293,,,
2023-06-15,133.2478773924403,135.3613548617678,132.95159240577786,135.3415985107422,,688500,93182690.574646,,,
2023-06-16,137.31681067579535,137.52421468587323,135.48974756558295,135.57862854003906,,983300,133314465.44342041,,,
2023-06-20,134.37373941856652,135.1342006512245,133.80092583406773,134.32435607910156,,686200,92173373.14147949,,,
2023-06-21,133.8898232687487,133.99844551915277,132.71456909775628,133.11947631835938,,824500,109757008.2244873,,,
2023-06-22,132.71456782361346,133.74167196480576,132.6355574943403,133.43551635742188,,697700,93097959.76257324,,,
2023-06-23,132.0429869518699,132.45777987638525,131.62819402735454,131.8158416748047,,477900,62994790.73638916,,,
2023-06-26,131.45043644949524,131.55907377163916,130.6109648629578,130.78872680664062,,474200,62020014.251708984,,,
2023-06-27,130.84799719238214,131.54918940363515,130.37393519836542,131.36154174804688,,682600,89667388.3972168,,,
2023-06-28,132.09236692369208,133.2972480369068,132.04298358567266,132.60592651367188,,679700,90132248.25134277,,,
2023-06-29,132.63555267997452,132.76393127441406,131.88496211396387,132.76393127441406,,454400,60327930.37109375,,,
2023-06-30,133.7811812038789,135.45022350643472,133.64291689864706,135.11444091796875,,1061900,143478024.81079102,,,
2023-07-03,133.98857603850823,134.20585068055576,132.20101063140066,132.88246154785156,,612200,81350642.95959473,,,
2023-07-05,132.04299239548436,132.81332429701055,131.81584710905483,132.73431396484375,,1265100,167922180.59692383,,,
2023-07-06,131.18377846429115,131.27265943613256,129.8603893179416,130.78872680664062,,817500,106919784.16442871,,,
2023-07-07,131.1245266460725,132.33927849031647,130.95663533993147,131.6084442138672,,1029300,135464571.6293335,,,
2023-07-10,131.73683486385028,133.36637961579657,131.7170785136755,133.2083740234375,,1067600,142213260.10742188,,,
2023-07-11,133.6132751348654,134.74903163790688,133.2379949167959,134.63052368164062,,1114200,150005329.48608398,,,
2023-07-12,136.97114710686347,139.04511170310485,136.3687065425478,138.8377227783203,,1524800,211699759.6923828,,,
2023-07-13,140.63516344420648,142.37336057665863,140.57590946372375,142.17584228515625,,1576400,224125997.7783203,,,
2023-07-14,142.2548339644201,143.1041761592079,142.2548339644201,142.56100463867188,,762700,108731278.23791504,,,
2023-07-17,141.08946282599862,143.30170677397257,141.00058185921264,143.1930694580078,,1143100,163683997.69744873,,,
2023-07-18,142.59062921643672,143.2029404152252,141.4746290653863,143.1140594482422,,928000,132809847.16796875,,,
2023-07-19,141.84993437897754,142.5511265943133,140.6154261846877,141.2277374267578,,1121200,158344539.20288086,,,
2023-07-20,139.11426301523687,139.756201262305,131.3911723509699,132.2701416015625,,2770100,366401519.2504883,,,
2023-07-21,134.06757903072196,134.4527449533269,132.16150576671444,132.35902404785156,,1909500,252739556.41937256,,,
2023-07-24,131.86522195087085,131.9047195795684,130.5912011476096,130.7492218017578,,1096400,143353446.78344727,,,
2023-07-25,130.47270367637287,131.37142926567174,130.19617504423172,130.9665069580078,,996700,130534317.48504639,,,
2023-07-26,129.82087515280477,130.94674599246784,129.48509254984975,130.69984436035156,,841000,109918569.10705566,,,
2023-07-27,133.76143289266957,134.57126242349779,132.31952070602236,132.40841674804688,,909800,120465177.55737305,,,
2023-07-28,134.14659078134605,135.14406790696992,133.7219121561975,135.11444091796875,,1022900,138208561.61499023,,,
2023-07-31,135.56875244827106,135.99341602227267,134.61077290961663,134.66015625,,828500,111565939.453125,,,
2023-08-01,134.6305213793469,134.99593095137172,134.03795146879094,134.69964599609375,,807400,108756494.1772461,,,
2023-08-02,133.4947670480862,133.5046376878724,131.14425878657647,131.55906677246094,,829500,109128245.88775635,,,
2023-08-03,130.57147018287083,131.13439808693485,130.27518520035704,130.56158447265625,,463400,60502238.244628906,,,
2023-08-04,131.4010452731821,132.84294229600704,130.8677293345753,131.31216430664062,,645600,84775133.27636719,,,
2023-08-07,133.84044524569657,134.18609849992717,132.80345534364443,134.11697387695312,,594800,79772776.06201172,,,
2023-08-08,131.89485470005303,133.12936285885235,131.52943003766626,132.9614715576172,,1218500,162013553.09295654,,,
2023-08-09,133.07010696831426,134.531760387842,132.88245931972148,133.84043884277344,,1402900,187764751.65252686,,,
2023-08-10,136.26007112002046,137.780978511745,135.84527819500465,136.18106079101562,,1222300,166454110.6048584,,,
2023-08-11,135.2724655649657,136.0230410912802,134.87742898683794,135.94403076171875,,1340100,182178595.6237793,,,
2023-08-14,136.0625520925206,137.27730387129597,135.86503380592222,137.22792053222656,,662800,90954665.72875977,,,
2023-08-15,136.36871698487775,136.88227662075406,135.70702239138348,135.98355102539062,,808600,109956299.35913086,,,
2023-08-16,136.60574335232852,137.36618953520951,135.63787809645848,135.71688842773438,,710800,96467564.2944336,,,
2023-08-17,134.78854156128767,134.9959455733507,132.47754578522765,132.67506408691406,,1063300,141073395.64361572,,,
2023-08-18,132.3195170066759,133.97870379245393,131.98373440741972,133.6824188232422,,1050800,140473485.6994629,,,
2023-08-21,134.4033749709922,135.2626029373205,133.84044706033058,135.0157012939453,,562900,76000338.25836182,,,
2023-08-22,137.11928532172936,137.25754963144132,136.31932645341865,136.75387573242188,,629600,86100240.16113281,,,
2023-08-23,136.7637524739032,138.80810529050513,136.7637524739032,138.40318298339844,,680700,94211046.65679932,,,
2023-08-24,137.09953914944583,137.13903677809148,133.78118076508713,133.89968872070312,,837000,112074039.45922852,,,
2023-08-25,135.2132068544367,136.2699379522797,133.7120407846503,135.7563934326172,,793300,107695546.91009521,,,
2023-08-28,136.23045168400145,137.00078359741227,135.85515636783916,136.62548828125,,556700,76059409.32617188,,,
2023-08-29,135.84528415861647,138.4031815100119,135.84528415861647,138.31430053710938,,403100,55754494.54650879,,,
2023-08-30,138.4426822605017,139.4302888341495,138.4426822605017,138.89698791503906,,374300,51989142.57659912,,,
2023-08-31,138.94636200101726,139.5883002032501,137.75135149585597,137.95875549316406,,557200,76870618.56079102,,,
2023-09-01,138.77846558503862,138.87721719037444,136.1514287543084,136.4773406982422,,533700,72837956.73065186,,,
2023-09-05,136.10205520671337,136.4180965337503,135.43048999127979,135.9637908935547,,443300,60272748.50311279,,,
2023-09-06,136.57610332632166,137.07979231199764,135.94403573638004,137.02053833007812,,550000,75361296.08154297,,,
2023-09-07,137.6130898114433,138.36368041631823,137.08965955787508,138.2155303955078,,623900,86232669.41375732,,,
2023-09-08,138.55131664718402,139.62781924258044,138.55131664718402,138.71922302246094,,574100,79638705.93719482,,,
2023-09-11,137.39582234562732,137.50445967202344,136.31933479204415,137.44520568847656,,678600,93270316.5802002,,,
2023-09-12,133.47500956937492,134.6107660616953,133.3466309745247,133.5737762451172,,975500,130301218.72711182,,,
2023-09-13,133.9194462309535,134.57125506217164,133.25773662054982,134.0675811767578,,590400,79153499.92675781,,,
2023-09-14,133.9490722689698,134.58113981604527,133.3466317108448,134.3046112060547,,785300,105469411.18011475,,,
2023-09-15,134.06759299720449,134.56139628632863,133.33675870421578,133.5639190673828,,770400,102897643.24951172,,,
2023-09-18,132.7540744397726,134.00833901365846,132.7540744397726,133.5639190673828,,536200,71616973.40393066,,,
2023-09-19,132.85283193373112,133.4453867978745,132.28001834961694,133.0305938720703,,652400,86789159.44213867,,,
2023-09-20,132.72443372499762,133.37625761596968,131.87509155273438,131.87509155273438,,632100,83358245.3704834,,,
2023-09-21,131.29240793428102,131.80596752367248,129.43570292856649,129.5344696044922,,1481800,191944177.05993652,,,
2023-09-22,130.62083077039821,131.83559762026823,130.3541878645354,131.00599670410156,,746600,97809077.13928223,,,
2023-09-25,130.06778036791823,130.50232966356222,129.59373344070664,130.31468200683594,,576000,75061256.8359375,,,
2023-09-26,127.26297717284345,128.23082734599694,125.35689628181608,125.60379791259766,,1159900,145687845.19882202,,,
2023-09-27,126.68029461871686,126.91731054281134,125.29764396105979,126.09760284423828,,739800,93287006.58416748,,,
2023-09-28,125.62354529918377,127.24321937590537,125.17912538276664,126.36425018310547,,1486200,187802548.62213135,,,
2023-09-29,129.49496487487238,129.60360219720417,127.29260650725118,127.71728515625,,855300,109236593.99414062,,,
2023-10-02,127.63827032412446,127.98392355958909,126.2556121732279,126.96669006347656,,651500,82718798.57635498,,,
2023-10-03,126.78892701678645,127.23334692688488,125.76180781999798,126.35437774658203,,654800,82736846.54846191,,,
2023-10-04,127.15433797645699,127.83578887850865,125.90995166592256,127.33209991455078,,529100,67371414.06478882,,,
2023-10-05,127.23335137761524,127.98392691715547,126.51240282847264,127.95429992675781,,816900,104525867.61016846,,,
2023-10-06,127.13457895575159,129.8406261574244,126.56176538446265,129.2974395751953,,1055100,136421728.49578857,,,
2023-10-09,127.401246942898,128.32959952556874,126.81856268600644,128.2999725341797,,1507600,193425038.5925293,,,
2023-10-10,129.40608330648686,130.13691756877625,128.95179273859657,129.573974609375,,1052600,136389565.67382812,,,
2023-10-11,130.06777091671285,130.92699880509429,129.8406256449242,130.7492218017578,,995200,130121625.53710938,,,
2023-10-12,130.89735800293207,131.52942555591295,129.64310860649883,130.0282745361328,,1034000,134449235.87036133,,,
2023-10-13,129.08017214047945,129.1789388226394,126.21611919399942,127.19384002685547,,1352400,172016949.25231934,,,
2023-10-16,127.69752657195406,129.24806097845916,127.38148525081591,129.08016967773438,,1988400,256663009.38720703,,,
2023-10-17,127.20372995166714,129.40608839575245,126.83830527131117,128.87278747558594,,1112800,143409637.90283203,,,
2023-10-18,126.64078414128957,127.5197533711555,125.72231727994115,126.02847290039062,,1782900,224696164.33410645,,,
2023-10-19,132.75406335346082,134.11696513992507,131.48992824444557,131.72695922851562,,2078600,273807657.4523926,,,
2023-10-20,131.02575573566216,131.34179705680032,129.0307863375966,129.08016967773438,,1356000,175032710.0830078,,,
2023-10-23,129.5245945686981,131.18378142896717,128.4678633836712,130.56158447265625,,732600,95649416.78466797,,,
2023-10-24,131.3220451230799,132.1615167246143,130.94674980902735,132.01336669921875,,675700,89201431.87866211,,,
2023-10-25,130.8479958072969,131.24303239511585,129.06041531276458,129.09005737304688,,840700,108526011.23352051,,,
2023-10-26,130.31468331457515,130.7887302465439,129.01105048424097,129.59373474121094,,1082900,140337055.35125732,,,
2023-10-27,130.92701079119837,131.3121767523964,129.40608822772282,129.76162719726562,,690400,89587427.41699219,,,
2023-10-30,131.12452306928185,132.42815585127315,130.68997378539152,131.9936065673828,,878400,115943184.00878906,,,
2023-10-31,132.18125850832047,132.7540721220656,131.8059782625207,132.3392791748047,,758500,100379343.25408936,,,
2023-11-01,132.5763013182075,134.40336429220957,132.51703226997506,134.39349365234375,,618100,83068618.42651367,,,
2023-11-02,137.14891758106842,137.4550732022163,136.26994834919734,136.86251831054688,,712000,97446113.03710938,,,
2023-11-03,137.02053717490605,137.7118587409389,136.42796722134653,137.25755310058594,,764900,104988302.36663818,,,
2023-11-06,136.72424842269078,137.06990166132255,136.06255386563961,136.8328857421875,,488800,66883914.55078125,,,
2023-11-07,138.35378985417302,139.71669163549552,138.02787790343595,138.91673278808594,,461700,64137855.52825928,,,
2023-11-08,139.9537294500352,140.87219629902495,139.9537294500352,140.40802001953125,,662700,93048394.86694336,,,
2023-11-09,141.27710970966822,142.53137415639665,140.62528581738303,140.68453979492188,,711500,100097050.06408691,,,
2023-11-10,141.53388792685183,143.3510803063741,141.23760295700635,143.3017120361328,,609300,87313733.14361572,,,
2023-11-13,142.1165742568424,143.3017141537374,141.938812314116,143.23257446289062,,400200,57321676.30004883,,,
2023-11-14,146.25465015468598,146.41267081917354,145.16829199311394,145.82998657226562,,693700,101162261.68518066,,,
2023-11-15,146.32378234702784,147.29163249546917,145.77072511934708,146.6793212890625,,902600,132392755.39550781,,,
2023-11-16,146.83732457020892,147.80518977313258,146.2645260717328,146.74844360351562,,835400,122593649.78637695,,,
2023-11-17,147.44966028392233,148.22986282435016,147.09412132469043,148.0915985107422,,439900,65145494.18487549,,,
2023-11-20,150.649494834951,151.57784739280015,150.5902408537572,151.40008544921875,,750700,113656044.14672852,,,
2023-11-21,151.20257057505125,151.65686115426485,150.3433426192687,150.61000061035156,,697800,105095658.42590332,,,
2023-11-22,152.39756708677564,152.5654583949628,151.11367553452513,151.26182556152344,,1184100,179109127.6473999,,,
2023-11-24,152.3580630648577,152.61483533666672,151.99263840266528,152.279052734375,,276100,42044246.45996094,,,
2023-11-27,152.64446482332525,153.38516973032483,152.5259568605029,153.01976013183594,,719900,110158925.31890869,,,
2023-11-28,153.57281156215927,154.77769270410553,153.4444178941829,154.36289978027344,,583900,90132497.18170166,,,
2023-11-29,156.31836366175503,157.10845191636494,156.0912183745717,156.66403198242188,,584500,91570126.69372559,,,
2023-11-30,157.17757620963883,157.3948508559437,156.01220771553096,157.14794921875,,920400,144638972.4609375,,,
2023-12-01,156.42699841872113,158.36271385727315,156.189967425323,158.10592651367188,,810900,128208095.80993652,,,
2023-12-04,156.80229353503387,157.5232420849405,155.94306560355196,157.2960968017578,,670300,105435573.68621826,,,
2023-12-05,156.49613938748553,157.46398957982476,156.29860602320085,157.38497924804688,,566900,89221544.73571777,,,
2023-12-06,157.8491495167154,157.95778683506236,156.10108178319788,156.14059448242188,,588900,91951196.09069824,,,
2023-12-07,156.61464358687718,157.4936127859747,156.32822925735485,157.36521911621094,,635000,99926914.13879395,,,
2023-12-08,156.38749869429753,158.2441887071799,156.27886137415445,158.17506408691406,,685400,108413188.9251709,,,
2023-12-11,154.5702974762041,157.20720518638086,154.5702974762041,157.1578369140625,,1078700,169526158.67919922,,,
2023-12-12,155.83442298265433,157.2071954146761,155.83442298265433,156.29859924316406,,736400,115098288.48266602,,,
2023-12-13,156.51588085278718,157.85902635523567,155.48877667782298,157.78990173339844,,859800,135667757.51037598,,,
2023-12-14,154.7381868891468,155.202363172827,153.20740879369077,154.0764923095703,,1090300,167989599.5651245,,,
2023-12-15,152.48643502210805,152.85185966837898,151.30131025586266,151.59759521484375,,1251200,189678911.1328125,,,
2023-12-18,152.56544694911216,153.2074002119166,151.7457317508623,152.98023986816406,,933300,142776457.86895752,,,
2023-12-19,153.15802001953125,153.5826835871607,149.12858363352223,153.15802001953125,,1018600,156006759.19189453,,,
2023-12-20,151.54821430538547,151.7556183008997,149.0100734383886,149.266845703125,,901900,134623768.13964844,,,
2023-12-21,149.44463338808313,150.32360263249143,148.97057138436963,150.29396057128906,,759400,114133233.65783691,,,
2023-12-22,150.14581582565282,150.99515802317035,149.9877951680497,150.80751037597656,,448400,67622087.65258789,,,
2023-12-26,150.62974634416963,151.53834250823593,150.62974634416963,151.28155517578125,,279700,42313450.982666016,,,
2023-12-27,152.94074558603188,154.06661641086254,152.9012479560727,153.9678497314453,,911600,140357091.81518555,,,
2023-12-28,153.21727147418287,153.63206439491975,152.4173126220703,152.4173126220703,,1295500,197456628.5018921,,,
2023-12-29,152.09140329733566,153.13826379199978,152.09140329733566,152.67408752441406,,432200,65985740.62805176,,,
2024-01-02,149.29648253469526,149.40511985956843,147.87432667078463,148.348388671875,,918400,136243160.15625,,,
2024-01-03,148.14098249736645,148.6051587814326,147.57803953043006,147.93357849121094,,945400,139856405.10559082,,,
2024-01-04,147.68666906676137,147.8940730619813,146.54105698214232,146.6793212890625,,905700,132847461.2915039,,,
2024-01-05,147.61754832656632,149.2174660729181,147.5977919765789,147.9928436279297,,576300,85288275.78277588,,,
2024-01-08,149.55325028202753,150.79764416006049,149.4841256608478,150.66925048828125,,606100,91320632.72094727,,,
2024-01-09,149.28660717962796,150.56061297683436,149.28660717962796,150.2643280029297,,466600,70113335.44616699,,,
2024-01-10,152.9209933117405,154.3233927926996,152.32843842848334,153.90859985351562,,961800,148029291.33911133,,,
2024-01-11,154.70856155678857,155.3110021610226,153.03951912934434,154.57029724121094,,484700,74920223.07281494,,,
2024-01-12,156.0220770258933,156.9603002252953,155.7159214095318,156.57513427734375,,603900,94555723.59008789,,,
2024-01-16,154.83695214312735,155.49864671659782,154.34314887310344,154.87646484375,,523800,81124292.28515625,,,
2024-01-17,154.87646062973076,155.9529481123697,153.88885411655463,155.82455444335938,,615700,95941178.17077637,,,
2024-01-18,157.0393119345349,158.54047810855522,156.97018731233715,158.44171142578125,,967100,153228979.11987305,,,
2024-01-19,159.18241482420024,161.69094387388247,159.1330465529626,161.42428588867188,,763800,123295869.56176758,,,
2024-01-22,160.86135914939027,161.70081567228038,160.67371149436775,161.18727111816406,,762700,122937531.68182373,,,
2024-01-23,159.19230281035414,161.36503421467143,159.07379484620157,161.35516357421875,,1157100,186704059.77172852,,,
2024-01-24,172.38671465008855,174.20390696238604,171.11269384778765,172.4459686279297,,2737500,472070839.1189575,,,
2024-01-25,173.76936857012407,173.78912492053345,170.19423769970044,171.2904815673828,,1773700,303817927.1560669,,,
2024-01-26,171.16208674101847,171.96204562588986,170.90531446614614,171.52749633789062,,1070500,183620184.8297119,,,
2024-01-29,172.00155083062242,174.26316307410133,171.78427619609164,174.15452575683594,,642000,111807205.53588867,,,
2024-01-30,174.21378808101795,174.41132144527535,173.0780465849374,173.55209350585938,,631600,109615502.25830078,,,
2024-01-31,173.46321061498753,173.8977599000592,170.90531331475535,170.95469665527344,,685900,117257826.43585205,,,
2024-02-01,172.93978541873378,175.12240254818377,172.78176475232434,175.0236358642578,,601600,105294219.3359375,,,
2024-02-02,174.31255857992775,175.34954848626563,173.47308697249227,174.86561584472656,,851500,148898071.89178467,,,
2024-02-05,174.0952801654206,175.2902907129104,173.66073087542432,174.84585571289062,,661000,115573110.6262207,,,
2024-02-06,176.94945300333768,177.20622526565086,175.843338556845,176.57415771484375,,602300,106350615.19165039,,,
2024-02-07,177.838311038492,179.31972079973804,177.70991737021996,178.93453979492188,,619900,110921521.21887207,,,
2024-02-08,178.262971023294,178.93453620145934,178.02594004117026,178.914794921875,,558000,99834455.56640625,,,
2024-02-09,179.4086098576897,179.68513848668246,178.60865096169778,179.2999725341797,,446900,80129157.7255249,,,
2024-02-12,177.6605360474395,178.58888858617294,176.87044781853788,177.16673278808594,,607300,107593356.82220459,,,
2024-02-13,171.10282771293654,172.43610252818183,170.944807054747,171.8237762451172,,1023600,175878817.36450195,,,
2024-02-14,173.69036179789993,175.31003596202646,173.65086416595156,175.27053833007812,,583600,102287886.1694336,,,
2024-02-15,175.06312810804482,175.42855277157992,174.18415889900484,175.39892578125,,581100,101924315.77148438,,,
2024-02-16,174.43105393978027,175.88283668980176,173.77924510747445,174.71746826171875,,456600,79775996.00830078,,,
2024-02-20,174.8853628238676,175.4186637092939,173.53234672572654,174.41131591796875,,471800,82287258.85009766,,,
2024-02-21,173.18667361513945,173.868124500162,172.7126267223895,173.73973083496094,,494700,85949044.84405518,,,
2024-02-22,178.09508694146885,179.4481030620669,177.97657898044702,179.438232421875,,573300,102871938.64746094,,,
2024-02-23,181.22579648940174,182.17390537962385,180.90975516943453,181.93687438964844,,731200,133032242.55371094,,,
2024-02-26,185.5120081567378,185.8082931315556,184.96882154785186,185.18609619140625,,612000,113333890.86914062,,,
2024-02-27,186.10458243711386,187.47735495169076,185.7194164817917,186.82553100585938,,786900,147013010.34851074,,,
2024-02-28,184.67254766590406,184.77129927559687,183.7836927605917,184.35650634765625,,533600,98372631.78710938,,,
2024-02-29,185.01819574378374,185.86753792578534,183.823200332979,185.5416259765625,,591700,109784980.09033203,,,
2024-03-01,184.7120411881706,186.2329636264764,184.4947665541269,186.19345092773438,,641300,119405860.07995605,,,
2024-03-04,187.013166015347,188.958752011071,186.83538901047072,188.455078125,,659300,124248433.0078125,,,
2024-03-05,188.85998435715487,188.96862167355096,184.27749085862044,185.13671875,,816100,151090076.171875,,,
2024-03-06,187.84275607099767,189.40317617249377,187.6057401520784,188.31680297851562,,599600,112914755.06591797,,,
2024-03-07,190.85495541191162,193.56100263688558,190.72656174509396,193.14620971679688,,961400,185690766.02172852,,,
2024-03-08,191.84256911462737,192.40551207211655,190.0056203597001,190.5981903076172,,646800,123278909.4909668,,,
2024-03-11,186.1835937686186,187.7440139489704,186.03544374212782,187.47735595703125,,1213400,227485023.71826172,,,
2024-03-12,188.92913677556717,191.52653176494942,188.3069398243107,191.4277801513672,,668200,127912042.69714355,,,
2024-03-13,190.48955491747182,190.63768987111308,188.97851811161104,190.12413024902344,,676500,128618974.11346436,,,
2024-03-14,189.58095614958458,190.13401339529455,187.1514374548676,188.08966064453125,,659000,123951086.3647461,,,
2024-03-15,186.38110331945674,186.50949698911964,184.8799371922891,185.97618103027344,,756500,140690980.94940186,,,
2024-03-18,186.2625982540023,186.69713247023003,184.25775819648524,184.4552764892578,,684500,126259636.75689697,,,
2024-03-19,185.35398250998938,186.41072870883124,184.78118399567217,186.37123107910156,,442600,82487906.87561035,,,
2024-03-20,186.43049119431726,188.17854392387653,185.7194132783447,188.02053833007812,,412400,77539670.00732422,,,
2024-03-21,190.01549447702072,194.17332468941382,189.68959757635054,192.3956298828125,,617700,118842780.57861328,,,
2024-03-22,192.10922459890932,193.52149468986443,191.3191363685251,192.92893981933594,,533300,102889003.60565186,,,
2024-03-25,192.73140857471432,193.80791114689623,192.36599898039407,192.85980224609375,,419500,80904687.04223633,,,
2024-03-26,195.2300498275649,196.09914838829664,194.1436916963298,194.2227020263672,,556900,108162622.75848389,,,
2024-03-27,196.73121978730492,196.82010075919678,193.84741049837925,194.64736938476562,,852700,165975811.87438965,,,
2024-03-28,193.06720541341156,193.8671642892368,192.08946952646977,192.61289978027344,,376200,72460972.89733887,,,
2024-04-01,193.93629225184145,194.57824554734495,192.95857141773112,193.6005096435547,,554200,107293402.44445801,,,
2024-04-02,189.9463719042159,190.16364655346052,187.97115877994145,189.7389678955078,,644900,122362660.39581299,,,
2024-04-03,188.59335107301808,191.18087537953798,188.5044550316669,190.8450927734375,,870000,166035230.71289062,,,
2024-04-04,190.82533631344188,191.6154245570968,188.6624755859375,188.6624755859375,,1249400,235714896.9970703,,,
2024-04-05,189.037765702444,190.83520171447367,188.58346007716915,189.44268798828125,,639300,121110710.4309082,,,
2024-04-08,190.39079217977294,191.06237247944702,189.21553795760343,189.2550506591797,,519600,98336924.32250977,,,
2024-04-09,187.4477181546194,187.7736301104858,184.3960176628877,185.56138610839844,,995400,184707803.7322998,,,
2024-04-10,182.58869830982115,183.52692149024452,181.22579648940174,181.93687438964844,,682400,124153723.0834961,,,
2024-04-11,181.69983909334414,183.66518144740235,179.73451180896515,183.368896484375,,1037200,190190219.43359375,,,
2024-04-12,179.33946387280517,180.48509104967943,178.3321160752553,178.5395050048828,,987000,176218491.43981934,,,
2024-04-15,181.88749481380148,182.1640234396557,177.96669564118585,177.99632263183594,,529700,94284652.0980835,,,
2024-04-16,179.2505876695867,180.08017354951616,177.89757152710558,178.32223510742188,,799400,142550794.74487305,,,
2024-04-17,179.50735114620102,179.50735114620102,177.0087079188674,177.7099151611328,,489600,87006774.46289062,,,
2024-04-18,177.68028987106018,178.58888604699075,175.87296815916113,176.426025390625,,1502900,265150673.5595703,,,
2024-04-19,176.00136077892338,176.4161537000511,172.91014761543266,173.5915985107422,,954100,165623744.13909912,,,
2024-04-22,174.40143468734348,176.77169941707118,173.95701475979448,175.9717254638672,,1062900,187040346.99554443,,,
2024-04-23,182.5393195430096,185.9169321189606,182.5294489026432,185.67990112304688,,1649200,306223292.9321289,,,
2024-04-24,186.19345682192602,186.92429107499748,184.29725410361914,185.73916625976562,,1188900,220825294.76623535,,,
2024-04-25,179.1221841960899,182.9738585473295,177.92718878269662,182.79608154296875,,1557100,284631778.57055664,,,
2024-04-26,183.38865630445946,184.5540247594947,183.28001898494944,183.87257385253906,,920900,169328253.26080322,,,
2024-04-29,182.48006872042055,182.55907905375955,180.801140578587,181.49246215820312,,476700,86517456.71081543,,,
2024-04-30,180.38632838016983,181.18630233555564,178.67777328664482,178.9641876220703,,773200,138375109.86938477,,,
2024-05-01,179.448106292781,181.15666139688437,176.92970658796924,177.83831787109375,,622200,110651001.37939453,,,
2024-05-02,179.24071670563285,179.38885165903855,177.48277826671236,178.4012451171875,,731400,130482670.67871094,,,
2024-05-03,181.33442751484986,181.97636570294057,180.56409566126942,181.17640686035156,,377200,68339740.66772461,,,
2024-05-06,181.7097373268249,183.1713908235739,181.44307933475358,183.1121368408203,,419200,76760607.76367188,,,
2024-05-07,184.7219254767582,185.97619003510752,184.33675951879962,185.21572875976562,,483600,89570326.42822266,,,
2024-05-08,186.54900125944096,188.01065473888812,186.30209962110354,187.95140075683594,,907600,170584691.3269043,,,
2024-05-09,188.05016034059227,189.65007807431954,187.82299999172815,189.61058044433594,,652600,123739864.79797363,,,
2024-05-10,187.34895753777946,188.3266934370139,187.0625582719705,187.6946258544922,,541800,101692948.28796387,,,
2024-05-13,188.54396659946124,188.8303658630193,187.3588417752573,187.60574340820312,,356200,66825165.80200195,,,
2024-05-14,186.8057666488247,187.5760985264532,186.19345543062755,187.3489532470703,,495700,92868876.12457275,,,
2024-05-15,187.62548917759835,190.0648785750396,187.48722486262793,190.0550079345703,,528300,100406060.6918335,,,
2024-05-16,192.5500030517578,192.91000366210938,190.63999938964844,190.6699981689453,,855300,163080049.43389893,,,
2024-05-17,191.1199951171875,193.08999633789062,190.8000030517578,192.8000030517578,,570000,109896001.73950195,,,
2024-05-20,194.13999938964844,195.75,193.85000610351562,195.3000030517578,,701800,137061542.14172363,,,
2024-05-21,195.19000244140625,195.80999755859375,194.58999633789062,194.72000122070312,,843000,164148961.02905273,,,
2024-05-22,194.0,195.0800018310547,193.6300048828125,193.91000366210938,,540800,104866529.98046875,,,
2024-05-23,196.75,196.99000549316406,193.97000122070312,195.02000427246094,,844100,164616385.60638428,,,
2024-05-24,194.6199951171875,195.63999938964844,193.25999450683594,195.3800048828125,,651800,127348687.18261719,,,
2024-05-28,193.91000366210938,194.0399932861328,191.6699981689453,192.52000427246094,,794900,153034151.3961792,,,
2024-05-29,189.9600067138672,191.13999938964844,189.74000549316406,190.3699951171875,,747400,142282534.35058594,,,
2024-05-30,185.25,185.52999877929688,179.75999450683594,180.25,,1950600,351595650.0,,,
2024-05-31,181.97999572753906,182.64999389648438,179.42999267578125,182.44000244140625,,848700,154836830.07202148,,,
2024-06-03,183.89999389648438,184.39999389648438,181.83999633789062,184.24000549316406,,755000,139101204.14733887,,,
2024-06-04,184.0,184.99000549316406,183.22999572753906,184.22000122070312,,470500,86675510.57434082,,,
2024-06-05,186.1699981689453,188.77999877929688,185.3699951171875,188.75,,697700,131690875.0,,,
2024-06-06,194.30999755859375,194.47000122070312,192.6999969482422,193.0399932861328,,852100,164489378.27911377,,,
2024-06-07,191.72999572753906,192.3300018310547,190.91000366210938,191.10000610351562,,512900,98015193.13049316,,,
2024-06-10,188.8300018310547,190.52000427246094,188.75999450683594,190.24000549316406,,456300,86806514.50653076,,,
2024-06-11,187.19000244140625,189.5500030517578,186.39999389648438,188.74000549316406,,1006300,189929067.527771,,,
2024-06-12,195.1699981689453,197.42999267578125,194.89999389648438,197.1999969482422,,1325100,261309715.95611572,,,
2024-06-13,195.10000610351562,195.52000427246094,190.3300018310547,192.4199981689453,,909600,175025230.33447266,,,
2024-06-14,188.16000366210938,188.69000244140625,186.5,187.82000732421875,,1359700,255378863.95874023,,,
2024-06-17,188.7100067138672,190.41000366210938,188.1699981689453,190.02000427246094,,1070100,203340406.57196045,,,
2024-06-18,188.8000030517578,189.82000732421875,188.4499969482422,188.6199951171875,,681600,128563388.671875,,,
2024-06-20,190.49000549316406,193.44000244140625,190.2100067138672,191.47000122070312,,1168800,223790137.4267578,,,
2024-06-21,192.8800048828125,194.3000030517578,192.00999450683594,194.16000366210938,,650800,126359330.38330078,,,
2024-06-24,192.13999938964844,193.3300018310547,191.58999633789062,191.69000244140625,,709900,136080732.7331543,,,
2024-06-25,193.00999450683594,195.7899932861328,192.41000366210938,195.74000549316406,,696100,136254617.8237915,,,
2024-06-26,197.3300018310547,199.33999633789062,197.0399932861328,198.58999633789062,,1205700,239439958.58459473,,,
2024-06-27,199.6699981689453,201.4499969482422,199.61000061035156,200.75,,763100,153192325.0,,,
2024-06-28,201.75999450683594,204.3300018310547,200.88999938964844,201.7100067138672,,843300,170102048.6618042,,,
2024-07-01,200.5399932861328,200.83999633789062,198.5800018310547,199.4199981689453,,753400,150243026.6204834,,,
2024-07-02,197.67999267578125,199.3300018310547,197.5500030517578,198.5800018310547,,596300,118413255.09185791,,,
2024-07-03,201.16000366210938,203.25,201.11000061035156,203.02000427246094,,471600,95744234.01489258,,,
2024-07-05,205.7100067138672,206.0800018310547,203.72999572753906,205.94000244140625,,552300,113740663.34838867,,,
2024-07-08,205.64999389648438,205.72999572753906,202.4600067138672,202.7899932861328,,544900,110500267.34161377,,,
2024-07-09,202.64999389648438,202.64999389648438,199.58999633789062,200.27999877929688,,654000,130983119.20166016,,,
2024-07-10,201.27000427246094,202.4199981689453,200.58999633789062,202.2899932861328,,465900,94246907.87200928,,,
2024-07-11,203.77000427246094,204.13999938964844,201.3699951171875,201.72999572753906,,613000,123660487.38098145,,,
2024-07-12,202.8800048828125,206.33999633789062,202.47000122070312,205.11000061035156,,635300,130306383.38775635,,,
2024-07-15,205.3300018310547,205.7100067138672,203.25,203.50999450683594,,493700,100472884.2880249,,,
2024-07-16,204.49000549316406,204.91000366210938,203.5,204.8699951171875,,425800,87233643.92089844,,,
2024-07-17,201.50999450683594,202.16000366210938,199.1699981689453,200.00999450683594,,790500,158107900.6576538,,,
2024-07-18,200.6300048828125,200.77000427246094,196.13999938964844,197.22999572753906,,795700,156935907.60040283,,,
2024-07-19,196.75999450683594,198.6199951171875,196.66000366210938,197.2100067138672,,699600,137968120.69702148,,,
2024-07-22,199.22999572753906,201.3000030517578,199.0399932861328,200.47000122070312,,1058500,212197496.29211426,,,
2024-07-23,212.55999755859375,214.94000244140625,211.0,214.75999450683594,,2594000,557087425.7507324,,,
2024-07-24,211.85000610351562,212.3300018310547,208.97000122070312,209.39999389648438,,1380700,289118571.572876,,,
2024-07-25,210.27999877929688,213.77000427246094,208.89999389648438,210.80999755859375,,1378100,290517257.63549805,,,
2024-07-26,211.7100067138672,214.0500030517578,210.91000366210938,213.4499969482422,,688300,146917632.8994751,,,
2024-07-29,211.27000427246094,211.85000610351562,208.69000244140625,209.1999969482422,,1005100,210266916.93267822,,,
2024-07-30,207.7899932861328,208.67999267578125,206.3699951171875,206.75999450683594,,1045500,216167574.25689697,,,
2024-07-31,210.7100067138672,212.44000244140625,209.6999969482422,211.60000610351562,,491500,104001402.99987793,,,
2024-08-01,208.69000244140625,211.08999633789062,204.35000610351562,205.55999755859375,,681900,140171362.33520508,,,
2024-08-02,204.0800018310547,204.99000549316406,202.6699981689453,204.72000122070312,,1144600,234322513.3972168,,,
2024-08-05,195.10000610351562,200.77999877929688,194.92999267578125,199.02999877929688,,1473800,293330412.20092773,,,
2024-08-06,201.2899932861328,204.5500030517578,201.02999877929688,201.72999572753906,,898700,181294747.16033936,,,
2024-08-07,203.8800048828125,205.91000366210938,201.36000061035156,201.58999633789062,,715100,144157006.3812256,,,
2024-08-08,203.08999633789062,206.9499969482422,201.7100067138672,206.27999877929688,,1038200,214159894.73266602,,,
2024-08-09,205.75999450683594,208.99000549316406,205.75999450683594,208.52999877929688,,593300,123720848.27575684,,,
2024-08-12,207.0800018310547,207.8000030517578,205.50999450683594,205.97999572753906,,521200,107356773.77319336,,,
2024-08-13,208.4600067138672,211.36000061035156,208.24000549316406,211.02000427246094,,413200,87193465.76538086,,,
2024-08-14,211.97000122070312,212.7899932861328,210.8300018310547,212.5500030517578,,711000,151123052.1697998,,,
2024-08-15,213.47999572753906,215.52000427246094,213.44000244140625,214.94000244140625,,543200,116755409.32617188,,,
2024-08-16,215.6300048828125,217.10000610351562,215.16000366210938,216.1699981689453,,546500,118136903.99932861,,,
2024-08-19,216.16000366210938,219.05999755859375,215.89999389648438,219.0399932861328,,558700,122377644.2489624,,,
2024-08-20,219.17999267578125,220.1199951171875,217.1300048828125,217.77000427246094,,567900,123671585.42633057,,,
2024-08-21,218.82000732421875,219.5,217.8000030517578,218.8699951171875,,471800,103262863.69628906,,,
2024-08-22,219.67999267578125,220.10000610351562,217.14999389648438,217.25,,1449600,314925600.0,,,
2024-08-23,218.02999877929688,220.1300048828125,217.4600067138672,219.14999389648438,,1285100,281629657.1563721,,,
2024-08-26,217.41000366210938,217.7899932861328,215.86000061035156,215.86000061035156,,1566600,338166276.95617676,,,
2024-08-27,216.5500030517578,218.66000366210938,216.3800048828125,217.8300018310547,,1007400,219441943.8446045,,,
2024-08-28,218.6300048828125,219.0399932861328,216.58999633789062,216.92999267578125,,642900,139464292.29125977,,,
2024-08-29,219.4499969482422,221.24000549316406,218.25,218.77999877929688,,736400,161109591.10107422,,,
2024-08-30,218.85000610351562,219.85000610351562,217.58999633789062,219.7100067138672,,355900,78194791.38946533,,,
2024-09-03,220.33999633789062,220.52999877929688,215.52000427246094,216.49000549316406,,779600,168775608.2824707,,,
2024-09-04,213.74000549316406,216.22000122070312,213.41000366210938,215.42999267578125,,586800,126414319.70214844,,,
2024-09-05,212.50999450683594,214.19000244140625,211.9199981689453,212.60000610351562,,1305000,277443007.9650879,,,
2024-09-06,214.30999755859375,214.80999755859375,210.3800048828125,211.3300018310547,,682400,144211593.24951172,,,
2024-09-09,212.0800018310547,214.5399932861328,211.66000366210938,213.97999572753906,,836000,178887276.42822266,,,
2024-09-10,213.39999389648438,214.55999755859375,210.80999755859375,213.9199981689453,,1422100,304215629.3960571,,,
2024-09-11,214.82000732421875,217.92999267578125,212.11000061035156,217.6199951171875,,732700,159450170.42236328,,,
2024-09-12,218.4600067138672,221.17999267578125,217.8800048828125,221.00999450683594,,562700,124362323.90899658,,,
2024-09-13,221.1999969482422,222.64999389648438,220.72999572753906,221.27999877929688,,549100,121504847.32971191,,,
2024-09-16,223.52000427246094,223.89999389648438,222.3000030517578,223.60000610351562,,646000,144445603.9428711,,,
2024-09-17,223.25999450683594,223.50999450683594,221.33999633789062,222.05999755859375,,621800,138076906.4819336,,,
2024-09-18,222.4600067138672,224.0500030517578,221.14999389648438,221.8800048828125,,591000,131131082.88574219,,,
2024-09-19,229.13999938964844,230.19000244140625,228.27000427246094,228.97000122070312,,784400,179604068.95751953,,,
2024-09-20,229.17999267578125,229.27999877929688,227.00999450683594,228.80999755859375,,577800,132206416.58935547,,,
2024-09-23,230.47000122070312,230.85000610351562,229.77000427246094,230.44000244140625,,374900,86391956.9152832,,,
2024-09-24,229.9199981689453,231.1300048828125,228.25999450683594,230.92999267578125,,572900,132299792.80395508,,,
2024-09-25,224.9600067138672,225.9199981689453,223.2899932861328,223.2899932861328,,1305200,291438099.23706055,,,
2024-09-26,229.63999938964844,229.63999938964844,226.66000366210938,228.11000061035156,,1057000,241112270.6451416,,,
2024-09-27,228.63999938964844,229.67999267578125,227.72999572753906,228.0,,618100,140926800.0,,,
2024-09-30,229.60000610351562,229.88999938964844,227.27999877929688,229.10000610351562,,488500,111915352.98156738,,,
2024-10-01,230.6300048828125,230.6699981689453,224.74000549316406,225.80999755859375,,731600,165202594.2138672,,,
2024-10-02,223.58999633789062,225.57000732421875,222.3300018310547,224.6300048828125,,534700,120109663.61083984,,,
2024-10-03,221.52999877929688,221.83999633789062,219.86000061035156,220.47000122070312,,756900,166873743.9239502,,,
2024-10-04,220.30999755859375,221.0399932861328,219.47000122070312,220.8800048828125,,955300,211006668.66455078,,,
2024-10-07,220.41000366210938,220.69000244140625,217.52000427246094,218.1300048828125,,803200,175202019.921875,,,
2024-10-08,223.75999450683594,226.7899932861328,223.25999450683594,226.6300048828125,,1102800,249927569.38476562,,,
2024-10-09,225.5800018310547,228.91000366210938,225.5399932861328,228.89999389648438,,762700,174582025.34484863,,,
2024-10-10,224.88999938964844,225.5,223.6999969482422,224.77000427246094,,685900,154169745.93048096,,,
2024-10-11,226.17999267578125,228.6300048828125,225.6699981689453,228.14999389648438,,553500,126281021.6217041,,,
2024-10-14,230.27000427246094,232.22999572753906,230.17999267578125,231.8000030517578,,678800,157345842.0715332,,,
2024-10-15,231.66000366210938,231.86000061035156,227.8300018310547,229.52000427246094,,1066900,244874892.55828857,,,
2024-10-16,230.0800018310547,230.25,228.49000549316406,229.44000244140625,,917400,210488258.2397461,,,
2024-10-17,229.7100067138672,229.97000122070312,227.67999267578125,228.83999633789062,,576300,131880489.88952637,,,
2024-10-18,229.6999969482422,231.60000610351562,229.38999938964844,230.44000244140625,,654200,150753849.59716797,,,
2024-10-21,229.8699951171875,230.83999633789062,228.1199951171875,229.47999572753906,,1525500,350071733.48236084,,,
2024-10-22,236.41000366210938,237.72000122070312,231.08999633789062,232.32000732421875,,2155000,500649615.7836914,,,
2024-10-23,235.1199951171875,236.80999755859375,234.08999633789062,234.58999633789062,,1099300,257884782.97424316,,,
2024-10-24,237.1999969482422,238.47999572753906,236.32000732421875,238.3000030517578,,1369300,326304194.178772,,,
2024-10-25,238.88999938964844,240.0800018310547,237.4499969482422,237.69000244140625,,741500,176247136.81030273,,,
2024-10-28,240.82000732421875,240.99000549316406,239.72999572753906,240.27999877929688,,874600,210148886.93237305,,,
2024-10-29,240.5,243.00999450683594,240.0,242.30999755859375,,802300,194405311.04125977,,,
2024-10-30,238.6999969482422,240.55999755859375,237.19000244140625,237.35000610351562,,820800,194816885.00976562,,,
2024-10-31,235.9499969482422,235.9499969482422,231.4499969482422,233.63999938964844,,890500,208056419.45648193,,,
2024-11-01,234.8000030517578,235.55999755859375,233.11000061035156,233.11000061035156,,745700,173830127.45513916,,,
2024-11-04,233.0399932861328,233.4499969482422,231.67999267578125,232.8300018310547,,416600,96996978.76281738,,,
2024-11-05,234.0800018310547,236.1999969482422,234.02000427246094,235.89999389648438,,836200,197259574.89624023,,,
2024-11-06,229.8800048828125,231.6300048828125,228.25999450683594,231.3000030517578,,1821800,421382345.5596924,,,
2024-11-07,236.74000549316406,240.3699951171875,236.69000244140625,240.19000244140625,,839800,201711564.05029297,,,
2024-11-08,239.13999938964844,239.22999572753906,236.74000549316406,237.55999755859375,,706600,167859894.27490234,,,
2024-11-11,237.39999389648438,237.57000732421875,234.6199951171875,235.86000061035156,,856100,201919746.52252197,,,
2024-11-12,235.88999938964844,236.6199951171875,233.13999938964844,234.47000122070312,,888100,208232808.08410645,,,
2024-11-13,231.60000610351562,232.77999877929688,228.42999267578125,230.0,,1488300,342309000.0,,,
2024-11-14,232.1300048828125,234.24000549316406,231.27999877929688,231.39999389648438,,831700,192455374.92370605,,,
2024-11-15,228.89999389648438,229.3699951171875,227.52000427246094,228.30999755859375,,824400,188218761.9873047,,,
2024-11-18,229.6999969482422,231.57000732421875,229.25999450683594,231.3000030517578,,611100,141347431.8649292,,,
2024-11-19,229.99000549316406,233.69000244140625,229.72000122070312,233.1999969482422,,614200,143231438.12561035,,,
2024-11-20,234.11000061035156,235.02999877929688,231.2899932861328,235.02000427246094,,603900,141928580.58013916,,,
2024-11-21,234.5399932861328,236.64999389648438,233.25999450683594,236.02999877929688,,947100,223544011.84387207,,,
2024-11-22,235.74000549316406,236.75999450683594,234.25999450683594,236.25,,750700,177352875.0,,,
2024-11-25,237.1699981689453,237.22999572753906,233.25999450683594,233.80999755859375,,616800,144214006.49414062,,,
2024-11-26,234.41000366210938,235.13999938964844,233.3300018310547,235.05999755859375,,804800,189176286.03515625,,,
2024-11-27,232.4600067138672,233.22999572753906,231.5500030517578,232.02000427246094,,961700,223133638.10882568,,,
2024-11-29,234.3800048828125,237.92999267578125,234.05999755859375,237.60000610351562,,420900,100005842.56896973,,,
2024-12-02,239.72000122070312,242.24000549316406,238.22999572753906,241.58999633789062,,799500,193151202.07214355,,,
2024-12-03,242.30999755859375,245.02000427246094,242.0,243.89999389648438,,788400,192290755.18798828,,,
2024-12-04,249.58999633789062,254.72000122070312,248.6999969482422,253.61000061035156,,895000,226980950.54626465,,,
2024-12-05,255.2899932861328,256.1300048828125,253.82000732421875,255.5399932861328,,825300,210897156.4590454,,,
2024-12-06,254.61000061035156,256.1300048828125,253.72999572753906,254.13999938964844,,843500,214367089.48516846,,,
2024-12-09,254.1999969482422,254.8300018310547,251.86000061035156,252.5399932861328,,728000,183849115.1123047,,,
2024-12-10,253.5800018310547,254.36000061035156,251.3000030517578,251.3300018310547,,532500,133833225.97503662,,,
2024-12-11,246.41000366210938,250.97999572753906,246.27999877929688,249.52999877929688,,1138400,284064950.61035156,,,
2024-12-12,251.02999877929688,254.6999969482422,250.6199951171875,253.6300048828125,,965200,244803680.71289062,,,
2024-12-13,253.1699981689453,253.9499969482422,251.52999877929688,253.3000030517578,,664700,168368512.02850342,,,
2024-12-16,252.61000061035156,253.99000549316406,252.0,252.9600067138672,,1033700,261484758.9401245,,,
2024-12-17,252.0399932861328,252.22999572753906,250.52000427246094,250.97000122070312,,1119000,280835431.3659668,,,
2024-12-18,252.6199951171875,253.5,244.3699951171875,244.4499969482422,,969000,236872047.04284668,,,
2024-12-19,247.42999267578125,248.1699981689453,244.9199981689453,245.69000244140625,,1499200,368338451.66015625,,,
2024-12-20,243.7899932861328,250.27999877929688,243.19000244140625,247.89999389648438,,1647300,408365659.9456787,,,
2024-12-23,246.57000732421875,249.50999450683594,244.72000122070312,248.86000061035156,,980200,243932572.5982666,,,
2024-12-24,248.47000122070312,254.08999633789062,248.3699951171875,253.63999938964844,,722200,183178807.5592041,,,
2024-12-26,253.00999450683594,254.5399932861328,252.22000122070312,253.50999450683594,,721400,182882110.03723145,,,
2024-12-27,249.9600067138672,250.47999572753906,248.19000244140625,250.14999389648438,,1384300,346282636.5509033,,,
2024-12-30,246.8800048828125,250.16000366210938,245.32000732421875,248.8300018310547,,572400,142430293.0480957,,,
2024-12-31,248.8300018310547,250.3000030517578,245.91000366210938,246.2100067138672,,522600,128669349.50866699,,,
2025-01-02,245.33999633789062,246.22999572753906,241.89999389648438,243.1199951171875,,839200,204026299.90234375,,,
2025-01-03,241.99000549316406,243.63999938964844,240.69000244140625,241.39999389648438,,746500,180205095.4437256,,,
2025-01-06,245.1999969482422,248.83999633789062,244.41000366210938,247.0500030517578,,1171000,289295553.5736084,,,
2025-01-07,253.42999267578125,253.4499969482422,248.69000244140625,249.50999450683594,,978600,244170480.62438965,,,
2025-01-08,250.97000122070312,253.85000610351562,250.5800018310547,253.49000549316406,,1349400,342059413.4124756,,,
2025-01-10,253.25,253.82000732421875,250.11000061035156,251.52999877929688,,984800,247706742.79785156,,,
2025-01-13,247.8800048828125,249.66000366210938,247.4199981689453,249.52999877929688,,807900,201595286.01379395,,,
2025-01-14,253.6300048828125,254.77000427246094,252.52999877929688,253.5,,1250700,317052450.0,,,
2025-01-15,260.6099853515625,261.9800109863281,259.8699951171875,261.7900085449219,,1026500,268727443.7713623,,,
2025-01-16,262.1600036621094,262.8699951171875,260.94000244140625,261.5799865722656,,622300,162781225.6439209,,,
2025-01-17,263.29998779296875,264.7099914550781,262.45001220703125,262.8299865722656,,799000,210001159.27124023,,,
2025-01-21,267.0799865722656,269.2900085449219,265.82000732421875,269.2900085449219,,955200,257225816.16210938,,,
2025-01-22,274.739990234375,275.1000061035156,272.2799987792969,273.0,,992900,271061700.0,,,
2025-01-23,271.4200134277344,275.3800048828125,270.4800109863281,275.3699951171875,,1091100,300456201.6723633,,,
2025-01-24,275.25,277.3599853515625,274.8900146484375,276.2900085449219,,870600,240538081.43920898,,,
2025-01-27,273.0400085449219,276.1000061035156,272.1199951171875,275.6000061035156,,1706500,470311410.4156494,,,
2025-01-28,269.94000244140625,274.9700012207031,268.04998779296875,273.7900085449219,,2068800,566416769.6777344,,,
2025-01-29,278.6499938964844,279.1400146484375,275.5299987792969,276.8299865722656,,1677900,464493034.4696045,,,
2025-01-30,276.5,280.5299987792969,276.1499938964844,279.3599853515625,,1084600,302993840.1123047,,,
2025-01-31,278.760009765625,280.3299865722656,276.010009765625,276.05999755859375,,980000,270538797.6074219,,,
2025-02-03,272.05999755859375,274.3699951171875,268.70001220703125,272.55999755859375,,2379100,648447490.1916504,,,
2025-02-04,275.2300109863281,278.1400146484375,275.1199951171875,278.1099853515625,,906600,252134512.71972656,,,
2025-02-05,281.0199890136719,283.4100036621094,280.5799865722656,283.19000244140625,,610600,172915815.49072266,,,
2025-02-06,280.4700012207031,283.8599853515625,280.0299987792969,283.2300109863281,,671900,190302244.38171387,,,
2025-02-07,283.30999755859375,283.8999938964844,279.20001220703125,279.6400146484375,,739000,206653970.8251953,,,
2025-02-10,279.0400085449219,281.3800048828125,278.8900146484375,280.739990234375,,622300,174704495.92285156,,,
2025-02-11,284.4200134277344,289.5299987792969,284.3599853515625,288.8699951171875,,1084500,313279509.70458984,,,
2025-02-12,287.8599853515625,292.29998779296875,286.9200134277344,290.9700012207031,,823900,239730184.0057373,,,
2025-02-13,291.2699890136719,293.70001220703125,289.8900146484375,293.69000244140625,,757400,222440807.8491211,,,
2025-02-14,291.8800048828125,292.0299987792969,289.9200134277344,290.69000244140625,,783900,227871892.91381836,,,
2025-02-18,292.75,292.82000732421875,290.9100036621094,292.67999267578125,,720500,210875934.7229004,,,
2025-02-19,291.1300048828125,291.260009765625,287.239990234375,288.4700012207031,,1081000,311836071.3195801,,,
2025-02-20,289.0199890136719,289.7699890136719,286.3800048828125,287.9200134277344,,679200,195555273.1201172,,,
2025-02-21,288.5199890136719,288.6700134277344,281.7099914550781,282.989990234375,,1105100,312732238.2080078,,,
2025-02-24,287.3999938964844,289.2900085449219,283.5400085449219,284.54998779296875,,1202900,342285180.3161621,,,
2025-02-25,287.2099914550781,289.4700012207031,283.7200012207031,286.94000244140625,,1500300,430496085.6628418,,,
2025-02-26,286.4200134277344,289.6499938964844,284.55999755859375,285.8800048828125,,1270100,363096194.20166016,,,
2025-02-27,283.25,283.42999267578125,274.239990234375,274.6000061035156,,1515800,416238689.251709,,,
2025-02-28,274.510009765625,276.6199951171875,272.9700012207031,275.0,,1382200,380105000.0,,,
2025-03-03,285.4700012207031,287.2799987792969,279.4100036621094,280.6499938964844,,1914200,537220218.3166504,,,
2025-03-04,276.7200012207031,284.0899963378906,272.29998779296875,279.04998779296875,,1688500,471175904.38842773,,,
2025-03-05,283.5799865722656,287.70001220703125,282.6600036621094,286.7300109863281,,1361900,390497601.9622803,,,
2025-03-06,280.010009765625,283.8999938964844,277.4100036621094,279.3399963378906,,1048400,292860052.16064453,,,
2025-03-07,278.20001220703125,279.8500061035156,273.42999267578125,276.79998779296875,,2688100,744066047.1862793,,,
2025-03-10,268.7300109863281,269.3599853515625,259.20001220703125,261.30999755859375,,1790200,467797157.62939453,,,
2025-03-11,262.4200134277344,264.4700012207031,258.8699951171875,260.6700134277344,,1527300,398121311.5081787,,,
2025-03-12,263.9599914550781,265.92999267578125,260.95001220703125,264.1199951171875,,1099200,290320698.6328125,,,
2025-03-13,257.739990234375,258.4599914550781,254.41000366210938,255.19000244140625,,1558800,397790175.80566406,,,
2025-03-14,260.5299987792969,264.6300048828125,259.239990234375,263.8800048828125,,954500,251873464.66064453,,,
2025-03-17,265.9100036621094,270.5400085449219,265.57000732421875,269.54998779296875,,1464200,394675092.12646484,,,
2025-03-18,270.94000244140625,271.32000732421875,265.6499938964844,270.6400146484375,,2154800,583175103.5644531,,,
2025-03-19,267.5899963378906,272.8500061035156,267.1700134277344,271.44000244140625,,1604800,435606915.91796875,,,
2025-03-20,268.8599853515625,272.2699890136719,268.70001220703125,271.69000244140625,,1989700,540581597.857666,,,
2025-03-21,268.7799987792969,272.82000732421875,268.6300048828125,272.5299987792969,,1275100,347503001.44348145,,,
2025-03-24,275.82000732421875,276.9800109863281,274.4200134277344,275.739990234375,,779500,214939322.3876953,,,
2025-03-25,278.7099914550781,280.44000244140625,278.1300048828125,280.2300109863281,,706700,198038548.7640381,,,
2025-03-26,272.6499938964844,273.2300109863281,267.010009765625,268.0,,1270200,340413600.0,,,
2025-03-27,265.25,269.17999267578125,264.79998779296875,268.1499938964844,,598500,160487771.3470459,,,
2025-03-28,268.239990234375,269.2200012207031,266.29998779296875,268.0,,1214700,325539600.0,,,
2025-03-31,263.94000244140625,269.3699951171875,261.8900146484375,268.44000244140625,,1374900,369078159.35668945,,,
2025-04-01,268.4599914550781,271.3699951171875,266.70001220703125,270.3399963378906,,957600,258877580.49316406,,,
2025-04-02,265.4100036621094,272.6000061035156,265.3699951171875,271.4200134277344,,847900,230137029.38537598,,,
2025-04-03,267.6600036621094,268.92999267578125,263.79998779296875,264.3399963378906,,1937300,512105874.9053955,,,
2025-04-04,256.3500061035156,258.1099853515625,248.3699951171875,248.5,,1877800,466633300.0,,,
2025-04-07,240.39999389648438,256.2099914550781,239.6300048828125,241.5399932861328,,4495400,1085818885.8184814,,,
2025-04-08,244.36000061035156,245.8000030517578,234.52000427246094,237.52999877929688,,2450600,582091015.0085449,,,
2025-04-09,238.07000732421875,261.9800109863281,236.1300048828125,259.6099853515625,,2836500,736383723.449707,,,
2025-04-10,258.04998779296875,259.79998779296875,251.0,258.489990234375,,2432700,628828599.2431641,,,
2025-04-11,254.61000061035156,260.7699890136719,252.94000244140625,259.1499938964844,,1627700,421818445.0653076,,,
2025-04-14,260.1499938964844,263.04998779296875,257.3500061035156,259.5299987792969,,1522300,395082517.14172363,,,
2025-04-15,261.4100036621094,263.6400146484375,261.1400146484375,261.9599914550781,,893900,234166036.36169434,,,
2025-04-16,261.80999755859375,264.80999755859375,258.75,260.4800109863281,,1313200,342062350.4272461,,,
2025-04-17,259.42999267578125,259.7300109863281,256.2900085449219,257.3999938964844,,1503700,387052370.82214355,,,
2025-04-21,255.19000244140625,255.61000061035156,247.61000061035156,250.5399932861328,,1653300,414217770.8999634,,,
2025-04-22,247.94000244140625,254.7100067138672,247.85000610351562,252.39999389648438,,2503400,631858144.720459,,,
2025-04-23,273.6300048828125,277.9800109863281,270.260009765625,271.4800109863281,,2814400,764053342.9199219,,,
2025-04-24,270.1499938964844,274.6300048828125,269.8999938964844,273.54998779296875,,1609100,440169285.357666,,,
2025-04-25,276.3999938964844,279.45001220703125,274.3500061035156,277.95001220703125,,1850700,514402087.59155273,,,
2025-04-28,284.7200012207031,286.57000732421875,282.75,285.3500061035156,,1475200,420948329.00390625,,,
2025-04-29,289.6300048828125,293.19000244140625,289.19000244140625,292.54998779296875,,1977100,578400580.8654785,,,
2025-04-30,286.510009765625,292.2799987792969,285.7900085449219,292.19000244140625,,1856300,542392301.5319824,,,
2025-05-01,295.5899963378906,295.5899963378906,288.44000244140625,288.92999267578125,,1340100,387195083.18481445,,,
2025-05-02,300.4599914550781,302.67999267578125,299.1400146484375,301.7200012207031,,2751700,830242927.3590088,,,
